Node	Lon	Lat	Depth	Temp	SedRate	TOC	Q	Hmass	Gmass	G1%	G2%
3025	-77.958	30.042	-824.0	5.77	0.2020	0.075	41.613	0.00	0.00	0	0
3026	-77.875	30.042	-825.0	5.66	0.1930	0.073	41.539	0.00	0.00	0	0
3027	-77.792	30.042	-830.0	5.55	0.1820	0.099	41.509	0.00	0.00	0	0
3028	-77.708	30.042	-828.0	5.49	0.1730	0.099	41.479	0.00	0.00	0	0
3029	-77.625	30.042	-835.0	4.30	0.1640	0.100	43.030	0.00	0.00	0	0
3030	-77.542	30.042	-843.0	4.20	0.1560	0.096	40.710	0.00	0.00	0	0
3031	-77.458	30.042	-852.0	3.81	0.1490	0.105	40.737	0.00	0.00	0	0
3032	-77.375	30.042	-869.0	3.61	0.1520	0.108	42.964	0.00	0.00	0	0
3033	-77.292	30.042	-887.0	3.59	0.1600	0.122	42.771	0.00	0.00	0	0
3034	-77.208	30.042	-905.0	3.21	0.1760	0.123	40.998	0.00	0.00	0	0
3035	-77.125	30.042	-938.0	3.22	0.1790	0.139	41.207	0.00	0.00	0	0
3036	-77.042	30.042	-969.5	3.23	0.1740	0.142	41.198	0.00	0.00	0	0
3037	-76.958	30.042	-1051.5	3.29	0.1650	0.140	41.199	0.00	0.00	0	0
3038	-76.875	30.042	-1165.5	2.95	0.1600	0.142	41.202	0.00	0.00	0	0
3039	-76.792	30.042	-1468.0	2.93	0.1560	0.153	43.212	0.00	0.00	0	0
3040	-76.708	30.042	-1554.0	2.60	0.1490	0.157	43.198	0.00	0.00	0	0
3041	-76.625	30.042	-1533.5	2.55	0.1400	0.161	45.155	0.00	0.00	0	0
3042	-76.542	30.042	-1756.5	2.53	0.1280	0.157	45.208	0.00	0.00	0	0
3043	-76.458	30.042	-1970.0	2.41	0.1110	0.156	45.279	0.00	0.00	0	0
3044	-76.375	30.042	-2019.0	2.39	0.0970	0.154	45.323	0.00	0.00	0	0
3045	-76.292	30.042	-2189.0	2.31	0.0830	0.151	47.771	0.00	0.00	0	0
3046	-76.208	30.042	-2388.5	2.31	0.0730	0.150	47.705	0.00	0.00	0	0
3047	-76.125	30.042	-2638.0	2.28	0.0630	0.150	47.648	0.00	0.00	0	0
3048	-76.042	30.042	-5024.0	2.28	0.0560	0.150	47.618	0.00	0.00	0	0
3049	-75.958	30.042	-5048.0	2.28	0.0460	0.391	47.475	0.00	0.00	0	0
3050	-75.875	30.042	-5003.0	2.40	0.0420	0.514	47.337	0.00	0.00	0	0
3051	-75.792	30.042	-4864.0	2.30	0.0400	0.359	47.243	0.00	0.00	0	0
3052	-75.708	30.042	-4775.5	2.30	0.0400	0.360	47.232	0.00	0.00	0	0
3053	-75.625	30.042	-4683.0	2.30	0.0390	0.501	47.295	0.00	0.00	0	0
3054	-75.542	30.042	-4587.0	2.29	0.0400	0.543	47.550	0.00	0.00	0	0
3055	-75.458	30.042	-4481.5	2.29	0.0410	0.577	47.956	0.00	0.00	0	0
3056	-75.375	30.042	-4530.0	2.29	0.0430	0.575	48.080	0.00	0.00	0	0
3057	-75.292	30.042	-4540.5	2.29	0.0450	0.578	48.101	0.00	0.00	0	0
3058	-75.208	30.042	-4560.0	2.26	0.0450	0.581	47.857	0.00	0.00	0	0
3059	-75.125	30.042	-4538.0	2.27	0.0450	0.541	48.777	0.00	0.00	0	0
3060	-75.042	30.042	-4539.5	2.26	0.0450	0.539	47.526	0.00	0.00	0	0
3061	-74.958	30.042	-4528.0	2.26	0.0450	0.542	48.159	0.00	0.00	0	0
3062	-74.875	30.042	-4517.0	2.25	0.0460	0.499	49.662	0.00	0.00	0	0
3063	-74.792	30.042	-4508.0	2.25	0.0470	0.466	49.221	0.00	0.00	0	0
3064	-74.708	30.042	-4496.0	2.25	0.0490	0.468	49.246	0.00	0.00	0	0
3065	-74.625	30.042	-4489.0	2.27	0.0490	0.520	49.280	0.00	0.00	0	0
3066	-74.542	30.042	-4479.0	2.27	0.0500	0.419	49.342	0.00	0.00	0	0
3067	-74.458	30.042	-4475.5	2.26	0.0510	0.419	49.394	0.00	0.00	0	0
3068	-74.375	30.042	-4461.0	2.27	0.0510	0.459	49.461	0.00	0.00	0	0
3069	-74.292	30.042	-4449.0	2.27	0.0510	0.580	49.540	0.00	0.00	0	0
3070	-74.208	30.042	-4431.0	2.26	0.0520	0.561	49.726	0.00	0.00	0	0
3071	-74.125	30.042	-4394.0	2.27	0.0530	0.502	49.847	0.00	0.00	0	0
3072	-74.042	30.042	-4330.5	2.27	0.0540	0.519	49.932	0.00	0.00	0	0
3073	-73.958	30.042	-4284.0	2.26	0.0550	0.385	50.029	0.00	0.00	0	0
3074	-73.875	30.042	-4237.5	2.28	0.0560	0.384	50.571	0.00	0.00	0	0
3075	-73.792	30.042	-4204.0	2.29	0.0580	0.431	50.526	0.00	0.00	0	0
3076	-73.708	30.042	-4148.5	2.27	0.0580	0.347	49.899	0.00	0.00	0	0
3077	-73.625	30.042	-4043.5	2.29	0.0590	0.418	49.613	0.00	0.00	0	0
3078	-73.542	30.042	-4062.0	2.29	0.0590	0.419	49.371	0.00	0.00	0	0
3079	-73.458	30.042	-4300.5	2.28	0.0580	0.419	49.044	0.00	0.00	0	0
3080	-73.375	30.042	-4613.0	2.28	0.0560	0.420	49.272	0.00	0.00	0	0
3081	-73.292	30.042	-4787.0	2.28	0.0540	0.585	49.088	0.00	0.00	0	0
3082	-73.208	30.042	-4904.5	2.28	0.0510	0.402	48.986	0.00	0.00	0	0
3083	-73.125	30.042	-4917.0	2.28	0.0480	0.448	48.659	0.00	0.00	0	0
3084	-73.042	30.042	-4944.0	2.28	0.0460	0.589	48.386	0.00	0.00	0	0
3085	-72.958	30.042	-4980.0	2.28	0.0440	0.644	48.087	0.00	0.00	0	0
3086	-72.875	30.042	-5011.0	2.28	0.0420	0.691	47.853	0.00	0.00	0	0
3087	-72.792	30.042	-5075.0	2.28	0.0410	0.690	47.423	0.00	0.00	0	0
3088	-72.708	30.042	-5133.0	2.27	0.0390	0.699	47.443	0.00	0.00	0	0
3089	-72.625	30.042	-5184.0	2.27	0.0380	0.643	47.332	0.00	0.00	0	0
3090	-72.542	30.042	-5210.0	2.27	0.0370	0.685	47.419	0.00	0.00	0	0
3091	-72.458	30.042	-5288.0	2.23	0.0370	0.724	47.404	0.00	0.00	0	0
3092	-72.375	30.042	-5325.5	2.25	0.0360	0.744	47.539	0.00	0.00	0	0
3093	-72.292	30.042	-5366.0	2.20	0.0350	0.729	47.632	0.00	0.00	0	0
3094	-72.208	30.042	-5407.0	2.22	0.0340	0.699	47.625	0.00	0.00	0	0
3095	-72.125	30.042	-5442.0	2.20	0.0340	0.701	47.755	0.00	0.00	0	0
3096	-72.042	30.042	-5390.0	2.19	0.0330	0.701	47.858	0.00	0.00	0	0
3097	-71.958	30.042	-5393.0	2.19	0.0320	0.628	47.960	0.00	0.00	0	0
3098	-71.875	30.042	-5387.0	2.19	0.0310	0.731	47.875	0.00	0.00	0	0
3099	-71.792	30.042	-5403.0	2.18	0.0310	0.763	47.994	0.00	0.00	0	0
3100	-71.708	30.042	-5409.0	2.17	0.0300	0.762	48.961	0.00	0.00	0	0
3101	-71.625	30.042	-5424.0	2.17	0.0300	0.704	49.998	0.00	0.00	0	0
3102	-71.542	30.042	-5466.0	2.17	0.0290	0.695	49.375	0.00	0.00	0	0
3103	-71.458	30.042	-5420.0	2.15	0.0290	0.756	49.368	0.00	0.00	0	0
3104	-71.375	30.042	-5406.0	2.15	0.0290	0.735	49.820	0.00	0.00	0	0
3105	-71.292	30.042	-5423.0	2.16	0.0290	0.745	50.280	0.00	0.00	0	0
3106	-71.208	30.042	-5423.0	2.14	0.0290	0.744	50.373	0.00	0.00	0	0
3107	-71.125	30.042	-5428.0	2.14	0.0280	0.710	50.388	0.00	0.00	0	0
3108	-71.042	30.042	-5430.0	2.15	0.0270	0.743	50.419	0.00	0.00	0	0
3109	-77.958	30.125	-819.0	5.69	0.2070	0.073	41.594	0.00	0.00	0	0
3110	-77.875	30.125	-821.0	5.60	0.2020	0.073	41.568	0.00	0.00	0	0
3111	-77.792	30.125	-826.0	5.49	0.1920	0.099	41.540	0.00	0.00	0	0
3112	-77.708	30.125	-829.0	5.48	0.1860	0.094	41.511	0.00	0.00	0	0
3113	-77.625	30.125	-843.0	4.29	0.1770	0.094	43.064	0.00	0.00	0	0
3114	-77.542	30.125	-854.0	4.22	0.1710	0.097	40.728	0.00	0.00	0	0
3115	-77.458	30.125	-858.0	4.09	0.1650	0.103	41.432	0.00	0.00	0	0
3116	-77.375	30.125	-867.0	3.62	0.1630	0.105	39.978	0.00	0.00	0	0
3117	-77.292	30.125	-883.0	3.60	0.1640	0.124	42.782	0.00	0.00	0	0
3118	-77.208	30.125	-939.5	3.29	0.1720	0.130	42.859	0.00	0.00	0	0
3119	-77.125	30.125	-993.0	3.23	0.1740	0.141	41.243	0.00	0.00	0	0
3120	-77.042	30.125	-1080.5	3.24	0.1680	0.137	41.252	0.00	0.00	0	0
3121	-76.958	30.125	-1221.0	3.28	0.1590	0.139	41.219	0.00	0.00	0	0
3122	-76.875	30.125	-1857.0	2.93	0.1550	0.143	41.215	0.00	0.00	0	0
3123	-76.792	30.125	-2740.5	2.92	0.1500	0.151	43.221	0.00	0.00	0	0
3124	-76.708	30.125	-2931.5	2.59	0.1470	0.153	43.211	0.00	0.00	0	0
3125	-76.625	30.125	-2723.0	2.56	0.1380	0.153	45.237	0.00	0.00	0	0
3126	-76.542	30.125	-2300.5	2.54	0.1340	0.156	45.222	0.00	0.00	0	0
3127	-76.458	30.125	-2199.5	2.43	0.1190	0.151	47.802	0.00	0.00	0	0
3128	-76.375	30.125	-2277.0	2.41	0.1080	0.151	47.802	0.00	0.00	0	0
3129	-76.292	30.125	-2312.5	2.40	0.0960	0.150	47.779	0.00	0.00	0	0
3130	-76.208	30.125	-2406.0	2.40	0.0860	0.149	47.731	0.00	0.00	0	0
3131	-76.125	30.125	-2634.5	2.28	0.0760	0.150	47.693	0.00	0.00	0	0
3132	-76.042	30.125	-4828.5	2.28	0.0580	0.150	47.572	0.00	0.00	0	0
3133	-75.958	30.125	-5027.0	2.37	0.0480	0.363	47.408	0.00	0.00	0	0
3134	-75.875	30.125	-4906.0	2.30	0.0430	0.358	47.242	0.00	0.00	0	0
3135	-75.792	30.125	-4794.0	2.30	0.0420	0.296	47.112	0.00	0.00	0	0
3136	-75.708	30.125	-4718.0	2.34	0.0410	0.552	47.050	0.00	0.00	0	0
3137	-75.625	30.125	-4645.5	2.29	0.0410	0.463	47.064	0.00	0.00	0	0
3138	-75.542	30.125	-4529.0	2.29	0.0420	0.536	47.224	0.00	0.00	0	0
3139	-75.458	30.125	-4477.0	2.29	0.0430	0.576	47.443	0.00	0.00	0	0
3140	-75.375	30.125	-4517.0	2.29	0.0440	0.575	47.779	0.00	0.00	0	0
3141	-75.292	30.125	-4528.0	2.29	0.0450	0.538	47.876	0.00	0.00	0	0
3142	-75.208	30.125	-4547.0	2.26	0.0450	0.545	47.855	0.00	0.00	0	0
3143	-75.125	30.125	-4543.0	2.27	0.0450	0.584	48.755	0.00	0.00	0	0
3144	-75.042	30.125	-4531.0	2.26	0.0450	0.583	47.494	0.00	0.00	0	0
3145	-74.958	30.125	-4522.0	2.26	0.0460	0.592	47.602	0.00	0.00	0	0
3146	-74.875	30.125	-4502.0	2.25	0.0470	0.575	49.191	0.00	0.00	0	0
3147	-74.792	30.125	-4486.0	2.26	0.0490	0.411	49.227	0.00	0.00	0	0
3148	-74.708	30.125	-4474.0	2.27	0.0500	0.410	49.207	0.00	0.00	0	0
3149	-74.625	30.125	-4460.0	2.27	0.0510	0.519	49.279	0.00	0.00	0	0
3150	-74.542	30.125	-4452.0	2.27	0.0510	0.517	49.330	0.00	0.00	0	0
3151	-74.458	30.125	-4438.0	2.27	0.0520	0.517	49.384	0.00	0.00	0	0
3152	-74.375	30.125	-4420.5	2.27	0.0520	0.459	49.454	0.00	0.00	0	0
3153	-74.292	30.125	-4400.0	2.27	0.0530	0.580	49.543	0.00	0.00	0	0
3154	-74.208	30.125	-4372.0	2.26	0.0530	0.502	49.655	0.00	0.00	0	0
3155	-74.125	30.125	-4344.0	2.27	0.0540	0.520	49.914	0.00	0.00	0	0
3156	-74.042	30.125	-4297.0	2.28	0.0550	0.521	50.125	0.00	0.00	0	0
3157	-73.958	30.125	-4288.0	2.28	0.0560	0.383	50.180	0.00	0.00	0	0
3158	-73.875	30.125	-4263.0	2.28	0.0570	0.431	50.790	0.00	0.00	0	0
3159	-73.792	30.125	-4190.0	2.29	0.0570	0.421	50.875	0.00	0.00	0	0
3160	-73.708	30.125	-4042.5	2.27	0.0580	0.344	50.795	0.00	0.00	0	0
3161	-73.625	30.125	-3923.0	2.29	0.0580	0.418	50.135	0.00	0.00	0	0
3162	-73.542	30.125	-4292.5	2.29	0.0570	0.419	49.910	0.00	0.00	0	0
3163	-73.458	30.125	-4574.5	2.28	0.0560	0.420	49.595	0.00	0.00	0	0
3164	-73.375	30.125	-4763.5	2.28	0.0540	0.420	49.404	0.00	0.00	0	0
3165	-73.292	30.125	-4877.0	2.28	0.0520	0.422	49.233	0.00	0.00	0	0
3166	-73.208	30.125	-4936.0	2.28	0.0500	0.448	49.139	0.00	0.00	0	0
3167	-73.125	30.125	-4932.0	2.28	0.0470	0.588	48.828	0.00	0.00	0	0
3168	-73.042	30.125	-4955.0	2.28	0.0450	0.596	48.568	0.00	0.00	0	0
3169	-72.958	30.125	-4994.0	2.28	0.0430	0.644	48.281	0.00	0.00	0	0
3170	-72.875	30.125	-5054.0	2.28	0.0420	0.689	48.093	0.00	0.00	0	0
3171	-72.792	30.125	-5101.0	2.28	0.0400	0.690	47.712	0.00	0.00	0	0
3172	-72.708	30.125	-5163.0	2.27	0.0390	0.699	47.545	0.00	0.00	0	0
3173	-72.625	30.125	-5202.0	2.28	0.0380	0.680	47.687	0.00	0.00	0	0
3174	-72.542	30.125	-5243.0	2.27	0.0380	0.667	47.746	0.00	0.00	0	0
3175	-72.458	30.125	-5313.0	2.25	0.0370	0.628	47.712	0.00	0.00	0	0
3176	-72.375	30.125	-5339.5	2.25	0.0360	0.698	47.816	0.00	0.00	0	0
3177	-72.292	30.125	-5389.0	2.23	0.0360	0.743	47.912	0.00	0.00	0	0
3178	-72.208	30.125	-5438.0	2.22	0.0350	0.742	47.898	0.00	0.00	0	0
3179	-72.125	30.125	-5465.0	2.20	0.0340	0.745	48.012	0.00	0.00	0	0
3180	-72.042	30.125	-5397.0	2.19	0.0330	0.745	47.994	0.00	0.00	0	0
3181	-71.958	30.125	-5395.0	2.19	0.0330	0.674	48.002	0.00	0.00	0	0
3182	-71.875	30.125	-5422.0	2.19	0.0320	0.683	47.999	0.00	0.00	0	0
3183	-71.792	30.125	-5409.0	2.19	0.0310	0.755	48.077	0.00	0.00	0	0
3184	-71.708	30.125	-5409.5	2.17	0.0310	0.696	48.150	0.00	0.00	0	0
3185	-71.625	30.125	-5453.0	2.17	0.0300	0.710	49.004	0.00	0.00	0	0
3186	-71.542	30.125	-5437.0	2.17	0.0290	0.702	50.040	0.00	0.00	0	0
3187	-71.458	30.125	-5405.0	2.15	0.0280	0.722	49.389	0.00	0.00	0	0
3188	-71.375	30.125	-5422.0	2.15	0.0280	0.756	49.379	0.00	0.00	0	0
3189	-71.292	30.125	-5417.5	2.16	0.0280	0.650	50.208	0.00	0.00	0	0
3190	-71.208	30.125	-5462.5	2.16	0.0260	0.755	50.303	0.00	0.00	0	0
3191	-71.125	30.125	-5464.0	2.16	0.0250	0.757	50.359	0.00	0.00	0	0
3192	-71.042	30.125	-5452.0	2.14	0.0240	0.661	50.404	0.00	0.00	0	0
3193	-77.958	30.208	-813.0	5.61	0.2090	0.066	41.622	0.00	0.00	0	0
3194	-77.875	30.208	-817.0	5.51	0.2050	0.098	41.600	0.00	0.00	0	0
3195	-77.792	30.208	-822.0	5.41	0.2010	0.098	41.572	0.00	0.00	0	0
3196	-77.708	30.208	-834.0	5.35	0.1950	0.095	41.861	0.00	0.00	0	0
3197	-77.625	30.208	-842.0	4.26	0.1900	0.095	43.104	0.00	0.00	0	0
3198	-77.542	30.208	-853.0	4.22	0.1840	0.101	43.389	0.00	0.00	0	0
3199	-77.458	30.208	-861.0	4.05	0.1790	0.110	41.458	0.00	0.00	0	0
3200	-77.375	30.208	-883.0	3.62	0.1750	0.119	40.000	0.00	0.00	0	0
3201	-77.292	30.208	-913.0	3.63	0.1760	0.125	42.794	0.00	0.00	0	0
3202	-77.208	30.208	-970.0	3.30	0.1730	0.129	44.187	0.00	0.00	0	0
3203	-77.125	30.208	-1070.0	3.24	0.1730	0.141	42.366	0.00	0.00	0	0
3204	-77.042	30.208	-1253.0	3.08	0.1620	0.149	41.259	0.00	0.00	0	0
3205	-76.958	30.208	-1955.0	2.98	0.1510	0.140	43.018	0.00	0.00	0	0
3206	-76.875	30.208	-2607.5	2.92	0.1410	0.150	41.228	0.00	0.00	0	0
3207	-76.792	30.208	-3148.5	2.59	0.1360	0.151	43.217	0.00	0.00	0	0
3208	-76.708	30.208	-3438.5	2.56	0.1310	0.152	45.185	0.00	0.00	0	0
3209	-76.625	30.208	-3512.0	2.55	0.1290	0.152	45.171	0.00	0.00	0	0
3210	-76.542	30.208	-3787.0	2.43	0.1240	0.150	47.769	0.00	0.00	0	0
3211	-76.458	30.208	-3957.5	2.44	0.1200	0.151	47.771	0.00	0.00	0	0
3212	-76.375	30.208	-2836.5	2.43	0.1090	0.151	47.762	0.00	0.00	0	0
3213	-76.292	30.208	-2715.0	2.42	0.1010	0.150	47.728	0.00	0.00	0	0
3214	-76.208	30.208	-2900.5	2.42	0.0920	0.150	47.684	0.00	0.00	0	0
3215	-76.125	30.208	-4880.0	2.42	0.0790	0.150	47.616	0.00	0.00	0	0
3216	-76.042	30.208	-4880.0	2.36	0.0610	0.169	47.488	0.00	0.00	0	0
3217	-75.958	30.208	-4789.5	2.40	0.0500	0.391	47.338	0.00	0.00	0	0
3218	-75.875	30.208	-4743.0	2.40	0.0450	0.514	47.172	0.00	0.00	0	0
3219	-75.792	30.208	-4695.0	2.30	0.0430	0.372	47.054	0.00	0.00	0	0
3220	-75.708	30.208	-4631.0	2.34	0.0420	0.436	46.918	0.00	0.00	0	0
3221	-75.625	30.208	-4510.0	2.29	0.0430	0.540	46.847	0.00	0.00	0	0
3222	-75.542	30.208	-4472.0	2.29	0.0430	0.478	47.010	0.00	0.00	0	0
3223	-75.458	30.208	-4459.0	2.29	0.0440	0.534	47.062	0.00	0.00	0	0
3224	-75.375	30.208	-4495.0	2.29	0.0440	0.537	47.414	0.00	0.00	0	0
3225	-75.292	30.208	-4502.5	2.29	0.0440	0.538	48.571	0.00	0.00	0	0
3226	-75.208	30.208	-4479.0	2.26	0.0450	0.623	48.597	0.00	0.00	0	0
3227	-75.125	30.208	-4450.0	2.27	0.0450	0.592	48.696	0.00	0.00	0	0
3228	-75.042	30.208	-4430.0	2.26	0.0460	0.486	47.457	0.00	0.00	0	0
3229	-74.958	30.208	-4454.0	2.27	0.0480	0.560	47.573	0.00	0.00	0	0
3230	-74.875	30.208	-4476.0	2.26	0.0490	0.561	47.693	0.00	0.00	0	0
3231	-74.792	30.208	-4495.5	2.27	0.0510	0.493	49.210	0.00	0.00	0	0
3232	-74.708	30.208	-4503.0	2.28	0.0520	0.492	49.228	0.00	0.00	0	0
3233	-74.625	30.208	-4492.0	2.27	0.0520	0.409	49.293	0.00	0.00	0	0
3234	-74.542	30.208	-4447.0	2.27	0.0530	0.409	49.296	0.00	0.00	0	0
3235	-74.458	30.208	-4413.0	2.27	0.0540	0.408	49.364	0.00	0.00	0	0
3236	-74.375	30.208	-4390.5	2.27	0.0540	0.452	49.438	0.00	0.00	0	0
3237	-74.292	30.208	-4372.0	2.27	0.0540	0.454	49.528	0.00	0.00	0	0
3238	-74.208	30.208	-4356.0	2.27	0.0540	0.473	49.638	0.00	0.00	0	0
3239	-74.125	30.208	-4339.0	2.28	0.0550	0.442	49.809	0.00	0.00	0	0
3240	-74.042	30.208	-4291.0	2.28	0.0560	0.464	50.037	0.00	0.00	0	0
3241	-73.958	30.208	-4254.0	2.28	0.0570	0.382	50.380	0.00	0.00	0	0
3242	-73.875	30.208	-4086.0	2.29	0.0580	0.378	50.607	0.00	0.00	0	0
3243	-73.792	30.208	-3946.0	2.29	0.0580	0.416	50.737	0.00	0.00	0	0
3244	-73.708	30.208	-3878.0	2.29	0.0570	0.343	51.256	0.00	0.00	0	0
3245	-73.625	30.208	-4279.0	2.29	0.0570	0.417	50.688	0.00	0.00	0	0
3246	-73.542	30.208	-4542.5	2.29	0.0560	0.419	50.525	0.00	0.00	0	0
3247	-73.458	30.208	-4738.0	2.28	0.0540	0.420	50.099	0.00	0.00	0	0
3248	-73.375	30.208	-4852.0	2.29	0.0530	0.421	49.414	0.00	0.00	0	0
3249	-73.292	30.208	-4941.5	2.29	0.0510	0.432	49.253	0.00	0.00	0	0
3250	-73.208	30.208	-4958.0	2.28	0.0480	0.433	49.040	0.00	0.00	0	0
3251	-73.125	30.208	-4968.0	2.28	0.0460	0.587	49.009	0.00	0.00	0	0
3252	-73.042	30.208	-4999.0	2.28	0.0450	0.598	48.742	0.00	0.00	0	0
3253	-72.958	30.208	-5042.0	2.28	0.0430	0.641	48.494	0.00	0.00	0	0
3254	-72.875	30.208	-5091.0	2.28	0.0420	0.688	48.303	0.00	0.00	0	0
3255	-72.792	30.208	-5143.5	2.28	0.0400	0.700	48.034	0.00	0.00	0	0
3256	-72.708	30.208	-5188.0	2.27	0.0390	0.691	47.856	0.00	0.00	0	0
3257	-72.625	30.208	-5244.0	2.28	0.0380	0.659	47.810	0.00	0.00	0	0
3258	-72.542	30.208	-5274.0	2.27	0.0380	0.597	48.041	0.00	0.00	0	0
3259	-72.458	30.208	-5336.0	2.26	0.0370	0.620	48.014	0.00	0.00	0	0
3260	-72.375	30.208	-5356.0	2.26	0.0370	0.739	48.106	0.00	0.00	0	0
3261	-72.292	30.208	-5390.0	2.23	0.0360	0.739	48.117	0.00	0.00	0	0
3262	-72.208	30.208	-5391.0	2.20	0.0350	0.739	48.167	0.00	0.00	0	0
3263	-72.125	30.208	-5381.0	2.23	0.0350	0.690	48.221	0.00	0.00	0	0
3264	-72.042	30.208	-5395.0	2.19	0.0340	0.688	48.147	0.00	0.00	0	0
3265	-71.958	30.208	-5398.5	2.19	0.0330	0.549	48.236	0.00	0.00	0	0
3266	-71.875	30.208	-5437.0	2.19	0.0330	0.727	48.172	0.00	0.00	0	0
3267	-71.792	30.208	-5404.0	2.18	0.0320	0.721	48.193	0.00	0.00	0	0
3268	-71.708	30.208	-5414.0	2.17	0.0310	0.730	48.241	0.00	0.00	0	0
3269	-71.625	30.208	-5459.0	2.17	0.0300	0.680	48.316	0.00	0.00	0	0
3270	-71.542	30.208	-5415.0	2.17	0.0290	0.692	49.049	0.00	0.00	0	0
3271	-71.458	30.208	-5426.0	2.17	0.0270	0.730	50.076	0.00	0.00	0	0
3272	-71.375	30.208	-5439.0	2.16	0.0260	0.698	49.334	0.00	0.00	0	0
3273	-71.292	30.208	-5440.0	2.16	0.0250	0.724	49.818	0.00	0.00	0	0
3274	-71.208	30.208	-5434.0	2.16	0.0230	0.641	50.254	0.00	0.00	0	0
3275	-71.125	30.208	-5406.0	2.16	0.0220	0.747	50.325	0.00	0.00	0	0
3276	-71.042	30.208	-5401.0	2.14	0.0220	0.741	50.382	0.00	0.00	0	0
3277	-77.958	30.292	-812.0	5.34	0.2110	0.065	41.693	0.00	0.00	0	0
3278	-77.875	30.292	-816.5	5.42	0.2080	0.091	41.635	0.00	0.00	0	0
3279	-77.792	30.292	-825.0	5.35	0.2050	0.092	41.604	0.00	0.00	0	0
3280	-77.708	30.292	-827.0	5.23	0.2010	0.093	43.141	0.00	0.00	0	0
3281	-77.625	30.292	-840.0	4.22	0.1980	0.094	43.146	0.00	0.00	0	0
3282	-77.542	30.292	-852.0	4.21	0.1930	0.101	43.426	0.00	0.00	0	0
3283	-77.458	30.292	-872.0	3.62	0.1890	0.116	41.489	0.00	0.00	0	0
3284	-77.375	30.292	-896.0	3.63	0.1850	0.150	42.758	0.00	0.00	0	0
3285	-77.292	30.292	-934.0	3.66	0.1810	0.126	42.807	0.00	0.00	0	0
3286	-77.208	30.292	-1054.0	3.32	0.1730	0.142	44.191	0.00	0.00	0	0
3287	-77.125	30.292	-1204.5	3.35	0.1670	0.142	42.370	0.00	0.00	0	0
3288	-77.042	30.292	-1783.0	2.99	0.1520	0.150	41.278	0.00	0.00	0	0
3289	-76.958	30.292	-2698.0	3.27	0.1380	0.149	43.026	0.00	0.00	0	0
3290	-76.875	30.292	-2946.0	2.60	0.1280	0.153	42.990	0.00	0.00	0	0
3291	-76.792	30.292	-3139.0	2.57	0.1190	0.151	42.679	0.00	0.00	0	0
3292	-76.708	30.292	-3234.0	2.56	0.1140	0.153	45.861	0.00	0.00	0	0
3293	-76.625	30.292	-3352.0	2.55	0.1110	0.151	45.167	0.00	0.00	0	0
3294	-76.542	30.292	-3551.5	2.57	0.1120	0.151	47.735	0.00	0.00	0	0
3295	-76.458	30.292	-3830.0	2.57	0.1070	0.150	47.727	0.00	0.00	0	0
3296	-76.375	30.292	-4179.5	2.56	0.1020	0.150	47.704	0.00	0.00	0	0
3297	-76.292	30.292	-4422.0	2.56	0.0940	0.150	47.665	0.00	0.00	0	0
3298	-76.208	30.292	-4513.5	2.54	0.0850	0.150	47.626	0.00	0.00	0	0
3299	-76.125	30.292	-4444.0	2.54	0.0720	0.247	47.529	0.00	0.00	0	0
3300	-76.042	30.292	-4494.0	2.58	0.0600	0.340	47.408	0.00	0.00	0	0
3301	-75.958	30.292	-4541.0	2.57	0.0520	0.365	47.371	0.00	0.00	0	0
3302	-75.875	30.292	-4562.5	2.58	0.0470	0.295	47.237	0.00	0.00	0	0
3303	-75.792	30.292	-4539.0	2.30	0.0440	0.465	47.148	0.00	0.00	0	0
3304	-75.708	30.292	-4451.0	2.34	0.0440	0.553	46.915	0.00	0.00	0	0
3305	-75.625	30.292	-4419.0	2.29	0.0440	0.540	46.770	0.00	0.00	0	0
3306	-75.542	30.292	-4423.0	2.29	0.0440	0.533	46.689	0.00	0.00	0	0
3307	-75.458	30.292	-4401.0	2.28	0.0440	0.623	46.817	0.00	0.00	0	0
3308	-75.375	30.292	-4407.0	2.29	0.0440	0.583	48.068	0.00	0.00	0	0
3309	-75.292	30.292	-4399.0	2.29	0.0440	0.487	48.238	0.00	0.00	0	0
3310	-75.208	30.292	-4368.0	2.29	0.0450	0.486	48.470	0.00	0.00	0	0
3311	-75.125	30.292	-4343.0	2.26	0.0470	0.561	47.956	0.00	0.00	0	0
3312	-75.042	30.292	-4331.0	2.26	0.0490	0.562	48.086	0.00	0.00	0	0
3313	-74.958	30.292	-4364.0	2.26	0.0510	0.562	47.541	0.00	0.00	0	0
3314	-74.875	30.292	-4365.0	2.28	0.0530	0.520	47.668	0.00	0.00	0	0
3315	-74.792	30.292	-4367.0	2.27	0.0540	0.519	49.144	0.00	0.00	0	0
3316	-74.708	30.292	-4398.0	2.27	0.0540	0.457	49.202	0.00	0.00	0	0
3317	-74.625	30.292	-4412.0	2.27	0.0550	0.455	49.243	0.00	0.00	0	0
3318	-74.542	30.292	-4424.0	2.27	0.0560	0.330	49.374	0.00	0.00	0	0
3319	-74.458	30.292	-4408.0	2.27	0.0560	0.455	49.343	0.00	0.00	0	0
3320	-74.375	30.292	-4369.0	2.27	0.0560	0.330	49.414	0.00	0.00	0	0
3321	-74.292	30.292	-4332.5	2.28	0.0560	0.574	49.521	0.00	0.00	0	0
3322	-74.208	30.292	-4295.5	2.28	0.0560	0.369	49.629	0.00	0.00	0	0
3323	-74.125	30.292	-4226.0	2.28	0.0570	0.517	49.911	0.00	0.00	0	0
3324	-74.042	30.292	-4097.0	2.28	0.0590	0.459	50.251	0.00	0.00	0	0
3325	-73.958	30.292	-3981.0	2.28	0.0600	0.428	50.446	0.00	0.00	0	0
3326	-73.875	30.292	-3864.0	2.29	0.0590	0.426	50.641	0.00	0.00	0	0
3327	-73.792	30.292	-3860.5	2.29	0.0580	0.386	50.885	0.00	0.00	0	0
3328	-73.708	30.292	-4244.0	2.29	0.0570	0.415	51.244	0.00	0.00	0	0
3329	-73.625	30.292	-4499.0	2.29	0.0560	0.418	51.393	0.00	0.00	0	0
3330	-73.542	30.292	-4717.0	2.30	0.0550	0.419	51.242	0.00	0.00	0	0
3331	-73.458	30.292	-4827.5	2.29	0.0530	0.420	50.869	0.00	0.00	0	0
3332	-73.375	30.292	-4950.0	2.29	0.0510	0.475	49.610	0.00	0.00	0	0
3333	-73.292	30.292	-4995.0	2.29	0.0490	0.448	49.426	0.00	0.00	0	0
3334	-73.208	30.292	-4999.0	2.28	0.0470	0.433	49.211	0.00	0.00	0	0
3335	-73.125	30.292	-5020.0	2.27	0.0460	0.587	48.982	0.00	0.00	0	0
3336	-73.042	30.292	-5064.0	2.27	0.0440	0.596	48.942	0.00	0.00	0	0
3337	-72.958	30.292	-5105.5	2.28	0.0420	0.714	48.731	0.00	0.00	0	0
3338	-72.875	30.292	-5168.0	2.27	0.0410	0.713	48.499	0.00	0.00	0	0
3339	-72.792	30.292	-5203.5	2.27	0.0400	0.699	48.285	0.00	0.00	0	0
3340	-72.708	30.292	-5226.0	2.28	0.0390	0.699	48.156	0.00	0.00	0	0
3341	-72.625	30.292	-5286.5	2.26	0.0390	0.683	48.121	0.00	0.00	0	0
3342	-72.542	30.292	-5324.0	2.27	0.0380	0.613	48.087	0.00	0.00	0	0
3343	-72.458	30.292	-5366.0	2.27	0.0380	0.682	48.091	0.00	0.00	0	0
3344	-72.375	30.292	-5370.0	2.26	0.0370	0.679	48.101	0.00	0.00	0	0
3345	-72.292	30.292	-5391.5	2.26	0.0370	0.608	48.346	0.00	0.00	0	0
3346	-72.208	30.292	-5386.0	2.23	0.0360	0.657	48.367	0.00	0.00	0	0
3347	-72.125	30.292	-5385.0	2.25	0.0350	0.672	48.357	0.00	0.00	0	0
3348	-72.042	30.292	-5401.0	2.24	0.0340	0.642	48.322	0.00	0.00	0	0
3349	-71.958	30.292	-5400.0	2.19	0.0340	0.656	48.326	0.00	0.00	0	0
3350	-71.875	30.292	-5401.0	2.19	0.0330	0.639	48.313	0.00	0.00	0	0
3351	-71.792	30.292	-5420.0	2.18	0.0320	0.651	48.324	0.00	0.00	0	0
3352	-71.708	30.292	-5456.0	2.18	0.0310	0.601	48.357	0.00	0.00	0	0
3353	-71.625	30.292	-5430.5	2.17	0.0300	0.675	48.428	0.00	0.00	0	0
3354	-71.542	30.292	-5411.0	2.17	0.0280	0.678	48.498	0.00	0.00	0	0
3355	-71.458	30.292	-5401.0	2.17	0.0260	0.617	50.075	0.00	0.00	0	0
3356	-71.375	30.292	-5395.0	2.18	0.0240	0.733	50.058	0.00	0.00	0	0
3357	-71.292	30.292	-5396.0	2.16	0.0220	0.733	49.384	0.00	0.00	0	0
3358	-71.208	30.292	-5412.5	2.16	0.0200	0.734	50.199	0.00	0.00	0	0
3359	-71.125	30.292	-5421.0	2.16	0.0190	0.735	50.274	0.00	0.00	0	0
3360	-71.042	30.292	-5417.0	2.16	0.0190	0.744	50.357	0.00	0.00	0	0
3361	-77.958	30.375	-810.0	5.29	0.2110	0.067	41.729	0.00	0.00	0	0
3362	-77.875	30.375	-817.0	5.42	0.2090	0.092	41.670	0.00	0.00	0	0
3363	-77.792	30.375	-821.0	4.48	0.2070	0.092	41.641	0.00	0.00	0	0
3364	-77.708	30.375	-829.0	4.38	0.2060	0.081	41.538	0.00	0.00	0	0
3365	-77.625	30.375	-838.0	4.33	0.2020	0.114	43.466	0.00	0.00	0	0
3366	-77.542	30.375	-855.0	3.64	0.1980	0.118	43.468	0.00	0.00	0	0
3367	-77.458	30.375	-874.0	3.53	0.1930	0.128	41.525	0.00	0.00	0	0
3368	-77.375	30.375	-914.0	3.47	0.1870	0.142	42.797	0.00	0.00	0	0
3369	-77.292	30.375	-1006.0	3.61	0.1790	0.124	42.843	0.00	0.00	0	0
3370	-77.208	30.375	-1154.0	3.33	0.1700	0.148	44.207	0.00	0.00	0	0
3371	-77.125	30.375	-1484.0	3.29	0.1560	0.138	42.377	0.00	0.00	0	0
3372	-77.042	30.375	-2298.5	2.94	0.1420	0.140	42.394	0.00	0.00	0	0
3373	-76.958	30.375	-2806.0	2.93	0.1280	0.142	43.038	0.00	0.00	0	0
3374	-76.875	30.375	-2951.0	2.59	0.1170	0.154	43.003	0.00	0.00	0	0
3375	-76.792	30.375	-3003.0	2.57	0.1080	0.153	42.624	0.00	0.00	0	0
3376	-76.708	30.375	-3114.0	2.57	0.1000	0.153	45.868	0.00	0.00	0	0
3377	-76.625	30.375	-3305.0	2.89	0.0960	0.151	47.721	0.00	0.00	0	0
3378	-76.542	30.375	-3546.0	2.76	0.0950	0.150	47.699	0.00	0.00	0	0
3379	-76.458	30.375	-3738.0	2.76	0.0920	0.150	47.683	0.00	0.00	0	0
3380	-76.375	30.375	-3912.0	2.76	0.0870	0.150	47.655	0.00	0.00	0	0
3381	-76.292	30.375	-4040.0	2.85	0.0840	0.155	47.615	0.00	0.00	0	0
3382	-76.208	30.375	-4122.0	2.85	0.0760	0.150	47.546	0.00	0.00	0	0
3383	-76.125	30.375	-4211.0	2.58	0.0680	0.225	47.546	0.00	0.00	0	0
3384	-76.042	30.375	-4318.5	2.59	0.0600	0.243	47.442	0.00	0.00	0	0
3385	-75.958	30.375	-4370.0	2.59	0.0520	0.393	47.344	0.00	0.00	0	0
3386	-75.875	30.375	-4377.0	2.58	0.0480	0.387	47.260	0.00	0.00	0	0
3387	-75.792	30.375	-4350.0	2.57	0.0460	0.495	47.193	0.00	0.00	0	0
3388	-75.708	30.375	-4335.0	2.34	0.0450	0.544	47.050	0.00	0.00	0	0
3389	-75.625	30.375	-4337.0	2.29	0.0440	0.584	46.846	0.00	0.00	0	0
3390	-75.542	30.375	-4321.5	2.29	0.0440	0.714	46.543	0.00	0.00	0	0
3391	-75.458	30.375	-4283.0	2.28	0.0450	0.710	46.998	0.00	0.00	0	0
3392	-75.375	30.375	-4269.5	2.29	0.0450	0.638	47.346	0.00	0.00	0	0
3393	-75.292	30.375	-4258.0	2.29	0.0450	0.638	47.485	0.00	0.00	0	0
3394	-75.208	30.375	-4231.0	2.29	0.0480	0.472	47.518	0.00	0.00	0	0
3395	-75.125	30.375	-4223.0	2.29	0.0510	0.472	47.896	0.00	0.00	0	0
3396	-75.042	30.375	-4230.0	2.27	0.0530	0.474	48.028	0.00	0.00	0	0
3397	-74.958	30.375	-4174.0	2.27	0.0560	0.473	47.390	0.00	0.00	0	0
3398	-74.875	30.375	-4146.0	2.28	0.0570	0.473	47.628	0.00	0.00	0	0
3399	-74.792	30.375	-4138.5	2.27	0.0580	0.474	49.141	0.00	0.00	0	0
3400	-74.708	30.375	-4151.5	2.27	0.0580	0.472	49.155	0.00	0.00	0	0
3401	-74.625	30.375	-4179.0	2.27	0.0580	0.406	49.214	0.00	0.00	0	0
3402	-74.542	30.375	-4200.0	2.27	0.0590	0.412	49.304	0.00	0.00	0	0
3403	-74.458	30.375	-4249.5	2.28	0.0590	0.460	49.346	0.00	0.00	0	0
3404	-74.375	30.375	-4212.5	2.28	0.0590	0.408	49.389	0.00	0.00	0	0
3405	-74.292	30.375	-4142.0	2.28	0.0590	0.454	49.498	0.00	0.00	0	0
3406	-74.208	30.375	-4067.5	2.28	0.0600	0.445	49.537	0.00	0.00	0	0
3407	-74.125	30.375	-3951.0	2.28	0.0610	0.429	49.782	0.00	0.00	0	0
3408	-74.042	30.375	-3891.0	2.28	0.0620	0.447	49.972	0.00	0.00	0	0
3409	-73.958	30.375	-3794.0	2.28	0.0620	0.371	50.415	0.00	0.00	0	0
3410	-73.875	30.375	-3911.5	2.29	0.0610	0.455	50.639	0.00	0.00	0	0
3411	-73.792	30.375	-4227.5	2.29	0.0590	0.415	51.011	0.00	0.00	0	0
3412	-73.708	30.375	-4478.5	2.29	0.0570	0.442	51.486	0.00	0.00	0	0
3413	-73.625	30.375	-4698.5	2.29	0.0550	0.500	51.836	0.00	0.00	0	0
3414	-73.542	30.375	-4816.0	2.29	0.0530	0.430	52.018	0.00	0.00	0	0
3415	-73.458	30.375	-4943.5	2.30	0.0510	0.417	52.109	0.00	0.00	0	0
3416	-73.375	30.375	-5013.0	2.29	0.0500	0.431	51.035	0.00	0.00	0	0
3417	-73.292	30.375	-5038.0	2.29	0.0480	0.448	49.652	0.00	0.00	0	0
3418	-73.208	30.375	-5046.0	2.29	0.0460	0.433	49.441	0.00	0.00	0	0
3419	-73.125	30.375	-5076.0	2.28	0.0440	0.590	49.197	0.00	0.00	0	0
3420	-73.042	30.375	-5126.0	2.27	0.0430	0.450	49.202	0.00	0.00	0	0
3421	-72.958	30.375	-5172.0	2.27	0.0420	0.713	48.957	0.00	0.00	0	0
3422	-72.875	30.375	-5222.0	2.27	0.0410	0.555	48.755	0.00	0.00	0	0
3423	-72.792	30.375	-5263.0	2.27	0.0400	0.700	48.575	0.00	0.00	0	0
3424	-72.708	30.375	-5292.0	2.27	0.0390	0.713	48.448	0.00	0.00	0	0
3425	-72.625	30.375	-5325.0	2.27	0.0390	0.727	48.390	0.00	0.00	0	0
3426	-72.542	30.375	-5355.0	2.26	0.0390	0.607	48.310	0.00	0.00	0	0
3427	-72.458	30.375	-5380.0	2.26	0.0380	0.608	48.328	0.00	0.00	0	0
3428	-72.375	30.375	-5378.0	2.26	0.0380	0.656	48.342	0.00	0.00	0	0
3429	-72.292	30.375	-5397.0	2.26	0.0370	0.580	48.339	0.00	0.00	0	0
3430	-72.208	30.375	-5390.0	2.25	0.0360	0.571	48.554	0.00	0.00	0	0
3431	-72.125	30.375	-5399.5	2.21	0.0360	0.579	48.517	0.00	0.00	0	0
3432	-72.042	30.375	-5425.0	2.24	0.0350	0.616	48.203	0.00	0.00	0	0
3433	-71.958	30.375	-5439.0	2.19	0.0340	0.495	48.467	0.00	0.00	0	0
3434	-71.875	30.375	-5430.0	2.19	0.0340	0.501	48.460	0.00	0.00	0	0
3435	-71.792	30.375	-5416.0	2.18	0.0330	0.588	48.475	0.00	0.00	0	0
3436	-71.708	30.375	-5426.0	2.18	0.0310	0.598	48.489	0.00	0.00	0	0
3437	-71.625	30.375	-5403.0	2.17	0.0300	0.586	48.535	0.00	0.00	0	0
3438	-71.542	30.375	-5401.5	2.17	0.0270	0.674	48.562	0.00	0.00	0	0
3439	-71.458	30.375	-5420.0	2.17	0.0240	0.612	48.584	0.00	0.00	0	0
3440	-71.375	30.375	-5416.0	2.16	0.0220	0.614	50.175	0.00	0.00	0	0
3441	-71.292	30.375	-5420.0	2.16	0.0200	0.669	50.211	0.00	0.00	0	0
3442	-71.208	30.375	-5431.0	2.16	0.0180	0.734	50.261	0.00	0.00	0	0
3443	-71.125	30.375	-5412.0	2.17	0.0170	0.692	50.348	0.00	0.00	0	0
3444	-71.042	30.375	-5405.0	2.16	0.0170	0.696	50.421	0.00	0.00	0	0
3445	-77.958	30.458	-825.0	5.30	0.2110	0.065	41.769	0.00	0.00	0	0
3446	-77.875	30.458	-820.0	5.22	0.2090	0.062	41.748	0.00	0.00	0	0
3447	-77.792	30.458	-820.0	4.48	0.2080	0.081	42.020	0.00	0.00	0	0
3448	-77.708	30.458	-827.0	4.35	0.2070	0.080	41.600	0.00	0.00	0	0
3449	-77.625	30.458	-841.0	4.25	0.2050	0.087	43.536	0.00	0.00	0	0
3450	-77.542	30.458	-861.0	3.57	0.2000	0.070	44.756	0.00	0.00	0	0
3451	-77.458	30.458	-892.0	3.42	0.1930	0.128	41.288	0.00	0.00	0	0
3452	-77.375	30.458	-962.0	3.22	0.1850	0.138	42.827	0.00	0.00	0	0
3453	-77.292	30.458	-1073.0	3.26	0.1750	0.146	42.880	0.00	0.00	0	0
3454	-77.208	30.458	-1308.0	3.35	0.1620	0.149	44.215	0.00	0.00	0	0
3455	-77.125	30.458	-1875.0	3.29	0.1480	0.148	44.186	0.00	0.00	0	0
3456	-77.042	30.458	-2634.0	2.94	0.1340	0.149	42.397	0.00	0.00	0	0
3457	-76.958	30.458	-2818.0	2.93	0.1210	0.151	44.157	0.00	0.00	0	0
3458	-76.875	30.458	-2888.5	2.92	0.1100	0.153	43.033	0.00	0.00	0	0
3459	-76.792	30.458	-2962.0	2.92	0.1000	0.153	43.005	0.00	0.00	0	0
3460	-76.708	30.458	-3109.5	2.90	0.0920	0.152	45.880	0.00	0.00	0	0
3461	-76.625	30.458	-3309.0	2.90	0.0870	0.151	47.689	0.00	0.00	0	0
3462	-76.542	30.458	-3531.5	2.78	0.0850	0.150	47.668	0.00	0.00	0	0
3463	-76.458	30.458	-3668.0	2.77	0.0820	0.149	47.646	0.00	0.00	0	0
3464	-76.375	30.458	-3808.5	2.61	0.0790	0.149	47.605	0.00	0.00	0	0
3465	-76.292	30.458	-3896.5	2.61	0.0760	0.150	47.655	0.00	0.00	0	0
3466	-76.208	30.458	-3951.0	2.43	0.0700	0.150	47.589	0.00	0.00	0	0
3467	-76.125	30.458	-4024.5	2.58	0.0650	0.240	47.495	0.00	0.00	0	0
3468	-76.042	30.458	-4143.0	2.58	0.0580	0.243	47.327	0.00	0.00	0	0
3469	-75.958	30.458	-4216.0	2.57	0.0540	0.395	47.265	0.00	0.00	0	0
3470	-75.875	30.458	-4232.5	2.34	0.0490	0.391	47.217	0.00	0.00	0	0
3471	-75.792	30.458	-4205.0	2.34	0.0480	0.393	47.155	0.00	0.00	0	0
3472	-75.708	30.458	-4185.0	2.30	0.0480	0.580	47.134	0.00	0.00	0	0
3473	-75.625	30.458	-4174.5	2.29	0.0470	0.712	46.907	0.00	0.00	0	0
3474	-75.542	30.458	-4149.5	2.29	0.0450	0.713	46.571	0.00	0.00	0	0
3475	-75.458	30.458	-4107.0	2.28	0.0450	0.714	45.802	0.00	0.00	0	0
3476	-75.375	30.458	-4092.0	2.28	0.0480	0.637	47.310	0.00	0.00	0	0
3477	-75.292	30.458	-4095.0	2.29	0.0490	0.507	47.444	0.00	0.00	0	0
3478	-75.208	30.458	-4094.0	2.29	0.0520	0.471	47.464	0.00	0.00	0	0
3479	-75.125	30.458	-4079.0	2.29	0.0560	0.472	47.842	0.00	0.00	0	0
3480	-75.042	30.458	-4005.5	2.27	0.0580	0.508	47.971	0.00	0.00	0	0
3481	-74.958	30.458	-3948.5	2.28	0.0600	0.474	47.348	0.00	0.00	0	0
3482	-74.875	30.458	-3907.0	2.28	0.0610	0.474	47.476	0.00	0.00	0	0
3483	-74.792	30.458	-3893.5	2.27	0.0620	0.473	49.091	0.00	0.00	0	0
3484	-74.708	30.458	-3895.0	2.27	0.0630	0.471	49.168	0.00	0.00	0	0
3485	-74.625	30.458	-3919.0	2.28	0.0630	0.507	49.204	0.00	0.00	0	0
3486	-74.542	30.458	-3955.0	2.28	0.0630	0.472	50.709	0.00	0.00	0	0
3487	-74.458	30.458	-3993.5	2.28	0.0630	0.410	49.385	0.00	0.00	0	0
3488	-74.375	30.458	-4014.0	2.28	0.0620	0.408	49.362	0.00	0.00	0	0
3489	-74.292	30.458	-3977.0	2.28	0.0620	0.405	49.532	0.00	0.00	0	0
3490	-74.208	30.458	-3883.0	2.28	0.0620	0.440	49.474	0.00	0.00	0	0
3491	-74.125	30.458	-3792.5	2.28	0.0630	0.413	49.900	0.00	0.00	0	0
3492	-74.042	30.458	-3714.0	2.28	0.0640	0.558	49.951	0.00	0.00	0	0
3493	-73.958	30.458	-3946.0	2.28	0.0640	0.508	50.391	0.00	0.00	0	0
3494	-73.875	30.458	-4216.5	2.29	0.0610	0.450	50.577	0.00	0.00	0	0
3495	-73.792	30.458	-4460.0	2.29	0.0590	0.428	50.998	0.00	0.00	0	0
3496	-73.708	30.458	-4668.0	2.29	0.0560	0.470	51.470	0.00	0.00	0	0
3497	-73.625	30.458	-4822.0	2.29	0.0540	0.499	52.146	0.00	0.00	0	0
3498	-73.542	30.458	-4931.0	2.29	0.0520	0.419	52.596	0.00	0.00	0	0
3499	-73.458	30.458	-5019.0	2.29	0.0500	0.428	52.978	0.00	0.00	0	0
3500	-73.375	30.458	-5062.0	2.29	0.0480	0.433	52.361	0.00	0.00	0	0
3501	-73.292	30.458	-5071.0	2.29	0.0460	0.447	49.852	0.00	0.00	0	0
3502	-73.208	30.458	-5083.0	2.29	0.0450	0.449	49.676	0.00	0.00	0	0
3503	-73.125	30.458	-5135.0	2.27	0.0430	0.401	49.466	0.00	0.00	0	0
3504	-73.042	30.458	-5178.0	2.27	0.0420	0.689	49.172	0.00	0.00	0	0
3505	-72.958	30.458	-5227.0	2.27	0.0410	0.700	49.245	0.00	0.00	0	0
3506	-72.875	30.458	-5243.0	2.28	0.0400	0.700	49.056	0.00	0.00	0	0
3507	-72.792	30.458	-5274.0	2.27	0.0390	0.700	48.889	0.00	0.00	0	0
3508	-72.708	30.458	-5323.5	2.28	0.0390	0.700	48.774	0.00	0.00	0	0
3509	-72.625	30.458	-5414.0	2.28	0.0390	0.604	48.649	0.00	0.00	0	0
3510	-72.542	30.458	-5449.5	2.26	0.0380	0.723	48.613	0.00	0.00	0	0
3511	-72.458	30.458	-5401.0	2.27	0.0380	0.602	48.569	0.00	0.00	0	0
3512	-72.375	30.458	-5384.0	2.27	0.0380	0.580	48.547	0.00	0.00	0	0
3513	-72.292	30.458	-5406.0	2.25	0.0370	0.541	48.529	0.00	0.00	0	0
3514	-72.208	30.458	-5418.0	2.22	0.0370	0.488	48.365	0.00	0.00	0	0
3515	-72.125	30.458	-5405.0	2.21	0.0360	0.493	48.332	0.00	0.00	0	0
3516	-72.042	30.458	-5383.0	2.20	0.0360	0.562	48.285	0.00	0.00	0	0
3517	-71.958	30.458	-5382.0	2.20	0.0350	0.537	48.268	0.00	0.00	0	0
3518	-71.875	30.458	-5386.0	2.18	0.0340	0.574	48.613	0.00	0.00	0	0
3519	-71.792	30.458	-5439.0	2.18	0.0340	0.576	48.613	0.00	0.00	0	0
3520	-71.708	30.458	-5420.0	2.17	0.0320	0.593	48.631	0.00	0.00	0	0
3521	-71.625	30.458	-5413.0	2.17	0.0300	0.584	48.651	0.00	0.00	0	0
3522	-71.542	30.458	-5417.0	2.17	0.0270	0.668	48.662	0.00	0.00	0	0
3523	-71.458	30.458	-5418.0	2.15	0.0240	0.599	48.691	0.00	0.00	0	0
3524	-71.375	30.458	-5412.0	2.15	0.0200	0.677	50.208	0.00	0.00	0	0
3525	-71.292	30.458	-5416.0	2.17	0.0190	0.627	50.243	0.00	0.00	0	0
3526	-71.208	30.458	-5420.0	2.17	0.0170	0.637	50.275	0.00	0.00	0	0
3527	-71.125	30.458	-5407.0	2.17	0.0160	0.627	50.237	0.00	0.00	0	0
3528	-71.042	30.458	-5399.0	2.17	0.0170	0.699	50.319	0.00	0.00	0	0
3529	-77.958	30.542	-839.0	5.31	0.2110	0.063	41.828	0.00	0.00	0	0
3530	-77.875	30.542	-833.0	4.55	0.2090	0.068	41.804	0.00	0.00	0	0
3531	-77.792	30.542	-830.0	4.46	0.2080	0.069	42.101	0.00	0.00	0	0
3532	-77.708	30.542	-841.0	4.36	0.2070	0.107	42.338	0.00	0.19	0	0
3533	-77.625	30.542	-857.0	4.24	0.2050	0.107	44.855	0.00	0.00	0	0
3534	-77.542	30.542	-881.0	4.02	0.1980	0.113	44.761	0.00	0.00	0	0
3535	-77.458	30.542	-939.5	3.19	0.1890	0.135	44.878	0.00	0.00	0	0
3536	-77.375	30.542	-1027.5	3.23	0.1810	0.138	42.840	0.00	0.00	0	0
3537	-77.292	30.542	-1197.0	3.24	0.1700	0.142	42.889	0.00	0.00	0	0
3538	-77.208	30.542	-1594.0	3.36	0.1570	0.149	44.181	0.00	0.00	0	0
3539	-77.125	30.542	-2329.0	3.29	0.1430	0.151	44.199	0.00	0.00	0	0
3540	-77.042	30.542	-2716.0	3.29	0.1310	0.151	44.205	0.00	0.00	0	0
3541	-76.958	30.542	-2808.5	3.11	0.1190	0.150	44.162	0.00	0.00	0	0
3542	-76.875	30.542	-2876.0	2.94	0.1060	0.152	44.565	0.00	0.00	0	0
3543	-76.792	30.542	-2940.0	2.92	0.0950	0.151	43.013	0.00	0.00	0	0
3544	-76.708	30.542	-3055.5	2.92	0.0860	0.150	47.796	0.00	0.00	0	0
3545	-76.625	30.542	-3301.0	2.77	0.0820	0.150	47.782	0.00	0.00	0	0
3546	-76.542	30.542	-3494.5	2.62	0.0800	0.150	47.752	0.00	0.00	0	0
3547	-76.458	30.542	-3604.0	2.61	0.0780	0.150	47.717	0.00	0.00	0	0
3548	-76.375	30.542	-3721.0	2.62	0.0740	0.149	47.671	0.00	0.00	0	0
3549	-76.292	30.542	-3809.0	2.61	0.0710	0.400	47.612	0.00	0.00	0	0
3550	-76.208	30.542	-3857.0	2.42	0.0670	0.405	47.429	0.00	0.00	0	0
3551	-76.125	30.542	-3863.5	2.42	0.0630	0.475	47.377	0.00	0.00	0	0
3552	-76.042	30.542	-3932.0	2.34	0.0600	0.395	47.332	0.00	0.00	0	0
3553	-75.958	30.542	-4011.5	2.34	0.0560	0.491	47.299	0.00	0.00	0	0
3554	-75.875	30.542	-4082.5	2.34	0.0540	0.391	47.260	0.00	0.00	0	0
3555	-75.792	30.542	-4055.0	2.34	0.0520	0.493	47.202	0.00	0.00	0	0
3556	-75.708	30.542	-4020.5	2.30	0.0520	0.714	47.101	0.00	0.00	0	0
3557	-75.625	30.542	-4003.0	2.29	0.0500	0.527	46.977	0.00	0.00	0	0
3558	-75.542	30.542	-3996.0	2.28	0.0480	0.677	46.510	0.00	0.00	0	0
3559	-75.458	30.542	-3988.0	2.23	0.0480	0.510	45.000	0.00	0.00	0	0
3560	-75.375	30.542	-3970.5	2.28	0.0510	0.509	47.304	0.00	0.00	0	0
3561	-75.292	30.542	-3981.5	2.29	0.0540	0.508	47.429	0.00	0.00	0	0
3562	-75.208	30.542	-3896.5	2.29	0.0580	0.563	47.433	0.00	0.00	0	0
3563	-75.125	30.542	-3776.0	2.29	0.0610	0.560	47.595	0.00	0.00	0	0
3564	-75.042	30.542	-3682.0	2.30	0.0630	0.472	47.198	0.00	0.00	0	0
3565	-74.958	30.542	-3597.5	2.27	0.0640	0.507	47.302	0.00	0.00	0	0
3566	-74.875	30.542	-3539.5	2.28	0.0650	0.507	47.419	0.00	0.00	0	0
3567	-74.792	30.542	-3522.5	2.28	0.0670	0.508	48.659	0.00	0.00	0	0
3568	-74.708	30.542	-3536.0	2.28	0.0680	0.407	49.127	0.00	0.00	0	0
3569	-74.625	30.542	-3575.0	2.28	0.0680	0.406	49.187	0.00	0.00	0	0
3570	-74.542	30.542	-3619.0	2.28	0.0670	0.409	49.162	0.00	0.00	0	0
3571	-74.458	30.542	-3642.5	2.30	0.0650	0.505	49.000	0.00	0.00	0	0
3572	-74.375	30.542	-3664.5	2.29	0.0640	0.504	49.205	0.00	0.00	0	0
3573	-74.292	30.542	-3720.5	2.28	0.0640	0.501	49.331	0.00	0.00	0	0
3574	-74.208	30.542	-3684.0	2.28	0.0640	0.540	49.443	0.00	0.00	0	0
3575	-74.125	30.542	-3667.5	2.28	0.0640	0.531	49.706	0.00	0.00	0	0
3576	-74.042	30.542	-3928.5	2.28	0.0640	0.528	49.903	0.00	0.00	0	0
3577	-73.958	30.542	-4219.0	2.28	0.0630	0.452	50.340	0.00	0.00	0	0
3578	-73.875	30.542	-4436.0	2.29	0.0600	0.530	50.559	0.00	0.00	0	0
3579	-73.792	30.542	-4627.0	2.29	0.0570	0.470	50.936	0.00	0.00	0	0
3580	-73.708	30.542	-4805.0	2.29	0.0540	0.469	51.430	0.00	0.00	0	0
3581	-73.625	30.542	-4929.0	2.29	0.0520	0.489	52.209	0.00	0.00	0	0
3582	-73.542	30.542	-5019.0	2.30	0.0500	0.387	53.106	0.00	0.00	0	0
3583	-73.458	30.542	-5068.0	2.32	0.0480	0.430	56.000	0.00	0.00	0	0
3584	-73.375	30.542	-5083.0	2.30	0.0460	0.402	53.696	0.00	0.00	0	0
3585	-73.292	30.542	-5093.0	2.29	0.0450	0.473	50.871	0.00	0.00	0	0
3586	-73.208	30.542	-5136.5	2.28	0.0430	0.402	49.954	0.00	0.00	0	0
3587	-73.125	30.542	-5177.0	2.28	0.0420	0.643	49.757	0.00	0.00	0	0
3588	-73.042	30.542	-5227.0	2.27	0.0410	0.642	49.587	0.00	0.00	0	0
3589	-72.958	30.542	-5257.0	2.28	0.0400	0.639	49.308	0.00	0.00	0	0
3590	-72.875	30.542	-5270.0	2.28	0.0390	0.547	49.366	0.00	0.00	0	0
3591	-72.792	30.542	-5318.0	2.28	0.0390	0.642	49.270	0.00	0.00	0	0
3592	-72.708	30.542	-5342.0	2.27	0.0380	0.639	49.074	0.00	0.00	0	0
3593	-72.625	30.542	-5399.0	2.27	0.0380	0.600	48.947	0.00	0.00	0	0
3594	-72.542	30.542	-5410.0	2.27	0.0380	0.594	48.864	0.00	0.00	0	0
3595	-72.458	30.542	-5401.0	2.27	0.0380	0.594	48.812	0.00	0.00	0	0
3596	-72.375	30.542	-5386.0	2.27	0.0380	0.627	48.792	0.00	0.00	0	0
3597	-72.292	30.542	-5388.0	2.25	0.0370	0.494	48.624	0.00	0.00	0	0
3598	-72.208	30.542	-5370.0	2.22	0.0370	0.481	48.596	0.00	0.00	0	0
3599	-72.125	30.542	-5387.0	2.21	0.0370	0.578	48.577	0.00	0.00	0	0
3600	-72.042	30.542	-5408.0	2.21	0.0360	0.596	48.480	0.00	0.00	0	0
3601	-71.958	30.542	-5419.0	2.20	0.0360	0.493	48.457	0.00	0.00	0	0
3602	-71.875	30.542	-5452.5	2.20	0.0350	0.488	48.435	0.00	0.00	0	0
3603	-71.792	30.542	-5439.0	2.18	0.0350	0.595	48.403	0.00	0.00	0	0
3604	-71.708	30.542	-5402.0	2.17	0.0340	0.579	48.791	0.00	0.00	0	0
3605	-71.625	30.542	-5427.0	2.17	0.0320	0.589	48.784	0.00	0.00	0	0
3606	-71.542	30.542	-5408.0	2.17	0.0280	0.584	48.780	0.00	0.00	0	0
3607	-71.458	30.542	-5419.0	2.14	0.0230	0.577	48.832	0.00	0.00	0	0
3608	-71.375	30.542	-5412.0	2.17	0.0200	0.615	50.250	0.00	0.00	0	0
3609	-71.292	30.542	-5411.0	2.17	0.0190	0.653	50.282	0.00	0.00	0	0
3610	-71.208	30.542	-5410.0	2.17	0.0180	0.680	50.315	0.00	0.00	0	0
3611	-71.125	30.542	-5404.0	2.17	0.0180	0.686	50.221	0.00	0.00	0	0
3612	-71.042	30.542	-5393.0	2.15	0.0190	0.664	50.309	0.00	0.00	0	0
3613	-77.958	30.625	-888.0	5.39	0.2100	0.065	41.897	0.00	0.00	0	0
3614	-77.875	30.625	-851.0	4.59	0.2070	0.059	41.875	0.00	0.00	0	0
3615	-77.792	30.625	-846.0	4.50	0.2050	0.058	42.180	0.00	0.00	0	0
3616	-77.708	30.625	-852.0	4.37	0.2040	0.105	42.955	0.00	0.58	0	0
3617	-77.625	30.625	-879.0	4.25	0.1990	0.112	44.903	0.00	0.60	0	0
3618	-77.542	30.625	-909.0	4.02	0.1920	0.123	44.804	0.00	0.00	0	0
3619	-77.458	30.625	-973.0	3.42	0.1830	0.126	44.805	0.00	0.00	0	0
3620	-77.375	30.625	-1079.0	3.23	0.1740	0.140	44.578	0.00	0.00	0	0
3621	-77.292	30.625	-1351.0	3.25	0.1620	0.150	44.599	0.00	0.00	0	0
3622	-77.208	30.625	-1908.5	3.37	0.1510	0.149	44.185	0.00	0.00	0	0
3623	-77.125	30.625	-2472.5	3.30	0.1420	0.148	44.199	0.00	0.00	0	0
3624	-77.042	30.625	-2711.0	2.97	0.1300	0.150	44.209	0.00	0.00	0	0
3625	-76.958	30.625	-2789.0	2.95	0.1180	0.150	45.690	0.00	0.00	0	0
3626	-76.875	30.625	-2873.0	2.95	0.1050	0.152	44.532	0.00	0.00	0	0
3627	-76.792	30.625	-2943.0	2.94	0.0930	0.151	44.556	0.00	0.00	0	0
3628	-76.708	30.625	-3071.0	2.93	0.0850	0.150	47.678	0.00	0.00	0	0
3629	-76.625	30.625	-3254.0	2.79	0.0810	0.150	47.661	0.00	0.00	0	0
3630	-76.542	30.625	-3413.0	2.82	0.0790	0.149	47.619	0.00	0.00	0	0
3631	-76.458	30.625	-3531.0	2.80	0.0760	0.150	47.581	0.00	0.00	0	0
3632	-76.375	30.625	-3647.5	2.79	0.0720	0.149	47.526	0.00	0.00	0	0
3633	-76.292	30.625	-3738.5	2.42	0.0690	0.415	47.476	0.00	0.00	0	0
3634	-76.208	30.625	-3786.0	2.30	0.0670	0.568	47.426	0.00	0.00	0	0
3635	-76.125	30.625	-3809.0	2.35	0.0630	0.634	47.395	0.00	0.00	0	0
3636	-76.042	30.625	-3808.0	2.35	0.0610	0.558	47.359	0.00	0.00	0	0
3637	-75.958	30.625	-3810.5	2.34	0.0600	0.624	47.335	0.00	0.00	0	0
3638	-75.875	30.625	-3822.0	2.31	0.0580	0.621	47.298	0.00	0.00	0	0
3639	-75.792	30.625	-3851.5	2.31	0.0570	0.622	47.254	0.00	0.00	0	0
3640	-75.708	30.625	-3851.5	2.30	0.0550	0.734	47.158	0.00	0.00	0	0
3641	-75.625	30.625	-3834.0	2.30	0.0530	0.698	47.045	0.00	0.00	0	0
3642	-75.542	30.625	-3787.5	2.29	0.0520	0.546	46.700	0.00	0.00	0	0
3643	-75.458	30.625	-3714.0	2.27	0.0530	0.527	46.177	0.00	0.00	0	0
3644	-75.375	30.625	-3653.0	2.28	0.0550	0.674	47.311	0.00	0.00	0	0
3645	-75.292	30.625	-3635.0	2.29	0.0590	0.508	47.428	0.00	0.00	0	0
3646	-75.208	30.625	-3599.0	2.29	0.0630	0.507	47.426	0.00	0.00	0	0
3647	-75.125	30.625	-3576.0	2.29	0.0650	0.506	47.570	0.00	0.00	0	0
3648	-75.042	30.625	-3565.0	2.30	0.0680	0.558	47.171	0.00	0.00	0	0
3649	-74.958	30.625	-3560.0	2.27	0.0690	0.557	47.257	0.00	0.00	0	0
3650	-74.875	30.625	-3544.5	2.27	0.0690	0.556	47.361	0.00	0.00	0	0
3651	-74.792	30.625	-3531.0	2.28	0.0690	0.559	47.480	0.00	0.00	0	0
3652	-74.708	30.625	-3502.0	2.28	0.0710	0.401	48.884	0.00	0.00	0	0
3653	-74.625	30.625	-3467.5	2.28	0.0710	0.404	48.862	0.00	0.00	0	0
3654	-74.542	30.625	-3426.5	2.28	0.0700	0.403	49.095	0.00	0.00	0	0
3655	-74.458	30.625	-3403.0	2.28	0.0680	0.406	49.175	0.00	0.00	0	0
3656	-74.375	30.625	-3409.5	2.28	0.0660	0.544	49.144	0.00	0.00	0	0
3657	-74.292	30.625	-3485.5	2.28	0.0640	0.590	49.295	0.00	0.00	0	0
3658	-74.208	30.625	-3622.0	2.28	0.0630	0.533	49.385	0.00	0.00	0	0
3659	-74.125	30.625	-3934.5	2.28	0.0620	0.532	49.636	0.00	0.00	0	0
3660	-74.042	30.625	-4179.0	2.28	0.0610	0.531	49.831	0.00	0.00	0	0
3661	-73.958	30.625	-4405.5	2.28	0.0600	0.493	50.254	0.00	0.00	0	0
3662	-73.875	30.625	-4595.5	2.28	0.0570	0.651	50.458	0.00	0.00	0	0
3663	-73.792	30.625	-4788.0	2.29	0.0540	0.487	50.792	0.00	0.00	0	0
3664	-73.708	30.625	-4915.0	2.29	0.0510	0.485	51.213	0.00	0.00	0	0
3665	-73.625	30.625	-5029.0	2.29	0.0490	0.403	51.768	0.00	0.00	0	0
3666	-73.542	30.625	-5078.0	2.29	0.0470	0.400	52.504	0.00	0.00	0	0
3667	-73.458	30.625	-5094.0	2.29	0.0460	0.431	53.459	0.00	0.00	0	0
3668	-73.375	30.625	-5100.0	2.29	0.0440	0.402	53.670	0.00	0.00	0	0
3669	-73.292	30.625	-5133.0	2.28	0.0430	0.409	50.952	0.00	0.00	0	0
3670	-73.208	30.625	-5182.0	2.28	0.0420	0.595	50.934	0.00	0.00	0	0
3671	-73.125	30.625	-5222.0	2.28	0.0400	0.401	50.013	0.00	0.00	0	0
3672	-73.042	30.625	-5253.0	2.28	0.0390	0.639	49.937	0.00	0.00	0	0
3673	-72.958	30.625	-5277.0	2.28	0.0390	0.545	49.650	0.00	0.00	0	0
3674	-72.875	30.625	-5334.0	2.28	0.0380	0.597	49.398	0.00	0.00	0	0
3675	-72.792	30.625	-5357.5	2.28	0.0380	0.594	49.287	0.00	0.00	0	0
3676	-72.708	30.625	-5362.5	2.27	0.0380	0.596	49.398	0.00	0.00	0	0
3677	-72.625	30.625	-5346.0	2.27	0.0380	0.598	49.241	0.00	0.00	0	0
3678	-72.542	30.625	-5349.0	2.27	0.0380	0.643	49.127	0.00	0.00	0	0
3679	-72.458	30.625	-5360.0	2.27	0.0380	0.591	49.085	0.00	0.00	0	0
3680	-72.375	30.625	-5392.0	2.25	0.0380	0.589	48.880	0.00	0.00	0	0
3681	-72.292	30.625	-5408.0	2.22	0.0380	0.495	48.849	0.00	0.00	0	0
3682	-72.208	30.625	-5432.5	2.21	0.0370	0.426	48.816	0.00	0.00	0	0
3683	-72.125	30.625	-5437.0	2.21	0.0370	0.557	48.742	0.00	0.00	0	0
3684	-72.042	30.625	-5410.0	2.20	0.0370	0.538	48.657	0.00	0.00	0	0
3685	-71.958	30.625	-5430.0	2.20	0.0370	0.567	48.631	0.00	0.00	0	0
3686	-71.875	30.625	-5448.0	2.20	0.0360	0.490	48.609	0.00	0.00	0	0
3687	-71.792	30.625	-5412.0	2.18	0.0360	0.594	48.573	0.00	0.00	0	0
3688	-71.708	30.625	-5403.0	2.17	0.0350	0.587	48.560	0.00	0.00	0	0
3689	-71.625	30.625	-5416.0	2.17	0.0340	0.584	48.551	0.00	0.00	0	0
3690	-71.542	30.625	-5415.0	2.17	0.0310	0.578	48.921	0.00	0.00	0	0
3691	-71.458	30.625	-5413.0	2.15	0.0270	0.583	48.921	0.00	0.00	0	0
3692	-71.375	30.625	-5417.0	2.17	0.0230	0.663	50.298	0.00	0.00	0	0
3693	-71.292	30.625	-5416.0	2.17	0.0220	0.665	50.329	0.00	0.00	0	0
3694	-71.208	30.625	-5412.0	2.17	0.0220	0.671	50.355	0.00	0.00	0	0
3695	-71.125	30.625	-5414.0	2.17	0.0210	0.692	49.787	0.00	0.00	0	0
3696	-71.042	30.625	-5395.0	2.17	0.0210	0.750	50.305	0.00	0.00	0	0
3697	-77.958	30.708	-898.0	5.71	0.2070	0.067	41.964	0.00	0.00	0	0
3698	-77.875	30.708	-878.0	4.60	0.2040	0.065	42.267	0.00	0.00	0	0
3699	-77.792	30.708	-864.0	4.56	0.1990	0.058	42.252	0.00	0.00	0	0
3700	-77.708	30.708	-872.0	4.39	0.1960	0.100	43.018	0.00	0.00	0	0
3701	-77.625	30.708	-920.0	4.28	0.1890	0.116	44.953	0.00	0.00	0	0
3702	-77.542	30.708	-952.0	4.11	0.1820	0.119	44.936	0.00	0.00	0	0
3703	-77.458	30.708	-998.0	3.52	0.1750	0.127	44.830	0.00	0.00	0	0
3704	-77.375	30.708	-1122.5	3.24	0.1660	0.142	44.582	0.00	0.00	0	0
3705	-77.292	30.708	-1489.0	3.26	0.1590	0.150	44.605	0.00	0.00	0	0
3706	-77.208	30.708	-2028.5	3.36	0.1490	0.166	44.194	0.00	0.00	0	0
3707	-77.125	30.708	-2448.5	2.99	0.1420	0.165	44.205	0.00	0.00	0	0
3708	-77.042	30.708	-2705.0	2.97	0.1310	0.149	44.205	0.00	0.00	0	0
3709	-76.958	30.708	-2773.5	2.97	0.1200	0.150	44.206	0.00	0.00	0	0
3710	-76.875	30.708	-2848.0	2.97	0.1060	0.151	44.578	0.00	0.00	0	0
3711	-76.792	30.708	-2921.5	2.96	0.0940	0.150	47.691	0.00	0.00	0	0
3712	-76.708	30.708	-3025.0	3.13	0.0860	0.149	47.678	0.00	0.00	0	0
3713	-76.625	30.708	-3202.0	3.11	0.0820	0.149	47.657	0.00	0.00	0	0
3714	-76.542	30.708	-3352.0	2.82	0.0790	0.149	47.626	0.00	0.00	0	0
3715	-76.458	30.708	-3460.0	2.80	0.0760	0.150	47.578	0.00	0.00	0	0
3716	-76.375	30.708	-3554.0	2.79	0.0740	0.149	47.526	0.00	0.00	0	0
3717	-76.292	30.708	-3668.5	2.30	0.0710	0.410	47.479	0.00	0.00	0	0
3718	-76.208	30.708	-3724.0	2.30	0.0690	0.569	47.445	0.00	0.00	0	0
3719	-76.125	30.708	-3755.0	2.35	0.0670	0.799	47.413	0.00	0.00	0	0
3720	-76.042	30.708	-3766.0	2.32	0.0650	0.801	47.393	0.00	0.00	0	0
3721	-75.958	30.708	-3782.0	2.32	0.0630	0.869	47.362	0.00	0.00	0	0
3722	-75.875	30.708	-3776.0	2.32	0.0620	0.784	47.335	0.00	0.00	0	0
3723	-75.792	30.708	-3768.0	2.31	0.0600	0.628	47.289	0.00	0.00	0	0
3724	-75.708	30.708	-3763.0	2.31	0.0580	0.624	47.203	0.00	0.00	0	0
3725	-75.625	30.708	-3747.0	2.30	0.0570	0.546	47.112	0.00	0.00	0	0
3726	-75.542	30.708	-3735.5	2.30	0.0560	0.696	46.844	0.00	0.00	0	0
3727	-75.458	30.708	-3723.0	2.29	0.0570	0.507	46.531	0.00	0.00	0	0
3728	-75.375	30.708	-3710.0	2.29	0.0580	0.506	47.317	0.00	0.00	0	0
3729	-75.292	30.708	-3710.0	2.29	0.0620	0.510	47.429	0.00	0.00	0	0
3730	-75.208	30.708	-3712.0	2.30	0.0660	0.505	47.425	0.00	0.00	0	0
3731	-75.125	30.708	-3702.5	2.30	0.0690	0.505	47.550	0.00	0.00	0	0
3732	-75.042	30.708	-3687.0	2.30	0.0710	0.481	47.635	0.00	0.00	0	0
3733	-74.958	30.708	-3662.0	2.30	0.0720	0.511	48.893	0.00	0.00	0	0
3734	-74.875	30.708	-3637.0	2.27	0.0720	0.444	48.973	0.00	0.00	0	0
3735	-74.792	30.708	-3619.0	2.27	0.0720	0.445	49.043	0.00	0.00	0	0
3736	-74.708	30.708	-3598.0	2.27	0.0730	0.445	48.825	0.00	0.00	0	0
3737	-74.625	30.708	-3556.0	2.28	0.0730	0.505	48.854	0.00	0.00	0	0
3738	-74.542	30.708	-3499.0	2.28	0.0730	0.376	48.815	0.00	0.00	0	0
3739	-74.458	30.708	-3421.0	2.27	0.0700	0.546	47.486	0.00	0.00	0	0
3740	-74.375	30.708	-3374.0	2.28	0.0670	0.500	49.056	0.00	0.00	0	0
3741	-74.292	30.708	-3538.5	2.28	0.0640	0.535	49.218	0.00	0.00	0	0
3742	-74.208	30.708	-3914.0	2.28	0.0610	0.534	49.350	0.00	0.00	0	0
3743	-74.125	30.708	-4140.0	2.28	0.0590	0.603	49.525	0.00	0.00	0	0
3744	-74.042	30.708	-4341.0	2.28	0.0580	0.614	49.718	0.00	0.00	0	0
3745	-73.958	30.708	-4535.0	2.28	0.0560	0.579	49.952	0.00	0.00	0	0
3746	-73.875	30.708	-4743.5	2.28	0.0530	0.649	50.210	0.00	0.00	0	0
3747	-73.792	30.708	-4886.0	2.28	0.0500	0.486	50.395	0.00	0.00	0	0
3748	-73.708	30.708	-5029.0	2.29	0.0480	0.374	50.985	0.00	0.00	0	0
3749	-73.625	30.708	-5076.0	2.29	0.0460	0.399	51.384	0.00	0.00	0	0
3750	-73.542	30.708	-5096.0	2.29	0.0450	0.400	51.992	0.00	0.00	0	0
3751	-73.458	30.708	-5097.0	2.29	0.0440	0.470	52.481	0.00	0.00	0	0
3752	-73.375	30.708	-5132.0	2.28	0.0420	0.402	52.964	0.00	0.00	0	0
3753	-73.292	30.708	-5173.0	2.28	0.0410	0.411	51.107	0.00	0.00	0	0
3754	-73.208	30.708	-5217.0	2.28	0.0400	0.402	51.246	0.00	0.00	0	0
3755	-73.125	30.708	-5249.0	2.28	0.0390	0.410	51.033	0.00	0.00	0	0
3756	-73.042	30.708	-5285.0	2.28	0.0390	0.593	50.260	0.00	0.00	0	0
3757	-72.958	30.708	-5289.5	2.27	0.0380	0.355	50.001	0.00	0.00	0	0
3758	-72.875	30.708	-5299.0	2.27	0.0380	0.407	49.730	0.00	0.00	0	0
3759	-72.792	30.708	-5318.5	2.27	0.0380	0.428	49.620	0.00	0.00	0	0
3760	-72.708	30.708	-5344.5	2.27	0.0380	0.593	49.363	0.00	0.00	0	0
3761	-72.625	30.708	-5379.0	2.27	0.0380	0.643	49.518	0.00	0.00	0	0
3762	-72.542	30.708	-5395.0	2.26	0.0380	0.370	49.392	0.00	0.00	0	0
3763	-72.458	30.708	-5400.0	2.25	0.0380	0.429	49.193	0.00	0.00	0	0
3764	-72.375	30.708	-5404.0	2.23	0.0380	0.431	49.134	0.00	0.00	0	0
3765	-72.292	30.708	-5405.0	2.22	0.0380	0.496	49.080	0.00	0.00	0	0
3766	-72.208	30.708	-5421.0	2.21	0.0380	0.486	49.022	0.00	0.00	0	0
3767	-72.125	30.708	-5406.0	2.21	0.0380	0.562	48.963	0.00	0.00	0	0
3768	-72.042	30.708	-5433.0	2.20	0.0380	0.564	48.882	0.00	0.00	0	0
3769	-71.958	30.708	-5436.0	2.19	0.0370	0.496	48.830	0.00	0.00	0	0
3770	-71.875	30.708	-5424.0	2.19	0.0370	0.495	48.771	0.00	0.00	0	0
3771	-71.792	30.708	-5416.0	2.18	0.0370	0.606	48.726	0.00	0.00	0	0
3772	-71.708	30.708	-5416.0	2.17	0.0370	0.600	48.708	0.00	0.00	0	0
3773	-71.625	30.708	-5415.0	2.17	0.0360	0.500	48.677	0.00	0.00	0	0
3774	-71.542	30.708	-5417.0	2.17	0.0340	0.578	48.620	0.00	0.00	0	0
3775	-71.458	30.708	-5414.0	2.16	0.0320	0.497	48.633	0.00	0.00	0	0
3776	-71.375	30.708	-5418.0	2.17	0.0290	0.499	49.032	0.00	0.00	0	0
3777	-71.292	30.708	-5416.0	2.17	0.0270	0.505	50.370	0.00	0.00	0	0
3778	-71.208	30.708	-5418.0	2.17	0.0260	0.575	50.392	0.00	0.00	0	0
3779	-71.125	30.708	-5417.0	2.17	0.0250	0.510	49.775	0.00	0.00	0	0
3780	-71.042	30.708	-5407.0	2.17	0.0240	0.587	50.305	0.00	0.00	0	0
3781	-77.958	30.792	-895.0	5.81	0.2020	0.062	42.032	0.00	0.00	0	0
3782	-77.875	30.792	-885.0	4.66	0.1970	0.050	43.245	0.00	0.00	0	0
3783	-77.792	30.792	-882.0	4.62	0.1920	0.062	43.146	0.00	0.00	0	0
3784	-77.708	30.792	-888.0	4.44	0.1860	0.082	43.116	0.00	0.00	0	0
3785	-77.625	30.792	-908.0	4.32	0.1790	0.114	45.010	0.00	0.00	0	0
3786	-77.542	30.792	-950.0	4.20	0.1730	0.120	44.905	0.00	0.00	0	0
3787	-77.458	30.792	-970.0	3.24	0.1680	0.126	44.876	0.00	0.00	0	0
3788	-77.375	30.792	-1120.5	3.25	0.1610	0.132	45.040	0.00	0.00	0	0
3789	-77.292	30.792	-1484.0	3.26	0.1550	0.152	44.610	0.00	0.00	0	0
3790	-77.208	30.792	-2011.0	3.27	0.1490	0.167	44.198	0.00	0.00	0	0
3791	-77.125	30.792	-2479.5	3.15	0.1420	0.151	44.210	0.00	0.00	0	0
3792	-77.042	30.792	-2688.0	3.15	0.1350	0.166	44.213	0.00	0.00	0	0
3793	-76.958	30.792	-2744.0	3.15	0.1230	0.138	44.213	0.00	0.00	0	0
3794	-76.875	30.792	-2828.0	3.15	0.1110	0.151	45.692	0.00	0.00	0	0
3795	-76.792	30.792	-2883.0	3.14	0.0990	0.149	47.698	0.00	0.00	0	0
3796	-76.708	30.792	-2955.5	3.13	0.0900	0.149	47.680	0.00	0.00	0	0
3797	-76.625	30.792	-3113.0	3.12	0.0850	0.150	47.660	0.00	0.00	0	0
3798	-76.542	30.792	-3291.0	3.10	0.0810	0.136	47.628	0.00	0.00	0	0
3799	-76.458	30.792	-3392.0	2.80	0.0790	0.149	47.583	0.00	0.00	0	0
3800	-76.375	30.792	-3478.0	2.80	0.0760	0.149	47.534	0.00	0.00	0	0
3801	-76.292	30.792	-3556.5	2.30	0.0750	0.403	47.497	0.00	0.00	0	0
3802	-76.208	30.792	-3627.5	2.31	0.0740	0.790	47.465	0.00	0.00	0	0
3803	-76.125	30.792	-3665.0	2.31	0.0710	0.799	47.439	0.00	0.00	0	0
3804	-76.042	30.792	-3700.0	2.31	0.0700	0.806	47.415	0.00	0.00	0	0
3805	-75.958	30.792	-3720.0	2.32	0.0680	0.845	47.390	0.00	0.00	0	0
3806	-75.875	30.792	-3723.0	2.32	0.0650	0.820	47.360	0.00	0.00	0	0
3807	-75.792	30.792	-3733.0	2.32	0.0640	0.666	47.314	0.00	0.00	0	0
3808	-75.708	30.792	-3739.0	2.32	0.0610	0.810	47.239	0.00	0.00	0	0
3809	-75.625	30.792	-3745.0	2.31	0.0600	0.805	47.097	0.00	0.00	0	0
3810	-75.542	30.792	-3737.0	2.31	0.0590	0.696	47.035	0.00	0.00	0	0
3811	-75.458	30.792	-3737.0	2.30	0.0590	0.677	46.752	0.00	0.00	0	0
3812	-75.375	30.792	-3732.0	2.30	0.0600	0.676	47.323	0.00	0.00	0	0
3813	-75.292	30.792	-3721.0	2.30	0.0630	0.609	47.426	0.00	0.00	0	0
3814	-75.208	30.792	-3722.0	2.30	0.0660	0.507	47.415	0.00	0.00	0	0
3815	-75.125	30.792	-3720.0	2.30	0.0690	0.484	47.530	0.00	0.00	0	0
3816	-75.042	30.792	-3705.0	2.29	0.0710	0.584	47.602	0.00	0.00	0	0
3817	-74.958	30.792	-3687.0	2.27	0.0720	0.585	47.755	0.00	0.00	0	0
3818	-74.875	30.792	-3665.0	2.27	0.0720	0.584	48.903	0.00	0.00	0	0
3819	-74.792	30.792	-3637.5	2.27	0.0730	0.483	48.958	0.00	0.00	0	0
3820	-74.708	30.792	-3614.0	2.27	0.0730	0.443	49.017	0.00	0.00	0	0
3821	-74.625	30.792	-3586.0	2.27	0.0730	0.422	48.777	0.00	0.00	0	0
3822	-74.542	30.792	-3543.0	2.27	0.0730	0.432	48.810	0.00	0.00	0	0
3823	-74.458	30.792	-3438.0	2.28	0.0700	0.502	48.857	0.00	0.00	0	0
3824	-74.375	30.792	-3517.0	2.27	0.0670	0.500	48.861	0.00	0.00	0	0
3825	-74.292	30.792	-3839.0	2.27	0.0630	0.590	50.986	0.00	0.00	0	0
3826	-74.208	30.792	-4089.0	2.27	0.0590	0.614	49.331	0.00	0.00	0	0
3827	-74.125	30.792	-4301.5	2.28	0.0570	0.700	49.461	0.00	0.00	0	0
3828	-74.042	30.792	-4470.0	2.28	0.0540	0.703	49.615	0.00	0.00	0	0
3829	-73.958	30.792	-4693.0	2.28	0.0520	0.700	49.800	0.00	0.00	0	0
3830	-73.875	30.792	-4851.0	2.28	0.0490	0.698	50.041	0.00	0.00	0	0
3831	-73.792	30.792	-5002.0	2.28	0.0470	0.412	50.251	0.00	0.00	0	0
3832	-73.708	30.792	-5071.0	2.28	0.0450	0.403	50.765	0.00	0.00	0	0
3833	-73.625	30.792	-5087.0	2.29	0.0440	0.460	51.061	0.00	0.00	0	0
3834	-73.542	30.792	-5089.0	2.29	0.0430	0.400	51.521	0.00	0.00	0	0
3835	-73.458	30.792	-5115.0	2.29	0.0420	0.402	51.837	0.00	0.00	0	0
3836	-73.375	30.792	-5164.0	2.28	0.0410	0.592	52.063	0.00	0.00	0	0
3837	-73.292	30.792	-5198.0	2.27	0.0400	0.409	51.663	0.00	0.00	0	0
3838	-73.208	30.792	-5230.0	2.28	0.0390	0.409	51.108	0.00	0.00	0	0
3839	-73.125	30.792	-5231.0	2.27	0.0380	0.409	51.095	0.00	0.00	0	0
3840	-73.042	30.792	-5261.0	2.27	0.0380	0.410	51.209	0.00	0.00	0	0
3841	-72.958	30.792	-5313.0	2.27	0.0380	0.449	50.267	0.00	0.00	0	0
3842	-72.875	30.792	-5338.0	2.27	0.0380	0.372	50.016	0.00	0.00	0	0
3843	-72.792	30.792	-5371.0	2.26	0.0380	0.460	49.953	0.00	0.00	0	0
3844	-72.708	30.792	-5379.0	2.26	0.0380	0.431	49.676	0.00	0.00	0	0
3845	-72.625	30.792	-5387.0	2.27	0.0380	0.400	49.491	0.00	0.00	0	0
3846	-72.542	30.792	-5386.0	2.25	0.0380	0.414	49.304	0.00	0.00	0	0
3847	-72.458	30.792	-5419.0	2.25	0.0380	0.353	49.427	0.00	0.00	0	0
3848	-72.375	30.792	-5412.0	2.21	0.0380	0.582	49.328	0.00	0.00	0	0
3849	-72.292	30.792	-5404.0	2.21	0.0380	0.588	49.276	0.00	0.00	0	0
3850	-72.208	30.792	-5398.0	2.21	0.0380	0.497	49.209	0.00	0.00	0	0
3851	-72.125	30.792	-5399.5	2.22	0.0380	0.538	49.150	0.00	0.00	0	0
3852	-72.042	30.792	-5404.0	2.20	0.0380	0.541	49.075	0.00	0.00	0	0
3853	-71.958	30.792	-5431.0	2.19	0.0380	0.602	49.005	0.00	0.00	0	0
3854	-71.875	30.792	-5421.0	2.19	0.0380	0.654	48.919	0.00	0.00	0	0
3855	-71.792	30.792	-5411.0	2.18	0.0390	0.585	48.893	0.00	0.00	0	0
3856	-71.708	30.792	-5412.0	2.17	0.0380	0.673	48.845	0.00	0.00	0	0
3857	-71.625	30.792	-5423.0	2.17	0.0380	0.579	48.802	0.00	0.00	0	0
3858	-71.542	30.792	-5417.0	2.16	0.0360	0.497	48.755	0.00	0.00	0	0
3859	-71.458	30.792	-5409.0	2.16	0.0350	0.570	48.740	0.00	0.00	0	0
3860	-71.375	30.792	-5414.0	2.17	0.0330	0.567	48.731	0.00	0.00	0	0
3861	-71.292	30.792	-5416.0	2.17	0.0310	0.504	50.409	0.00	0.00	0	0
3862	-71.208	30.792	-5412.0	2.17	0.0300	0.572	50.426	0.00	0.00	0	0
3863	-71.125	30.792	-5414.0	2.17	0.0290	0.577	50.582	0.00	0.00	0	0
3864	-71.042	30.792	-5394.0	2.17	0.0280	0.514	50.307	0.00	0.00	0	0
3865	-77.958	30.875	-914.0	5.91	0.1930	0.063	45.736	0.00	0.00	0	0
3866	-77.875	30.875	-900.5	5.82	0.1870	0.061	43.321	0.00	0.00	0	0
3867	-77.792	30.875	-908.0	5.23	0.1820	0.062	43.221	0.00	0.00	0	0
3868	-77.708	30.875	-903.0	4.55	0.1780	0.084	44.548	0.00	0.00	0	0
3869	-77.625	30.875	-914.0	4.37	0.1710	0.117	45.069	0.00	0.00	0	0
3870	-77.542	30.875	-950.0	3.78	0.1650	0.121	44.957	0.00	0.00	0	0
3871	-77.458	30.875	-1017.5	3.25	0.1620	0.130	44.923	0.00	0.00	0	0
3872	-77.375	30.875	-1130.5	3.25	0.1590	0.147	45.084	0.00	0.00	0	0
3873	-77.292	30.875	-1488.5	3.27	0.1550	0.140	44.616	0.00	0.00	0	0
3874	-77.208	30.875	-1987.5	3.27	0.1490	0.168	44.609	0.00	0.00	0	0
3875	-77.125	30.875	-2383.5	3.15	0.1430	0.167	45.713	0.00	0.00	0	0
3876	-77.042	30.875	-2645.0	3.15	0.1360	0.152	44.216	0.00	0.00	0	0
3877	-76.958	30.875	-2706.0	3.15	0.1290	0.166	46.861	0.00	0.00	0	0
3878	-76.875	30.875	-2776.0	3.14	0.1170	0.149	46.752	0.00	0.00	0	0
3879	-76.792	30.875	-2846.0	3.15	0.1070	0.136	47.703	0.00	0.00	0	0
3880	-76.708	30.875	-2916.5	3.14	0.0970	0.136	47.685	0.00	0.00	0	0
3881	-76.625	30.875	-3046.0	3.11	0.0900	0.136	47.665	0.00	0.00	0	0
3882	-76.542	30.875	-3220.5	3.10	0.0860	0.149	47.635	0.00	0.00	0	0
3883	-76.458	30.875	-3329.0	2.81	0.0820	0.149	47.594	0.00	0.00	0	0
3884	-76.375	30.875	-3369.0	2.79	0.0800	0.392	47.548	0.00	0.00	0	0
3885	-76.292	30.875	-3407.5	2.30	0.0790	0.544	47.513	0.00	0.00	0	0
3886	-76.208	30.875	-3461.0	2.31	0.0780	0.631	47.483	0.00	0.00	0	0
3887	-76.125	30.875	-3524.0	2.31	0.0760	0.785	47.459	0.00	0.00	0	0
3888	-76.042	30.875	-3611.0	2.31	0.0750	0.798	47.433	0.00	0.00	0	0
3889	-75.958	30.875	-3648.0	2.33	0.0730	0.829	47.414	0.00	0.00	0	0
3890	-75.875	30.875	-3664.0	2.33	0.0700	0.940	47.381	0.00	0.00	0	0
3891	-75.792	30.875	-3672.0	2.32	0.0660	0.938	47.334	0.00	0.00	0	0
3892	-75.708	30.875	-3679.0	2.32	0.0640	0.933	47.274	0.00	0.00	0	0
3893	-75.625	30.875	-3686.0	2.32	0.0620	0.697	47.164	0.00	0.00	0	0
3894	-75.542	30.875	-3690.5	2.31	0.0610	0.809	47.062	0.00	0.00	0	0
3895	-75.458	30.875	-3692.0	2.30	0.0610	0.804	46.494	0.00	0.00	0	0
3896	-75.375	30.875	-3692.0	2.30	0.0610	0.802	47.319	0.00	0.00	0	0
3897	-75.292	30.875	-3688.0	2.30	0.0630	0.688	47.414	0.00	0.00	0	0
3898	-75.208	30.875	-3683.0	2.30	0.0660	0.683	47.403	0.00	0.00	0	0
3899	-75.125	30.875	-3686.0	2.30	0.0680	0.665	47.492	0.00	0.00	0	0
3900	-75.042	30.875	-3685.0	2.30	0.0700	0.661	47.549	0.00	0.00	0	0
3901	-74.958	30.875	-3671.0	2.27	0.0710	0.560	47.721	0.00	0.00	0	0
3902	-74.875	30.875	-3649.0	2.27	0.0720	0.431	47.777	0.00	0.00	0	0
3903	-74.792	30.875	-3628.0	2.27	0.0730	0.481	47.834	0.00	0.00	0	0
3904	-74.708	30.875	-3601.0	2.27	0.0730	0.482	47.820	0.00	0.00	0	0
3905	-74.625	30.875	-3578.0	2.27	0.0730	0.380	49.206	0.00	0.00	0	0
3906	-74.542	30.875	-3465.5	2.27	0.0710	0.535	48.732	0.00	0.00	0	0
3907	-74.458	30.875	-3454.5	2.27	0.0690	0.505	48.784	0.00	0.00	0	0
3908	-74.375	30.875	-3724.0	2.27	0.0650	0.617	49.365	0.00	0.00	0	0
3909	-74.292	30.875	-4018.0	2.27	0.0610	0.618	49.700	0.00	0.00	0	0
3910	-74.208	30.875	-4243.0	2.27	0.0560	0.617	49.859	0.00	0.00	0	0
3911	-74.125	30.875	-4421.0	2.28	0.0540	0.702	49.373	0.00	0.00	0	0
3912	-74.042	30.875	-4593.0	2.28	0.0520	0.702	49.492	0.00	0.00	0	0
3913	-73.958	30.875	-4789.5	2.28	0.0490	0.699	49.673	0.00	0.00	0	0
3914	-73.875	30.875	-4960.0	2.28	0.0470	0.537	49.885	0.00	0.00	0	0
3915	-73.792	30.875	-5045.0	2.28	0.0450	0.460	50.097	0.00	0.00	0	0
3916	-73.708	30.875	-5074.0	2.28	0.0440	0.460	50.261	0.00	0.00	0	0
3917	-73.625	30.875	-5072.0	2.28	0.0430	0.459	50.612	0.00	0.00	0	0
3918	-73.542	30.875	-5093.0	2.27	0.0410	0.402	50.790	0.00	0.00	0	0
3919	-73.458	30.875	-5136.0	2.27	0.0400	0.403	51.385	0.00	0.00	0	0
3920	-73.375	30.875	-5176.0	2.27	0.0390	0.409	51.574	0.00	0.00	0	0
3921	-73.292	30.875	-5225.0	2.27	0.0380	0.357	51.353	0.00	0.00	0	0
3922	-73.208	30.875	-5251.0	2.27	0.0380	0.409	50.987	0.00	0.00	0	0
3923	-73.125	30.875	-5274.5	2.27	0.0380	0.449	51.043	0.00	0.00	0	0
3924	-73.042	30.875	-5297.0	2.27	0.0380	0.430	51.303	0.00	0.00	0	0
3925	-72.958	30.875	-5294.0	2.27	0.0380	0.448	51.256	0.00	0.00	0	0
3926	-72.875	30.875	-5326.0	2.27	0.0380	0.307	50.277	0.00	0.00	0	0
3927	-72.792	30.875	-5370.0	2.26	0.0380	0.432	50.296	0.00	0.00	0	0
3928	-72.708	30.875	-5370.0	2.26	0.0380	0.400	50.024	0.00	0.00	0	0
3929	-72.625	30.875	-5389.0	2.25	0.0380	0.423	49.818	0.00	0.00	0	0
3930	-72.542	30.875	-5394.0	2.25	0.0380	0.353	49.632	0.00	0.00	0	0
3931	-72.458	30.875	-5397.0	2.25	0.0380	0.370	49.672	0.00	0.00	0	0
3932	-72.375	30.875	-5413.0	2.21	0.0380	0.360	49.528	0.00	0.00	0	0
3933	-72.292	30.875	-5402.0	2.21	0.0380	0.372	49.512	0.00	0.00	0	0
3934	-72.208	30.875	-5410.0	2.21	0.0380	0.347	49.414	0.00	0.00	0	0
3935	-72.125	30.875	-5399.0	2.22	0.0380	0.493	49.352	0.00	0.00	0	0
3936	-72.042	30.875	-5433.0	2.22	0.0390	0.497	49.249	0.00	0.00	0	0
3937	-71.958	30.875	-5421.0	2.19	0.0390	0.505	49.171	0.00	0.00	0	0
3938	-71.875	30.875	-5414.0	2.19	0.0390	0.495	49.091	0.00	0.00	0	0
3939	-71.792	30.875	-5410.0	2.18	0.0390	0.497	49.021	0.00	0.00	0	0
3940	-71.708	30.875	-5414.0	2.17	0.0390	0.499	48.961	0.00	0.00	0	0
3941	-71.625	30.875	-5422.0	2.17	0.0390	0.494	48.935	0.00	0.00	0	0
3942	-71.542	30.875	-5416.0	2.16	0.0380	0.494	48.868	0.00	0.00	0	0
3943	-71.458	30.875	-5436.5	2.16	0.0360	0.493	48.834	0.00	0.00	0	0
3944	-71.375	30.875	-5455.0	2.17	0.0350	0.497	48.820	0.00	0.00	0	0
3945	-71.292	30.875	-5416.0	2.17	0.0330	0.504	50.448	0.00	0.00	0	0
3946	-71.208	30.875	-5374.0	2.17	0.0320	0.504	50.459	0.00	0.00	0	0
3947	-71.125	30.875	-5392.0	2.17	0.0310	0.582	50.478	0.00	0.00	0	0
3948	-71.042	30.875	-5380.0	2.17	0.0300	0.579	49.910	0.00	0.00	0	0
3949	-77.958	30.958	-916.0	6.10	0.1800	0.068	52.093	0.00	0.00	0	0
3950	-77.875	30.958	-896.0	6.01	0.1750	0.062	50.152	0.00	0.00	0	0
3951	-77.792	30.958	-891.0	5.30	0.1690	0.057	46.912	0.00	0.00	0	0
3952	-77.708	30.958	-896.0	4.57	0.1680	0.093	44.641	0.00	0.00	0	0
3953	-77.625	30.958	-903.0	4.40	0.1630	0.101	47.466	0.00	0.00	0	0
3954	-77.542	30.958	-932.0	3.80	0.1610	0.110	45.010	0.00	0.00	0	0
3955	-77.458	30.958	-1033.5	3.26	0.1590	0.128	44.984	0.00	0.00	0	0
3956	-77.375	30.958	-1130.5	3.26	0.1560	0.140	45.130	0.00	0.00	0	0
3957	-77.292	30.958	-1377.5	3.27	0.1530	0.142	48.037	0.00	0.00	0	0
3958	-77.208	30.958	-1964.5	3.27	0.1490	0.169	45.701	0.00	0.00	0	0
3959	-77.125	30.958	-2338.0	3.21	0.1440	0.168	45.708	0.00	0.00	0	0
3960	-77.042	30.958	-2593.0	3.15	0.1380	0.167	45.716	0.00	0.00	0	0
3961	-76.958	30.958	-2673.0	3.15	0.1300	0.166	47.864	0.00	0.00	0	0
3962	-76.875	30.958	-2727.5	3.15	0.1230	0.136	46.883	0.00	0.00	0	0
3963	-76.792	30.958	-2795.0	3.15	0.1140	0.149	47.709	0.00	0.00	0	0
3964	-76.708	30.958	-2857.0	3.14	0.1050	0.149	47.696	0.00	0.00	0	0
3965	-76.625	30.958	-2962.5	3.13	0.0970	0.149	47.675	0.00	0.00	0	0
3966	-76.542	30.958	-3105.0	3.11	0.0900	0.149	47.647	0.00	0.00	0	0
3967	-76.458	30.958	-3259.0	2.80	0.0850	0.136	47.614	0.00	0.00	0	0
3968	-76.375	30.958	-3312.0	2.78	0.0840	0.149	47.565	0.00	0.00	0	0
3969	-76.292	30.958	-3344.0	2.60	0.0820	0.549	47.531	0.00	0.00	0	0
3970	-76.208	30.958	-3357.0	2.31	0.0810	0.560	47.508	0.00	0.00	0	0
3971	-76.125	30.958	-3401.0	2.31	0.0800	0.640	47.478	0.00	0.00	0	0
3972	-76.042	30.958	-3452.0	2.32	0.0790	0.636	47.450	0.00	0.00	0	0
3973	-75.958	30.958	-3544.0	2.33	0.0770	0.856	47.429	0.00	0.00	0	0
3974	-75.875	30.958	-3567.5	2.33	0.0730	0.824	47.396	0.00	0.00	0	0
3975	-75.792	30.958	-3597.0	2.33	0.0700	0.821	47.351	13.73	0.00	0	0
3976	-75.708	30.958	-3603.0	2.33	0.0670	0.703	47.300	0.00	0.00	0	0
3977	-75.625	30.958	-3614.5	2.32	0.0640	0.815	47.233	0.00	0.00	0	0
3978	-75.542	30.958	-3626.0	2.32	0.0620	0.697	47.180	0.00	0.00	0	0
3979	-75.458	30.958	-3634.0	2.31	0.0610	0.807	46.632	0.00	0.00	0	0
3980	-75.375	30.958	-3639.0	2.30	0.0610	0.687	46.771	0.00	0.00	0	0
3981	-75.292	30.958	-3629.0	2.30	0.0630	0.686	47.400	0.00	0.00	0	0
3982	-75.208	30.958	-3630.0	2.30	0.0650	0.684	47.375	0.00	0.00	0	0
3983	-75.125	30.958	-3644.0	2.30	0.0680	0.666	47.473	0.00	0.00	0	0
3984	-75.042	30.958	-3648.0	2.30	0.0700	0.681	47.530	0.00	0.00	0	0
3985	-74.958	30.958	-3630.0	2.27	0.0710	0.533	47.664	0.00	0.00	0	0
3986	-74.875	30.958	-3610.0	2.27	0.0720	0.626	47.739	0.00	0.00	0	0
3987	-74.792	30.958	-3571.5	2.27	0.0720	0.540	47.732	0.00	0.00	0	0
3988	-74.708	30.958	-3525.5	2.27	0.0730	0.382	47.758	0.00	0.00	0	0
3989	-74.625	30.958	-3438.0	2.27	0.0730	0.498	49.136	0.00	0.00	0	0
3990	-74.542	30.958	-3413.0	2.27	0.0710	0.501	49.117	0.00	0.00	0	0
3991	-74.458	30.958	-3626.0	2.28	0.0670	0.620	49.173	0.00	0.00	0	0
3992	-74.375	30.958	-3931.5	2.28	0.0630	0.616	49.260	0.00	0.00	0	0
3993	-74.292	30.958	-4164.0	2.28	0.0580	0.618	49.391	0.00	0.00	0	0
3994	-74.208	30.958	-4360.0	2.27	0.0540	0.704	49.712	0.00	0.00	0	0
3995	-74.125	30.958	-4543.5	2.27	0.0520	0.703	49.882	0.00	0.00	0	0
3996	-74.042	30.958	-4690.5	2.28	0.0500	0.702	49.417	0.00	0.00	0	0
3997	-73.958	30.958	-4913.0	2.28	0.0470	0.696	49.561	0.00	0.00	0	0
3998	-73.875	30.958	-5018.0	2.28	0.0450	0.511	49.715	0.00	0.00	0	0
3999	-73.792	30.958	-5066.0	2.28	0.0440	0.511	49.971	0.00	0.00	0	0
4000	-73.708	30.958	-5056.0	2.28	0.0430	0.460	50.193	0.00	0.00	0	0
4001	-73.625	30.958	-5078.0	2.28	0.0410	0.400	50.389	0.00	0.00	0	0
4002	-73.542	30.958	-5118.0	2.27	0.0400	0.401	50.556	0.00	0.00	0	0
4003	-73.458	30.958	-5167.0	2.27	0.0390	0.403	50.765	0.00	0.00	0	0
4004	-73.375	30.958	-5208.0	2.27	0.0380	0.408	51.205	0.00	0.00	0	0
4005	-73.292	30.958	-5243.0	2.27	0.0370	0.409	51.333	0.00	0.00	0	0
4006	-73.208	30.958	-5265.0	2.27	0.0370	0.408	50.843	0.00	0.00	0	0
4007	-73.125	30.958	-5302.0	2.27	0.0380	0.402	50.946	0.00	0.00	0	0
4008	-73.042	30.958	-5330.0	2.27	0.0380	0.447	50.875	0.00	0.00	0	0
4009	-72.958	30.958	-5293.0	2.27	0.0380	0.308	51.347	0.00	0.00	0	0
4010	-72.875	30.958	-5309.5	2.27	0.0380	0.308	51.293	0.00	0.00	0	0
4011	-72.792	30.958	-5373.0	2.26	0.0380	0.386	50.724	0.00	0.00	0	0
4012	-72.708	30.958	-5377.0	2.25	0.0380	0.344	50.520	0.00	0.00	0	0
4013	-72.625	30.958	-5375.0	2.25	0.0380	0.398	50.202	0.00	0.00	0	0
4014	-72.542	30.958	-5395.0	2.25	0.0380	0.579	49.968	0.00	0.00	0	0
4015	-72.458	30.958	-5399.0	2.25	0.0380	0.370	49.745	0.00	0.00	0	0
4016	-72.375	30.958	-5414.0	2.21	0.0380	0.370	49.589	0.00	0.00	0	0
4017	-72.292	30.958	-5403.0	2.21	0.0380	0.578	49.668	0.00	0.00	0	0
4018	-72.208	30.958	-5412.0	2.22	0.0380	0.578	49.573	0.00	0.00	0	0
4019	-72.125	30.958	-5406.0	2.22	0.0390	0.495	49.493	0.00	0.00	0	0
4020	-72.042	30.958	-5429.0	2.22	0.0390	0.586	49.420	0.00	0.00	0	0
4021	-71.958	30.958	-5415.5	2.19	0.0390	0.587	49.318	0.00	0.00	0	0
4022	-71.875	30.958	-5401.0	2.19	0.0390	0.538	49.249	0.00	0.00	0	0
4023	-71.792	30.958	-5409.0	2.18	0.0390	0.495	49.164	0.00	0.00	0	0
4024	-71.708	30.958	-5414.0	2.17	0.0390	0.499	49.100	0.00	0.00	0	0
4025	-71.625	30.958	-5419.0	2.17	0.0390	0.492	49.035	0.00	0.00	0	0
4026	-71.542	30.958	-5418.0	2.17	0.0380	0.495	48.966	0.00	0.00	0	0
4027	-71.458	30.958	-5445.0	2.16	0.0370	0.493	48.925	0.00	0.00	0	0
4028	-71.375	30.958	-5466.5	2.17	0.0360	0.496	50.485	0.00	0.00	0	0
4029	-71.292	30.958	-5422.0	2.17	0.0340	0.572	50.488	0.00	0.00	0	0
4030	-71.208	30.958	-5401.5	2.17	0.0330	0.506	50.495	0.00	0.00	0	0
4031	-71.125	30.958	-5394.5	2.17	0.0320	0.508	50.511	0.00	0.00	0	0
4032	-71.042	30.958	-5385.5	2.17	0.0310	0.581	49.906	0.00	0.00	0	0
4033	-77.958	31.042	-877.0	6.08	0.1640	0.066	53.512	0.00	0.00	0	0
4034	-77.875	31.042	-887.5	5.99	0.1590	0.063	53.785	0.00	0.00	0	0
4035	-77.792	31.042	-887.0	5.93	0.1600	0.056	51.948	0.00	0.00	0	0
4036	-77.708	31.042	-891.0	4.63	0.1600	0.099	50.285	0.00	0.00	0	0
4037	-77.625	31.042	-897.0	4.46	0.1590	0.104	47.538	0.00	0.00	0	0
4038	-77.542	31.042	-925.0	3.82	0.1580	0.107	47.432	0.00	0.00	0	0
4039	-77.458	31.042	-1015.0	3.28	0.1560	0.131	45.036	0.00	0.00	0	0
4040	-77.375	31.042	-1117.0	3.27	0.1560	0.135	45.181	0.00	0.00	0	0
4041	-77.292	31.042	-1369.5	3.28	0.1530	0.148	48.062	0.00	0.00	0	0
4042	-77.208	31.042	-1887.0	3.28	0.1490	0.149	45.696	0.00	0.00	0	0
4043	-77.125	31.042	-2226.5	3.21	0.1440	0.158	45.703	0.00	0.00	0	0
4044	-77.042	31.042	-2551.5	3.20	0.1390	0.152	47.864	0.00	0.00	0	0
4045	-76.958	31.042	-2636.0	3.15	0.1330	0.152	47.867	0.00	0.00	0	0
4046	-76.875	31.042	-2696.0	3.14	0.1270	0.151	46.892	0.00	0.00	0	0
4047	-76.792	31.042	-2781.0	3.14	0.1200	0.136	46.779	0.00	0.00	0	0
4048	-76.708	31.042	-2833.5	3.14	0.1120	0.135	47.705	0.00	0.00	0	0
4049	-76.625	31.042	-2897.5	3.14	0.1050	0.136	47.687	0.00	0.00	0	0
4050	-76.542	31.042	-3024.0	3.11	0.0960	0.136	47.658	0.00	0.00	0	0
4051	-76.458	31.042	-3174.0	2.79	0.0910	0.136	47.633	0.00	0.00	0	0
4052	-76.375	31.042	-3269.0	2.77	0.0890	0.392	47.587	0.00	0.00	0	0
4053	-76.292	31.042	-3293.0	2.60	0.0860	0.550	47.557	0.00	0.00	0	0
4054	-76.208	31.042	-3298.0	2.30	0.0850	0.786	47.523	28.56	0.09	0	0
4055	-76.125	31.042	-3308.0	2.31	0.0830	0.785	47.499	31.45	0.00	0	0
4056	-76.042	31.042	-3335.0	2.32	0.0820	0.784	47.473	25.11	0.00	0	0
4057	-75.958	31.042	-3391.5	2.33	0.0800	0.846	47.447	0.00	0.00	0	0
4058	-75.875	31.042	-3438.0	2.33	0.0780	0.829	47.412	0.00	0.00	0	0
4059	-75.792	31.042	-3500.5	2.34	0.0740	0.816	47.371	115.41	9.18	1	0
4060	-75.708	31.042	-3536.5	2.33	0.0710	0.815	47.321	15.12	0.00	0	0
4061	-75.625	31.042	-3548.0	2.33	0.0670	0.810	47.275	0.00	0.00	0	0
4062	-75.542	31.042	-3547.0	2.33	0.0650	0.809	47.258	0.00	0.00	0	0
4063	-75.458	31.042	-3551.0	2.32	0.0630	0.804	47.163	0.00	0.00	0	0
4064	-75.375	31.042	-3552.0	2.31	0.0610	0.799	46.669	0.00	0.00	0	0
4065	-75.292	31.042	-3541.0	2.31	0.0630	0.802	47.389	0.00	0.00	0	0
4066	-75.208	31.042	-3528.0	2.30	0.0650	0.682	47.345	0.00	0.00	0	0
4067	-75.125	31.042	-3527.0	2.30	0.0680	0.665	47.457	0.00	0.00	0	0
4068	-75.042	31.042	-3542.0	2.30	0.0700	0.665	47.527	0.00	0.00	0	0
4069	-74.958	31.042	-3548.0	2.29	0.0710	0.683	47.649	0.00	0.00	0	0
4070	-74.875	31.042	-3523.5	2.27	0.0720	0.624	47.671	0.00	0.00	0	0
4071	-74.792	31.042	-3467.5	2.27	0.0720	0.548	47.694	0.00	0.00	0	0
4072	-74.708	31.042	-3387.0	2.27	0.0720	0.427	47.712	0.00	0.00	0	0
4073	-74.625	31.042	-3360.5	2.28	0.0720	0.501	48.987	0.00	0.00	0	0
4074	-74.542	31.042	-3500.5	2.28	0.0690	0.505	49.019	0.00	0.00	0	0
4075	-74.458	31.042	-3814.5	2.28	0.0650	0.619	49.055	0.00	0.00	0	0
4076	-74.375	31.042	-4084.0	2.28	0.0610	0.701	49.161	0.00	0.00	0	0
4077	-74.292	31.042	-4294.5	2.28	0.0570	0.705	49.277	0.00	0.00	0	0
4078	-74.208	31.042	-4456.0	2.28	0.0530	0.704	49.395	0.00	0.00	0	0
4079	-74.125	31.042	-4665.0	2.27	0.0510	0.701	49.780	0.00	0.00	0	0
4080	-74.042	31.042	-4800.0	2.27	0.0480	0.616	49.616	0.00	0.00	0	0
4081	-73.958	31.042	-4994.0	2.28	0.0460	0.695	49.467	0.00	0.00	0	0
4082	-73.875	31.042	-5057.0	2.28	0.0440	0.513	49.613	0.00	0.00	0	0
4083	-73.792	31.042	-5083.0	2.26	0.0430	0.509	49.823	0.00	0.00	0	0
4084	-73.708	31.042	-5079.0	2.28	0.0420	0.459	49.989	0.00	0.00	0	0
4085	-73.625	31.042	-5116.0	2.28	0.0410	0.346	50.185	0.00	0.00	0	0
4086	-73.542	31.042	-5147.0	2.26	0.0390	0.402	50.335	0.00	0.00	0	0
4087	-73.458	31.042	-5192.0	2.27	0.0380	0.348	50.512	0.00	0.00	0	0
4088	-73.375	31.042	-5231.0	2.27	0.0370	0.358	50.679	0.00	0.00	0	0
4089	-73.292	31.042	-5253.0	2.27	0.0370	0.349	50.832	0.00	0.00	0	0
4090	-73.208	31.042	-5293.0	2.27	0.0370	0.403	50.683	0.00	0.00	0	0
4091	-73.125	31.042	-5339.5	2.27	0.0370	0.447	50.720	0.00	0.00	0	0
4092	-73.042	31.042	-5357.0	2.27	0.0370	0.400	50.647	0.00	0.00	0	0
4093	-72.958	31.042	-5316.5	2.27	0.0380	0.373	51.433	0.00	0.00	0	0
4094	-72.875	31.042	-5351.0	2.26	0.0380	0.345	51.428	0.00	0.00	0	0
4095	-72.792	31.042	-5371.0	2.26	0.0380	0.372	52.104	0.00	0.00	0	0
4096	-72.708	31.042	-5379.0	2.24	0.0380	0.372	51.090	0.00	0.00	0	0
4097	-72.625	31.042	-5399.0	2.25	0.0380	0.342	50.681	0.00	0.00	0	0
4098	-72.542	31.042	-5392.0	2.23	0.0380	0.574	50.354	0.00	0.00	0	0
4099	-72.458	31.042	-5413.0	2.26	0.0380	0.429	50.079	0.00	0.00	0	0
4100	-72.375	31.042	-5415.0	2.24	0.0380	0.429	49.817	0.00	0.00	0	0
4101	-72.292	31.042	-5403.0	2.22	0.0380	0.636	49.813	0.00	0.00	0	0
4102	-72.208	31.042	-5416.0	2.22	0.0380	0.581	49.652	0.00	0.00	0	0
4103	-72.125	31.042	-5436.0	2.21	0.0390	0.644	49.585	0.00	0.00	0	0
4104	-72.042	31.042	-5416.0	2.20	0.0390	0.583	49.552	0.00	0.00	0	0
4105	-71.958	31.042	-5414.0	2.20	0.0390	0.564	49.462	0.00	0.00	0	0
4106	-71.875	31.042	-5454.5	2.20	0.0390	0.565	49.335	0.00	0.00	0	0
4107	-71.792	31.042	-5414.0	2.19	0.0390	0.558	49.257	0.00	0.00	0	0
4108	-71.708	31.042	-5412.0	2.18	0.0390	0.500	49.184	0.00	0.00	0	0
4109	-71.625	31.042	-5422.0	2.16	0.0390	0.489	49.129	0.00	0.00	0	0
4110	-71.542	31.042	-5416.0	2.17	0.0380	0.497	49.054	0.00	0.00	0	0
4111	-71.458	31.042	-5388.0	2.17	0.0370	0.494	49.012	0.00	0.00	0	0
4112	-71.375	31.042	-5417.0	2.17	0.0360	0.498	48.987	0.00	0.00	0	0
4113	-71.292	31.042	-5449.0	2.17	0.0350	0.506	50.528	0.00	0.00	0	0
4114	-71.208	31.042	-5415.5	2.17	0.0340	0.576	50.534	0.00	0.00	0	0
4115	-71.125	31.042	-5377.0	2.17	0.0330	0.579	50.543	0.00	0.00	0	0
4116	-71.042	31.042	-5458.0	2.17	0.0320	0.583	50.683	0.00	0.00	0	0
4117	-77.958	31.125	-856.0	5.98	0.1490	0.064	53.572	0.00	0.00	0	0
4118	-77.875	31.125	-886.5	4.82	0.1510	0.063	53.819	0.00	0.00	0	0
4119	-77.792	31.125	-879.0	5.79	0.1510	0.085	52.012	0.00	0.00	0	0
4120	-77.708	31.125	-877.0	4.63	0.1540	0.097	46.071	0.00	0.00	0	0
4121	-77.625	31.125	-884.0	4.47	0.1550	0.100	45.978	0.00	0.00	0	0
4122	-77.542	31.125	-930.0	3.86	0.1550	0.106	45.974	0.00	0.00	0	0
4123	-77.458	31.125	-981.0	3.29	0.1550	0.130	47.433	0.00	0.00	0	0
4124	-77.375	31.125	-1082.0	3.28	0.1540	0.134	47.375	0.00	0.00	0	0
4125	-77.292	31.125	-1316.5	3.60	0.1520	0.149	48.081	0.00	0.00	0	0
4126	-77.208	31.125	-1774.5	3.28	0.1480	0.150	48.059	0.00	0.00	0	0
4127	-77.125	31.125	-2156.0	3.21	0.1430	0.158	45.700	0.00	0.00	0	0
4128	-77.042	31.125	-2504.5	3.21	0.1390	0.152	47.865	0.00	0.00	0	0
4129	-76.958	31.125	-2594.0	3.20	0.1340	0.152	47.870	0.00	0.00	0	0
4130	-76.875	31.125	-2663.5	3.14	0.1300	0.167	47.870	0.00	0.00	0	0
4131	-76.792	31.125	-2755.0	3.14	0.1240	0.166	48.566	0.00	0.00	0	0
4132	-76.708	31.125	-2780.5	3.14	0.1200	0.166	47.712	0.00	0.00	0	0
4133	-76.625	31.125	-2829.0	3.13	0.1140	0.136	47.707	0.00	0.00	0	0
4134	-76.542	31.125	-2902.0	3.10	0.1050	0.149	47.682	0.00	0.00	0	0
4135	-76.458	31.125	-3064.0	2.79	0.0980	0.136	47.655	0.00	0.00	0	0
4136	-76.375	31.125	-3186.0	2.76	0.0950	0.391	47.614	0.00	0.00	0	0
4137	-76.292	31.125	-3261.0	2.64	0.0910	0.552	47.585	0.00	0.00	0	0
4138	-76.208	31.125	-3245.0	2.30	0.0870	0.787	47.570	0.00	0.00	0	0
4139	-76.125	31.125	-3263.0	2.31	0.0850	0.784	47.523	38.44	0.15	0	0
4140	-76.042	31.125	-3265.0	2.32	0.0840	0.788	47.504	23.62	0.00	0	0
4141	-75.958	31.125	-3301.0	2.33	0.0830	0.787	47.466	29.32	0.00	0	0
4142	-75.875	31.125	-3292.0	2.34	0.0810	0.829	47.428	0.00	0.00	0	0
4143	-75.792	31.125	-3343.5	2.34	0.0780	0.829	47.386	0.00	0.00	0	0
4144	-75.708	31.125	-3394.0	2.34	0.0750	0.825	47.337	113.62	9.47	1	0
4145	-75.625	31.125	-3442.0	2.34	0.0720	0.808	47.294	18.98	0.00	0	0
4146	-75.542	31.125	-3481.5	2.33	0.0680	0.805	47.308	0.00	0.00	0	0
4147	-75.458	31.125	-3495.0	2.32	0.0650	0.801	47.269	0.00	0.00	0	0
4148	-75.375	31.125	-3485.5	2.32	0.0640	0.800	47.239	0.00	0.00	0	0
4149	-75.292	31.125	-3474.0	2.31	0.0650	0.798	46.853	79.03	0.00	0	0
4150	-75.208	31.125	-3453.0	2.30	0.0670	0.797	46.665	191.48	23.34	2	2
4151	-75.125	31.125	-3432.0	2.30	0.0690	0.795	46.702	169.25	21.83	2	1
4152	-75.042	31.125	-3411.0	2.30	0.0700	0.798	46.739	201.94	24.50	2	2
4153	-74.958	31.125	-3388.0	2.29	0.0720	0.536	47.562	0.00	0.00	0	0
4154	-74.875	31.125	-3344.0	2.27	0.0720	0.587	47.655	0.00	0.00	0	0
4155	-74.792	31.125	-3289.0	2.27	0.0720	0.430	47.661	0.00	0.00	0	0
4156	-74.708	31.125	-3273.0	2.27	0.0710	0.539	47.664	0.00	0.00	0	0
4157	-74.625	31.125	-3399.0	2.27	0.0700	0.504	48.888	0.00	0.00	0	0
4158	-74.542	31.125	-3706.0	2.27	0.0670	0.621	48.889	0.00	0.00	0	0
4159	-74.458	31.125	-3994.0	2.28	0.0630	0.620	48.932	0.00	0.00	0	0
4160	-74.375	31.125	-4204.0	2.28	0.0590	0.704	49.059	0.00	0.00	0	0
4161	-74.292	31.125	-4370.0	2.28	0.0560	0.707	49.162	0.00	0.00	0	0
4162	-74.208	31.125	-4559.0	2.28	0.0520	0.704	49.274	0.00	0.00	0	0
4163	-74.125	31.125	-4735.0	2.27	0.0500	0.700	49.388	0.00	0.00	0	0
4164	-74.042	31.125	-4928.5	2.26	0.0480	0.699	49.372	0.00	0.00	0	0
4165	-73.958	31.125	-5029.0	2.26	0.0450	0.518	49.621	0.00	0.00	0	0
4166	-73.875	31.125	-5097.5	2.26	0.0440	0.514	49.528	0.00	0.00	0	0
4167	-73.792	31.125	-5089.0	2.26	0.0430	0.510	49.652	0.00	0.00	0	0
4168	-73.708	31.125	-5102.0	2.26	0.0420	0.459	49.825	0.00	0.00	0	0
4169	-73.625	31.125	-5132.0	2.26	0.0400	0.346	49.993	0.00	0.00	0	0
4170	-73.542	31.125	-5174.0	2.26	0.0390	0.356	50.147	0.00	0.00	0	0
4171	-73.458	31.125	-5216.5	2.26	0.0380	0.408	50.296	0.00	0.00	0	0
4172	-73.375	31.125	-5239.0	2.27	0.0370	0.408	50.461	0.00	0.00	0	0
4173	-73.292	31.125	-5273.0	2.27	0.0370	0.384	50.607	0.00	0.00	0	0
4174	-73.208	31.125	-5277.0	2.27	0.0370	0.347	50.819	0.00	0.00	0	0
4175	-73.125	31.125	-5234.5	2.27	0.0370	0.399	50.577	0.00	0.00	0	0
4176	-73.042	31.125	-5258.0	2.27	0.0370	0.308	50.552	0.00	0.00	0	0
4177	-72.958	31.125	-5302.0	2.27	0.0370	0.374	51.464	0.00	0.00	0	0
4178	-72.875	31.125	-5351.5	2.26	0.0380	0.373	51.499	0.00	0.00	0	0
4179	-72.792	31.125	-5370.0	2.26	0.0380	0.398	51.519	0.00	0.00	0	0
4180	-72.708	31.125	-5362.0	2.24	0.0380	0.346	52.530	0.00	0.00	0	0
4181	-72.625	31.125	-5345.0	2.24	0.0380	0.320	52.230	0.00	0.00	0	0
4182	-72.542	31.125	-5383.0	2.23	0.0380	0.567	50.948	0.00	0.00	0	0
4183	-72.458	31.125	-5394.0	2.26	0.0380	0.427	50.522	0.00	0.00	0	0
4184	-72.375	31.125	-5417.0	2.26	0.0380	0.636	50.221	0.00	0.00	0	0
4185	-72.292	31.125	-5403.0	2.22	0.0380	0.581	49.922	0.00	0.00	0	0
4186	-72.208	31.125	-5426.5	2.21	0.0380	0.637	49.720	0.00	0.00	0	0
4187	-72.125	31.125	-5423.0	2.21	0.0390	0.639	49.604	0.00	0.00	0	0
4188	-72.042	31.125	-5409.0	2.20	0.0390	0.638	49.615	0.00	0.00	0	0
4189	-71.958	31.125	-5410.0	2.20	0.0390	0.582	49.550	0.00	0.00	0	0
4190	-71.875	31.125	-5413.0	2.20	0.0390	0.582	49.464	0.00	0.00	0	0
4191	-71.792	31.125	-5410.0	2.19	0.0390	0.589	49.362	0.00	0.00	0	0
4192	-71.708	31.125	-5414.0	2.18	0.0390	0.553	49.278	0.00	0.00	0	0
4193	-71.625	31.125	-5418.0	2.17	0.0380	0.501	49.219	0.00	0.00	0	0
4194	-71.542	31.125	-5425.0	2.17	0.0380	0.556	49.139	0.00	0.00	0	0
4195	-71.458	31.125	-5408.0	2.17	0.0370	0.557	49.092	0.00	0.00	0	0
4196	-71.375	31.125	-5403.0	2.17	0.0360	0.509	49.065	0.00	0.00	0	0
4197	-71.292	31.125	-5406.0	2.17	0.0350	0.582	50.569	0.00	0.00	0	0
4198	-71.208	31.125	-5374.0	2.17	0.0340	0.510	50.571	0.00	0.00	0	0
4199	-71.125	31.125	-5407.0	2.17	0.0330	0.582	50.575	0.00	0.00	0	0
4200	-71.042	31.125	-5438.5	2.17	0.0320	0.584	50.699	0.00	0.00	0	0
4201	-77.958	31.208	-824.0	4.83	0.1430	0.063	53.634	0.00	0.00	0	0
4202	-77.875	31.208	-863.0	4.77	0.1450	0.063	50.830	0.00	0.00	0	0
4203	-77.792	31.208	-867.5	4.71	0.1480	0.052	53.791	0.00	0.00	0	0
4204	-77.708	31.208	-853.0	4.59	0.1500	0.050	46.095	0.00	0.00	0	0
4205	-77.625	31.208	-868.0	4.43	0.1520	0.073	45.985	0.00	0.00	0	0
4206	-77.542	31.208	-911.0	3.89	0.1530	0.097	45.992	0.00	0.00	0	0
4207	-77.458	31.208	-975.5	3.51	0.1530	0.132	45.978	0.00	0.00	0	0
4208	-77.375	31.208	-1064.0	3.29	0.1520	0.146	47.426	0.00	0.00	0	0
4209	-77.292	31.208	-1274.0	3.29	0.1500	0.156	47.354	0.00	0.00	0	0
4210	-77.208	31.208	-1653.0	3.61	0.1460	0.151	48.081	0.00	0.00	0	0
4211	-77.125	31.208	-1973.5	3.21	0.1420	0.148	46.860	0.00	0.00	0	0
4212	-77.042	31.208	-2454.0	3.21	0.1380	0.154	47.865	0.00	0.00	0	0
4213	-76.958	31.208	-2559.0	3.21	0.1350	0.152	47.869	0.00	0.00	0	0
4214	-76.875	31.208	-2644.0	3.20	0.1310	0.152	47.873	0.00	0.00	0	0
4215	-76.792	31.208	-2734.0	3.13	0.1280	0.167	48.578	0.00	0.00	0	0
4216	-76.708	31.208	-2738.0	3.14	0.1250	0.151	47.724	0.00	0.00	0	0
4217	-76.625	31.208	-2751.0	3.13	0.1200	0.135	47.717	0.00	0.00	0	0
4218	-76.542	31.208	-2818.5	3.12	0.1140	0.136	47.700	0.00	0.00	0	0
4219	-76.458	31.208	-2908.0	2.79	0.1080	0.136	47.681	0.00	0.00	0	0
4220	-76.375	31.208	-3028.0	2.76	0.1010	0.136	47.649	0.00	0.00	0	0
4221	-76.292	31.208	-3236.5	2.64	0.0970	0.554	47.620	0.00	0.00	0	0
4222	-76.208	31.208	-3215.0	2.30	0.0900	0.790	47.605	0.00	0.00	0	0
4223	-76.125	31.208	-3210.0	2.30	0.0880	0.654	47.575	0.00	0.00	0	0
4224	-76.042	31.208	-3210.0	2.32	0.0880	0.880	47.537	3.96	0.01	0	0
4225	-75.958	31.208	-3238.5	2.32	0.0870	0.855	47.495	0.00	0.00	0	0
4226	-75.875	31.208	-3256.0	2.33	0.0850	0.829	47.454	28.53	0.00	0	0
4227	-75.792	31.208	-3252.0	2.34	0.0830	0.829	47.408	0.00	0.00	0	0
4228	-75.708	31.208	-3238.0	2.34	0.0800	0.827	47.354	0.00	0.00	0	0
4229	-75.625	31.208	-3265.0	2.35	0.0770	0.824	47.302	28.58	0.00	0	0
4230	-75.542	31.208	-3314.0	2.35	0.0730	0.811	47.279	188.03	23.52	2	1
4231	-75.458	31.208	-3370.5	2.34	0.0710	0.807	47.306	84.01	1.85	1	0
4232	-75.375	31.208	-3400.0	2.32	0.0700	0.802	47.292	177.77	19.02	2	1
4233	-75.292	31.208	-3407.5	2.32	0.0700	0.804	46.890	15.91	0.00	0	0
4234	-75.208	31.208	-3405.5	2.31	0.0710	0.802	46.841	105.53	8.71	1	0
4235	-75.125	31.208	-3403.0	2.30	0.0720	0.800	46.711	195.58	19.13	2	1
4236	-75.042	31.208	-3401.0	2.30	0.0730	0.686	46.753	0.00	0.00	0	0
4237	-74.958	31.208	-3373.0	2.30	0.0740	0.428	46.760	0.00	0.00	0	0
4238	-74.875	31.208	-3289.0	2.29	0.0740	0.438	47.670	0.00	0.00	0	0
4239	-74.792	31.208	-3229.0	2.27	0.0730	0.539	47.641	0.00	0.00	0	0
4240	-74.708	31.208	-3369.5	2.27	0.0700	0.542	47.656	0.00	0.00	0	0
4241	-74.625	31.208	-3631.0	2.27	0.0670	0.622	48.881	0.00	0.00	0	0
4242	-74.542	31.208	-3911.0	2.27	0.0650	0.707	48.858	0.00	0.00	0	0
4243	-74.458	31.208	-4127.0	2.27	0.0610	0.705	48.798	0.00	0.00	0	0
4244	-74.375	31.208	-4286.0	2.28	0.0580	0.705	48.926	0.00	0.00	0	0
4245	-74.292	31.208	-4462.5	2.27	0.0550	0.705	49.038	0.00	0.00	0	0
4246	-74.208	31.208	-4657.0	2.28	0.0510	0.702	49.148	0.00	0.00	0	0
4247	-74.125	31.208	-4858.5	2.27	0.0490	0.699	49.262	0.00	0.00	0	0
4248	-74.042	31.208	-4987.5	2.26	0.0470	0.698	49.063	0.00	0.00	0	0
4249	-73.958	31.208	-5081.5	2.26	0.0450	0.425	49.406	0.00	0.00	0	0
4250	-73.875	31.208	-5093.0	2.26	0.0440	0.420	49.990	0.00	0.00	0	0
4251	-73.792	31.208	-5089.0	2.26	0.0430	0.413	49.983	0.00	0.00	0	0
4252	-73.708	31.208	-5118.5	2.26	0.0420	0.365	49.663	0.00	0.00	0	0
4253	-73.625	31.208	-5155.0	2.26	0.0400	0.310	49.818	0.00	0.00	0	0
4254	-73.542	31.208	-5199.0	2.26	0.0390	0.311	49.851	0.00	0.00	0	0
4255	-73.458	31.208	-5220.0	2.26	0.0380	0.356	50.101	0.00	0.00	0	0
4256	-73.375	31.208	-5247.0	2.26	0.0370	0.448	50.256	0.00	0.00	0	0
4257	-73.292	31.208	-5260.0	2.26	0.0370	0.447	50.432	0.00	0.00	0	0
4258	-73.208	31.208	-5227.0	2.27	0.0370	0.447	50.610	0.00	0.00	0	0
4259	-73.125	31.208	-5283.5	2.27	0.0370	0.401	50.331	0.00	0.00	0	0
4260	-73.042	31.208	-5290.0	2.27	0.0370	0.325	50.545	0.00	0.00	0	0
4261	-72.958	31.208	-5274.0	2.27	0.0370	0.374	51.442	0.00	0.00	0	0
4262	-72.875	31.208	-5343.0	2.27	0.0380	0.375	51.531	0.00	0.00	0	0
4263	-72.792	31.208	-5337.0	2.26	0.0380	0.308	51.563	0.00	0.00	0	0
4264	-72.708	31.208	-5386.0	2.24	0.0380	0.396	53.067	0.00	0.00	0	0
4265	-72.625	31.208	-5339.0	2.24	0.0380	0.374	52.988	0.00	0.00	0	0
4266	-72.542	31.208	-5393.0	2.24	0.0380	0.374	52.381	0.00	0.00	0	0
4267	-72.458	31.208	-5393.0	2.24	0.0380	0.443	51.106	0.00	0.00	0	0
4268	-72.375	31.208	-5403.0	2.26	0.0380	0.443	50.589	0.00	0.00	0	0
4269	-72.292	31.208	-5405.0	2.24	0.0380	0.638	50.148	0.00	0.00	0	0
4270	-72.208	31.208	-5424.0	2.21	0.0380	0.584	49.582	0.00	0.00	0	0
4271	-72.125	31.208	-5411.0	2.21	0.0380	0.638	48.477	0.00	0.00	0	0
4272	-72.042	31.208	-5402.0	2.20	0.0390	0.581	49.695	0.00	0.00	0	0
4273	-71.958	31.208	-5410.0	2.20	0.0390	0.632	49.640	0.00	0.00	0	0
4274	-71.875	31.208	-5400.0	2.18	0.0390	0.583	49.561	0.00	0.00	0	0
4275	-71.792	31.208	-5408.0	2.19	0.0390	0.640	49.461	0.00	0.00	0	0
4276	-71.708	31.208	-5410.0	2.19	0.0380	0.587	49.378	0.00	0.00	0	0
4277	-71.625	31.208	-5416.0	2.18	0.0380	0.500	49.308	0.00	0.00	0	0
4278	-71.542	31.208	-5433.0	2.18	0.0370	0.555	49.224	0.00	0.00	0	0
4279	-71.458	31.208	-5404.0	2.18	0.0370	0.557	49.170	0.00	0.00	0	0
4280	-71.375	31.208	-5373.0	2.18	0.0360	0.598	49.140	0.00	0.00	0	0
4281	-71.292	31.208	-5368.0	2.18	0.0350	0.591	49.102	0.00	0.00	0	0
4282	-71.208	31.208	-5408.0	2.17	0.0340	0.592	50.607	0.00	0.00	0	0
4283	-71.125	31.208	-5410.0	2.17	0.0330	0.594	50.608	0.00	0.00	0	0
4284	-71.042	31.208	-5383.0	2.17	0.0330	0.593	50.627	0.00	0.00	0	0
4285	-77.958	31.292	-779.0	6.66	0.1440	0.062	53.686	0.00	0.00	0	0
4286	-77.875	31.292	-822.0	6.61	0.1450	0.063	50.882	0.00	0.00	0	0
4287	-77.792	31.292	-835.0	4.70	0.1470	0.070	50.801	0.00	0.00	0	0
4288	-77.708	31.292	-832.0	4.61	0.1480	0.030	47.816	0.00	0.00	0	0
4289	-77.625	31.292	-848.0	4.43	0.1500	0.090	46.073	0.00	0.00	0	0
4290	-77.542	31.292	-902.0	4.38	0.1500	0.106	45.993	0.00	0.00	0	0
4291	-77.458	31.292	-972.0	3.52	0.1500	0.137	45.986	0.00	0.00	0	0
4292	-77.375	31.292	-1034.0	3.62	0.1490	0.148	45.934	0.00	0.39	0	0
4293	-77.292	31.292	-1166.0	3.63	0.1460	0.144	47.407	0.00	0.00	0	0
4294	-77.208	31.292	-1524.0	3.62	0.1430	0.149	47.349	0.00	0.00	0	0
4295	-77.125	31.292	-1971.0	3.21	0.1400	0.297	46.839	36.06	14.61	2	0
4296	-77.042	31.292	-2379.0	3.21	0.1380	0.298	45.261	52.92	10.30	1	0
4297	-76.958	31.292	-2504.5	3.21	0.1350	0.144	47.868	0.00	0.00	0	0
4298	-76.875	31.292	-2609.0	3.20	0.1330	0.153	47.875	0.00	0.00	0	0
4299	-76.792	31.292	-2664.0	3.19	0.1310	0.167	48.591	0.00	0.00	0	0
4300	-76.708	31.292	-2739.0	3.19	0.1290	0.151	46.821	0.00	0.00	0	0
4301	-76.625	31.292	-2760.5	3.13	0.1270	0.166	47.733	0.00	0.00	0	0
4302	-76.542	31.292	-2796.0	3.11	0.1210	0.166	47.722	0.00	0.00	0	0
4303	-76.458	31.292	-2814.0	3.08	0.1160	0.136	47.707	0.00	0.00	0	0
4304	-76.375	31.292	-2901.0	2.59	0.1100	0.294	47.689	0.00	0.00	0	0
4305	-76.292	31.292	-3107.0	2.30	0.1030	0.548	47.678	0.00	0.00	0	0
4306	-76.208	31.292	-3148.0	2.30	0.0970	0.645	47.645	0.00	0.00	0	0
4307	-76.125	31.292	-3180.0	2.30	0.0940	0.875	47.617	0.00	0.00	0	0
4308	-76.042	31.292	-3179.0	2.31	0.0920	0.883	47.584	0.00	0.00	0	0
4309	-75.958	31.292	-3165.0	2.32	0.0920	0.791	47.532	77.45	0.27	0	0
4310	-75.875	31.292	-3202.0	2.33	0.0900	0.830	47.487	92.93	1.30	0	0
4311	-75.792	31.292	-3216.0	2.34	0.0880	0.828	47.437	36.39	0.00	0	0
4312	-75.708	31.292	-3216.0	2.35	0.0850	0.825	47.376	0.00	0.00	0	0
4313	-75.625	31.292	-3209.0	2.35	0.0820	0.824	47.308	0.00	0.00	0	0
4314	-75.542	31.292	-3188.0	2.35	0.0790	0.827	47.337	112.37	9.76	1	0
4315	-75.458	31.292	-3174.0	2.35	0.0770	0.807	47.322	200.86	25.83	2	2
4316	-75.375	31.292	-3171.0	2.33	0.0760	0.807	47.327	196.46	25.68	2	2
4317	-75.292	31.292	-3174.5	2.32	0.0760	0.803	47.332	196.39	25.73	2	2
4318	-75.208	31.292	-3171.5	2.31	0.0760	0.805	46.872	198.48	25.68	2	2
4319	-75.125	31.292	-3164.0	2.31	0.0750	0.686	46.724	15.13	0.00	0	0
4320	-75.042	31.292	-3151.0	2.30	0.0770	0.691	46.771	149.49	20.40	2	1
4321	-74.958	31.292	-3150.0	2.30	0.0780	0.695	46.779	0.00	0.00	0	0
4322	-74.875	31.292	-3187.0	2.30	0.0760	0.696	47.685	66.84	9.72	1	0
4323	-74.792	31.292	-3328.5	2.27	0.0730	0.453	47.651	0.00	0.00	0	0
4324	-74.708	31.292	-3552.5	2.27	0.0690	0.458	47.628	0.00	0.00	0	0
4325	-74.625	31.292	-3822.0	2.27	0.0660	0.703	47.586	0.00	0.00	0	0
4326	-74.542	31.292	-4056.0	2.27	0.0630	0.706	48.773	0.00	0.00	0	0
4327	-74.458	31.292	-4222.5	2.27	0.0600	0.708	48.696	0.00	0.00	0	0
4328	-74.375	31.292	-4384.0	2.28	0.0570	0.706	48.808	0.00	0.00	0	0
4329	-74.292	31.292	-4557.0	2.27	0.0530	0.705	48.916	0.00	0.00	0	0
4330	-74.208	31.292	-4768.5	2.27	0.0500	0.702	49.023	0.00	0.00	0	0
4331	-74.125	31.292	-4937.0	2.27	0.0470	0.698	49.134	0.00	0.00	0	0
4332	-74.042	31.292	-5044.0	2.26	0.0460	0.570	48.994	0.00	0.00	0	0
4333	-73.958	31.292	-5086.0	2.26	0.0450	0.423	48.015	0.00	0.00	0	0
4334	-73.875	31.292	-5085.0	2.26	0.0440	0.419	49.645	0.00	0.00	0	0
4335	-73.792	31.292	-5103.0	2.26	0.0430	0.363	49.815	0.00	0.00	0	0
4336	-73.708	31.292	-5134.0	2.26	0.0420	0.414	50.113	0.00	0.00	0	0
4337	-73.625	31.292	-5177.5	2.26	0.0410	0.414	50.283	0.00	0.00	0	0
4338	-73.542	31.292	-5200.0	2.26	0.0390	0.307	49.685	0.00	0.00	0	0
4339	-73.458	31.292	-5228.0	2.26	0.0390	0.358	49.921	0.00	0.00	0	0
4340	-73.375	31.292	-5267.0	2.26	0.0380	0.399	50.093	0.00	0.00	0	0
4341	-73.292	31.292	-5236.0	2.26	0.0380	0.308	50.090	0.00	0.00	0	0
4342	-73.208	31.292	-5265.0	2.26	0.0380	0.447	50.352	0.00	0.00	0	0
4343	-73.125	31.292	-5338.5	2.27	0.0380	0.308	50.273	0.00	0.00	0	0
4344	-73.042	31.292	-5287.5	2.25	0.0380	0.307	50.454	0.00	0.00	0	0
4345	-72.958	31.292	-5262.0	2.27	0.0380	0.375	50.402	0.00	0.00	0	0
4346	-72.875	31.292	-5367.0	2.27	0.0380	0.376	51.510	0.00	0.00	0	0
4347	-72.792	31.292	-5328.0	2.25	0.0380	0.356	51.573	0.00	0.00	0	0
4348	-72.708	31.292	-5368.0	2.24	0.0380	0.309	53.205	0.00	0.00	0	0
4349	-72.625	31.292	-5349.0	2.24	0.0380	0.390	53.724	0.00	0.00	0	0
4350	-72.542	31.292	-5344.0	2.24	0.0380	0.391	53.193	0.00	0.00	0	0
4351	-72.458	31.292	-5389.0	2.24	0.0380	0.360	52.494	0.00	0.00	0	0
4352	-72.375	31.292	-5402.0	2.26	0.0380	0.627	51.033	0.00	0.00	0	0
4353	-72.292	31.292	-5419.0	2.24	0.0380	0.633	50.442	0.00	0.00	0	0
4354	-72.208	31.292	-5413.0	2.22	0.0380	0.581	49.759	0.00	0.00	0	0
4355	-72.125	31.292	-5403.0	2.21	0.0380	0.635	49.375	0.00	0.00	0	0
4356	-72.042	31.292	-5408.0	2.20	0.0390	0.634	49.758	0.00	0.00	0	0
4357	-71.958	31.292	-5409.0	2.20	0.0390	0.632	49.706	0.00	0.00	0	0
4358	-71.875	31.292	-5407.0	2.20	0.0390	0.635	49.639	0.00	0.00	0	0
4359	-71.792	31.292	-5406.0	2.19	0.0380	0.588	49.548	0.00	0.00	0	0
4360	-71.708	31.292	-5410.0	2.18	0.0380	0.637	49.475	0.00	0.00	0	0
4361	-71.625	31.292	-5412.0	2.19	0.0380	0.554	49.380	0.00	0.00	0	0
4362	-71.542	31.292	-5432.0	2.18	0.0370	0.646	49.304	0.00	0.00	0	0
4363	-71.458	31.292	-5390.5	2.18	0.0370	0.649	49.245	0.00	0.00	0	0
4364	-71.375	31.292	-5356.0	2.18	0.0360	0.653	49.205	0.00	0.00	0	0
4365	-71.292	31.292	-5451.5	2.18	0.0350	0.657	49.172	0.00	0.00	0	0
4366	-71.208	31.292	-5431.0	2.17	0.0340	0.663	50.641	0.00	0.00	0	0
4367	-71.125	31.292	-5404.0	2.17	0.0340	0.592	50.639	0.00	0.00	0	0
4368	-71.042	31.292	-5413.0	2.17	0.0330	0.594	50.642	0.00	0.00	0	0
4369	-77.958	31.375	-748.5	6.72	0.1450	0.057	51.061	0.00	0.00	0	0
4370	-77.875	31.375	-789.0	6.66	0.1460	0.056	50.968	0.00	0.00	0	0
4371	-77.792	31.375	-805.0	6.59	0.1470	0.148	50.866	0.00	28.17	3	0
4372	-77.708	31.375	-809.0	6.43	0.1470	0.088	50.733	0.00	0.56	0	0
4373	-77.625	31.375	-830.0	4.53	0.1470	0.097	46.080	0.00	0.00	0	0
4374	-77.542	31.375	-876.0	3.86	0.1460	0.108	46.026	0.00	0.53	0	0
4375	-77.458	31.375	-949.0	3.69	0.1450	0.135	45.966	0.00	0.54	0	0
4376	-77.375	31.375	-995.0	3.03	0.1440	0.154	45.928	0.00	0.55	0	0
4377	-77.292	31.375	-1086.5	3.64	0.1420	0.151	49.167	0.00	0.00	0	0
4378	-77.208	31.375	-1380.0	3.63	0.1400	0.292	49.127	30.21	33.39	3	0
4379	-77.125	31.375	-1836.0	3.20	0.1380	0.301	48.759	40.18	18.48	2	0
4380	-77.042	31.375	-2294.5	3.21	0.1370	0.288	45.277	52.21	11.61	2	0
4381	-76.958	31.375	-2468.0	3.21	0.1350	0.159	45.288	0.00	0.00	0	0
4382	-76.875	31.375	-2533.0	3.20	0.1340	0.155	45.310	0.00	0.00	0	0
4383	-76.792	31.375	-2625.0	3.20	0.1340	0.168	47.881	0.00	0.00	0	0
4384	-76.708	31.375	-2695.0	3.19	0.1320	0.152	48.568	0.00	0.00	0	0
4385	-76.625	31.375	-2726.0	3.12	0.1310	0.151	47.748	0.00	0.00	0	0
4386	-76.542	31.375	-2761.0	3.11	0.1270	0.151	47.747	0.00	0.00	0	0
4387	-76.458	31.375	-2769.0	3.08	0.1230	0.166	47.741	0.00	0.00	0	0
4388	-76.375	31.375	-2802.0	2.77	0.1170	0.295	47.735	0.00	0.00	0	0
4389	-76.292	31.375	-2906.0	2.30	0.1110	0.386	47.713	0.00	0.00	0	0
4390	-76.208	31.375	-2971.0	2.30	0.1050	0.780	47.697	44.72	0.00	0	0
4391	-76.125	31.375	-3058.0	2.30	0.1010	0.875	47.662	0.00	0.00	0	0
4392	-76.042	31.375	-3165.5	2.30	0.0990	0.797	47.489	0.00	0.00	0	0
4393	-75.958	31.375	-3172.0	2.31	0.0980	0.864	47.463	27.66	0.07	0	0
4394	-75.875	31.375	-3160.0	2.32	0.0960	0.859	47.529	20.12	0.05	0	0
4395	-75.792	31.375	-3167.0	2.33	0.0930	0.834	47.474	68.39	0.24	0	0
4396	-75.708	31.375	-3184.0	2.34	0.0910	0.829	47.409	45.41	0.00	0	0
4397	-75.625	31.375	-3189.0	2.36	0.0880	0.826	47.324	36.99	0.00	0	0
4398	-75.542	31.375	-3186.0	2.36	0.0850	0.825	47.338	0.00	0.00	0	0
4399	-75.458	31.375	-3168.0	2.36	0.0840	0.822	47.320	126.97	10.35	1	1
4400	-75.375	31.375	-3144.0	2.35	0.0830	0.821	47.346	215.58	26.61	2	2
4401	-75.292	31.375	-3117.0	2.32	0.0830	0.641	47.363	98.31	9.07	1	0
4402	-75.208	31.375	-3084.0	2.32	0.0810	0.803	46.933	213.57	27.26	2	2
4403	-75.125	31.375	-3052.0	2.31	0.0800	0.546	46.926	23.42	0.00	0	0
4404	-75.042	31.375	-3023.0	2.30	0.0790	0.536	46.789	0.00	0.00	0	0
4405	-74.958	31.375	-3100.0	2.30	0.0790	0.631	46.805	170.33	22.47	2	1
4406	-74.875	31.375	-3345.5	2.30	0.0770	0.536	46.781	0.00	0.00	0	0
4407	-74.792	31.375	-3488.0	2.27	0.0730	0.575	47.639	0.00	0.00	0	0
4408	-74.708	31.375	-3715.0	2.27	0.0680	0.576	47.611	0.00	0.00	0	0
4409	-74.625	31.375	-3971.5	2.27	0.0650	0.707	47.559	0.00	0.00	0	0
4410	-74.542	31.375	-4151.0	2.27	0.0610	0.708	47.724	0.00	0.00	0	0
4411	-74.458	31.375	-4312.5	2.27	0.0580	0.708	47.703	0.00	0.00	0	0
4412	-74.375	31.375	-4500.0	2.27	0.0550	0.706	48.661	0.00	0.00	0	0
4413	-74.292	31.375	-4683.0	2.27	0.0520	0.704	48.794	0.00	0.00	0	0
4414	-74.208	31.375	-4869.0	2.27	0.0480	0.618	48.903	0.00	0.00	0	0
4415	-74.125	31.375	-5031.0	2.26	0.0460	0.572	49.009	0.00	0.00	0	0
4416	-74.042	31.375	-5062.0	2.26	0.0450	0.454	48.834	0.00	0.00	0	0
4417	-73.958	31.375	-5071.0	2.26	0.0440	0.446	48.139	0.00	0.00	0	0
4418	-73.875	31.375	-5086.0	2.26	0.0440	0.439	49.492	0.00	0.00	0	0
4419	-73.792	31.375	-5114.0	2.23	0.0430	0.481	49.644	0.00	0.00	0	0
4420	-73.708	31.375	-5151.0	2.26	0.0420	0.421	49.806	0.00	0.00	0	0
4421	-73.625	31.375	-5182.0	2.26	0.0410	0.414	49.984	0.00	0.00	0	0
4422	-73.542	31.375	-5214.0	2.25	0.0400	0.394	50.146	0.00	0.00	0	0
4423	-73.458	31.375	-5250.0	2.26	0.0390	0.350	50.287	0.00	0.00	0	0
4424	-73.375	31.375	-5278.0	2.26	0.0390	0.330	50.423	0.00	0.00	0	0
4425	-73.292	31.375	-5239.5	2.26	0.0380	0.455	49.883	0.00	0.00	0	0
4426	-73.208	31.375	-5351.0	2.26	0.0380	0.308	50.119	0.00	0.00	0	0
4427	-73.125	31.375	-5320.0	2.26	0.0380	0.449	50.040	0.00	0.00	0	0
4428	-73.042	31.375	-5294.0	2.25	0.0380	0.383	50.122	0.00	0.00	0	0
4429	-72.958	31.375	-5322.0	2.27	0.0380	0.375	50.533	0.00	0.00	0	0
4430	-72.875	31.375	-5366.0	2.27	0.0380	0.377	51.472	0.00	0.00	0	0
4431	-72.792	31.375	-5372.5	2.25	0.0380	0.443	51.500	0.00	0.00	0	0
4432	-72.708	31.375	-5377.0	2.24	0.0380	0.310	53.015	0.00	0.00	0	0
4433	-72.625	31.375	-5385.0	2.24	0.0380	0.325	53.899	0.00	0.00	0	0
4434	-72.542	31.375	-5379.0	2.24	0.0380	0.359	54.043	0.00	0.00	0	0
4435	-72.458	31.375	-5393.0	2.24	0.0380	0.625	53.135	0.00	0.00	0	0
4436	-72.375	31.375	-5419.5	2.26	0.0380	0.626	52.227	0.00	0.00	0	0
4437	-72.292	31.375	-5418.0	2.24	0.0380	0.631	50.783	0.00	0.00	0	0
4438	-72.208	31.375	-5404.0	2.22	0.0380	0.633	50.801	0.00	0.00	0	0
4439	-72.125	31.375	-5398.0	2.21	0.0380	0.640	50.534	0.00	0.00	0	0
4440	-72.042	31.375	-5402.0	2.20	0.0380	0.639	49.470	0.00	0.00	0	0
4441	-71.958	31.375	-5408.0	2.20	0.0390	0.637	49.677	0.00	0.00	0	0
4442	-71.875	31.375	-5408.0	2.20	0.0380	0.640	49.720	0.00	0.00	0	0
4443	-71.792	31.375	-5411.0	2.19	0.0380	0.636	49.632	0.00	0.00	0	0
4444	-71.708	31.375	-5409.0	2.18	0.0380	0.635	49.554	0.00	0.00	0	0
4445	-71.625	31.375	-5413.0	2.18	0.0380	0.642	49.455	0.00	0.00	0	0
4446	-71.542	31.375	-5424.0	2.18	0.0370	0.644	49.381	0.00	0.00	0	0
4447	-71.458	31.375	-5378.0	2.18	0.0360	0.645	49.319	0.00	0.00	0	0
4448	-71.375	31.375	-5400.0	2.18	0.0360	0.647	49.270	0.00	0.00	0	0
4449	-71.292	31.375	-5449.0	2.18	0.0350	0.659	49.233	0.00	0.00	0	0
4450	-71.208	31.375	-5415.0	2.17	0.0340	0.661	50.672	0.00	0.00	0	0
4451	-71.125	31.375	-5385.0	2.18	0.0340	0.593	50.666	0.00	0.00	0	0
4452	-71.042	31.375	-5394.0	2.17	0.0330	0.594	50.668	0.00	0.00	0	0
4453	-77.958	31.458	-714.0	6.73	0.1460	0.050	55.646	0.00	0.00	0	0
4454	-77.875	31.458	-749.0	6.72	0.1470	0.050	51.004	0.00	0.00	0	0
4455	-77.792	31.458	-778.0	6.67	0.1460	0.172	50.937	0.00	41.08	4	0
4456	-77.708	31.458	-786.0	6.54	0.1460	0.164	50.841	0.00	21.32	3	0
4457	-77.625	31.458	-817.0	4.62	0.1440	0.084	47.854	0.00	0.34	0	0
4458	-77.542	31.458	-860.5	4.33	0.1430	0.106	46.061	0.00	0.58	0	0
4459	-77.458	31.458	-922.0	3.83	0.1410	0.199	46.022	1.07	17.62	2	0
4460	-77.375	31.458	-987.0	3.07	0.1400	0.230	45.919	0.00	0.00	0	0
4461	-77.292	31.458	-1045.0	3.73	0.1390	0.263	49.185	17.96	51.27	6	0
4462	-77.208	31.458	-1232.0	3.73	0.1380	0.372	49.151	56.93	68.88	8	1
4463	-77.125	31.458	-1638.5	3.21	0.1360	0.291	48.774	38.22	24.93	3	0
4464	-77.042	31.458	-2168.5	3.20	0.1360	0.380	48.707	61.95	19.38	2	0
4465	-76.958	31.458	-2409.5	3.21	0.1350	0.292	45.309	55.55	10.49	2	0
4466	-76.875	31.458	-2490.0	3.20	0.1360	0.297	45.332	57.09	10.15	1	0
4467	-76.792	31.458	-2570.0	3.20	0.1350	0.156	47.883	0.00	0.00	0	0
4468	-76.708	31.458	-2647.0	3.20	0.1350	0.156	48.580	0.00	0.00	0	0
4469	-76.625	31.458	-2711.0	3.18	0.1340	0.167	47.759	0.00	0.00	0	0
4470	-76.542	31.458	-2738.0	3.12	0.1320	0.167	46.077	0.00	0.00	0	0
4471	-76.458	31.458	-2749.0	3.10	0.1280	0.166	46.144	0.00	0.00	0	0
4472	-76.375	31.458	-2752.0	2.78	0.1220	0.166	47.755	0.00	0.00	0	0
4473	-76.292	31.458	-2789.0	2.46	0.1170	0.385	47.759	19.08	0.00	0	0
4474	-76.208	31.458	-2821.5	2.30	0.1120	0.865	47.558	206.06	22.91	3	1
4475	-76.125	31.458	-2940.5	2.30	0.1080	0.874	47.549	57.42	0.00	0	0
4476	-76.042	31.458	-3042.0	2.30	0.1060	0.886	47.527	0.00	0.00	0	0
4477	-75.958	31.458	-3115.0	2.31	0.1040	0.869	47.503	87.32	1.64	0	0
4478	-75.875	31.458	-3162.0	2.31	0.1020	0.865	47.470	47.18	0.25	0	0
4479	-75.792	31.458	-3158.0	2.32	0.0990	0.838	47.408	39.11	0.14	0	0
4480	-75.708	31.458	-3142.0	2.34	0.0960	0.834	47.454	34.14	0.00	0	0
4481	-75.625	31.458	-3153.0	2.36	0.0930	0.828	47.367	51.33	0.00	0	0
4482	-75.542	31.458	-3159.0	2.36	0.0900	0.828	47.333	53.85	0.00	0	0
4483	-75.458	31.458	-3147.0	2.38	0.0890	0.824	47.311	0.00	0.00	0	0
4484	-75.375	31.458	-3134.0	2.36	0.0880	0.821	47.354	211.77	24.97	2	2
4485	-75.292	31.458	-3112.0	2.33	0.0870	0.640	47.387	166.01	21.38	2	1
4486	-75.208	31.458	-3072.0	2.32	0.0860	0.823	46.949	225.52	27.60	2	2
4487	-75.125	31.458	-3026.0	2.31	0.0820	0.613	46.947	21.12	0.00	0	0
4488	-75.042	31.458	-3076.0	2.30	0.0810	0.538	46.805	0.00	0.00	0	0
4489	-74.958	31.458	-3258.0	2.30	0.0790	0.784	46.834	100.63	8.91	1	0
4490	-74.875	31.458	-3411.0	2.30	0.0750	0.694	46.817	0.00	0.00	0	0
4491	-74.792	31.458	-3617.5	2.31	0.0720	0.575	47.631	0.00	0.00	0	0
4492	-74.708	31.458	-3894.0	2.27	0.0680	0.707	47.602	0.00	0.00	0	0
4493	-74.625	31.458	-4095.0	2.27	0.0640	0.708	47.550	0.00	0.00	0	0
4494	-74.542	31.458	-4258.0	2.27	0.0600	0.708	48.564	0.00	0.00	0	0
4495	-74.458	31.458	-4434.0	2.27	0.0570	0.707	47.652	0.00	0.00	0	0
4496	-74.375	31.458	-4609.0	2.27	0.0530	0.705	48.572	0.00	0.00	0	0
4497	-74.292	31.458	-4822.5	2.27	0.0500	0.703	48.694	0.00	0.00	0	0
4498	-74.208	31.458	-4967.0	2.27	0.0480	0.619	48.772	0.00	0.00	0	0
4499	-74.125	31.458	-5060.0	2.26	0.0460	0.456	48.858	0.00	0.00	0	0
4500	-74.042	31.458	-5054.0	2.26	0.0450	0.448	47.103	0.00	0.00	0	0
4501	-73.958	31.458	-5062.5	2.26	0.0440	0.442	47.400	0.00	0.00	0	0
4502	-73.875	31.458	-5090.5	2.26	0.0430	0.322	48.852	0.00	0.00	0	0
4503	-73.792	31.458	-5129.0	2.25	0.0430	0.479	49.471	0.00	0.00	0	0
4504	-73.708	31.458	-5167.0	2.26	0.0420	0.439	49.642	0.00	0.00	0	0
4505	-73.625	31.458	-5193.0	2.26	0.0410	0.362	49.801	0.00	0.00	0	0
4506	-73.542	31.458	-5223.0	2.24	0.0410	0.308	49.958	0.00	0.00	0	0
4507	-73.458	31.458	-5281.0	2.26	0.0400	0.353	50.099	0.00	0.00	0	0
4508	-73.375	31.458	-5251.0	2.26	0.0390	0.454	50.239	0.00	0.00	0	0
4509	-73.292	31.458	-5296.5	2.25	0.0390	0.331	50.376	0.00	0.00	0	0
4510	-73.208	31.458	-5395.0	2.25	0.0390	0.308	49.954	0.00	0.00	0	0
4511	-73.125	31.458	-5360.0	2.25	0.0380	0.401	49.888	0.00	0.00	0	0
4512	-73.042	31.458	-5338.5	2.25	0.0380	0.399	50.094	0.00	0.00	0	0
4513	-72.958	31.458	-5346.5	2.27	0.0380	0.397	50.425	0.00	0.00	0	0
4514	-72.875	31.458	-5353.0	2.27	0.0380	0.325	51.420	0.00	0.00	0	0
4515	-72.792	31.458	-5387.5	2.26	0.0380	0.392	51.540	0.00	0.00	0	0
4516	-72.708	31.458	-5366.0	2.25	0.0380	0.390	51.588	0.00	0.00	0	0
4517	-72.625	31.458	-5374.0	2.24	0.0380	0.390	54.240	0.00	0.00	0	0
4518	-72.542	31.458	-5385.0	2.26	0.0380	0.360	54.586	0.00	0.00	0	0
4519	-72.458	31.458	-5390.0	2.26	0.0380	0.400	54.604	0.00	0.00	0	0
4520	-72.375	31.458	-5415.0	2.24	0.0380	0.616	52.964	0.00	0.00	0	0
4521	-72.292	31.458	-5408.0	2.24	0.0380	0.623	51.746	0.00	0.00	0	0
4522	-72.208	31.458	-5398.0	2.22	0.0380	0.624	51.023	0.00	0.00	0	0
4523	-72.125	31.458	-5420.0	2.21	0.0380	0.634	50.671	0.00	0.00	0	0
4524	-72.042	31.458	-5397.0	2.21	0.0380	0.638	50.494	0.00	0.00	0	0
4525	-71.958	31.458	-5406.0	2.20	0.0380	0.640	50.377	0.00	0.00	0	0
4526	-71.875	31.458	-5403.0	2.20	0.0380	0.634	49.690	0.00	0.00	0	0
4527	-71.792	31.458	-5408.0	2.18	0.0380	0.631	49.694	0.00	0.00	0	0
4528	-71.708	31.458	-5412.0	2.18	0.0380	0.639	49.634	0.00	0.00	0	0
4529	-71.625	31.458	-5410.0	2.18	0.0380	0.636	49.543	0.00	0.00	0	0
4530	-71.542	31.458	-5414.0	2.18	0.0370	0.639	49.455	0.00	0.00	0	0
4531	-71.458	31.458	-5368.0	2.18	0.0360	0.636	49.386	0.00	0.00	0	0
4532	-71.375	31.458	-5407.0	2.18	0.0360	0.562	49.335	0.00	0.00	0	0
4533	-71.292	31.458	-5410.0	2.18	0.0350	0.659	49.289	0.00	0.00	0	0
4534	-71.208	31.458	-5409.0	2.18	0.0340	0.677	49.239	0.00	0.00	0	0
4535	-71.125	31.458	-5410.0	2.18	0.0340	0.592	50.687	0.00	0.00	0	0
4536	-71.042	31.458	-5407.0	2.17	0.0330	0.663	50.674	0.00	0.00	0	0
4537	-77.958	31.542	-675.0	6.73	0.1440	0.050	55.646	0.00	0.00	0	0
4538	-77.875	31.542	-714.0	6.73	0.1470	0.050	51.045	0.00	0.00	0	0
4539	-77.792	31.542	-744.0	6.69	0.1460	0.246	50.983	0.95	70.57	8	2
4540	-77.708	31.542	-761.0	6.61	0.1440	0.172	50.882	0.00	38.50	4	0
4541	-77.625	31.542	-782.0	6.39	0.1420	0.091	50.768	0.00	1.20	0	0
4542	-77.542	31.542	-842.0	4.52	0.1400	0.258	47.848	6.63	32.79	5	0
4543	-77.458	31.542	-920.5	3.60	0.1380	0.207	46.117	1.04	15.08	1	0
4544	-77.375	31.542	-969.0	3.21	0.1380	0.293	45.013	65.04	52.49	8	1
4545	-77.292	31.542	-1015.0	3.83	0.1370	0.333	49.254	42.80	94.04	10	3
4546	-77.208	31.542	-1147.0	3.75	0.1360	0.377	49.168	62.49	86.52	9	3
4547	-77.125	31.542	-1492.5	3.35	0.1350	0.299	48.786	43.74	39.79	4	0
4548	-77.042	31.542	-2002.5	3.21	0.1340	0.299	48.749	42.25	15.31	2	0
4549	-76.958	31.542	-2357.0	3.21	0.1350	0.295	48.718	46.67	7.30	1	0
4550	-76.875	31.542	-2466.0	3.20	0.1350	0.293	45.370	57.39	10.35	2	0
4551	-76.792	31.542	-2513.0	3.19	0.1370	0.302	45.402	59.85	11.91	2	0
4552	-76.708	31.542	-2593.5	3.19	0.1370	0.302	48.588	49.40	6.00	1	0
4553	-76.625	31.542	-2652.0	3.19	0.1370	0.155	48.551	0.00	0.00	0	0
4554	-76.542	31.542	-2703.0	3.12	0.1360	0.167	47.766	0.00	0.00	0	0
4555	-76.458	31.542	-2745.0	3.11	0.1320	0.167	46.089	0.00	0.00	0	0
4556	-76.375	31.542	-2747.0	2.78	0.1280	0.251	47.767	0.00	0.00	0	0
4557	-76.292	31.542	-2751.0	2.60	0.1230	0.387	47.770	79.00	11.49	2	0
4558	-76.208	31.542	-2748.0	2.60	0.1190	0.771	47.768	348.15	59.60	6	3
4559	-76.125	31.542	-2792.0	2.59	0.1150	0.872	46.290	286.84	45.13	4	2
4560	-76.042	31.542	-2888.5	2.30	0.1130	0.792	46.229	87.13	0.00	0	0
4561	-75.958	31.542	-2967.0	2.30	0.1100	0.865	47.557	126.72	11.41	1	1
4562	-75.875	31.542	-3041.0	2.31	0.1070	0.865	47.518	119.94	11.07	1	1
4563	-75.792	31.542	-3121.5	2.32	0.1040	0.847	47.460	58.25	0.00	0	0
4564	-75.708	31.542	-3134.0	2.32	0.1010	0.840	47.387	110.58	7.78	1	0
4565	-75.625	31.542	-3116.0	2.34	0.0970	0.833	47.319	99.62	3.55	1	0
4566	-75.542	31.542	-3116.0	2.35	0.0940	0.832	47.298	46.79	0.00	0	0
4567	-75.458	31.542	-3118.5	2.45	0.0920	0.827	47.000	49.29	0.00	0	0
4568	-75.375	31.542	-3102.0	2.37	0.0910	0.826	47.358	122.06	9.48	1	0
4569	-75.292	31.542	-3084.0	2.33	0.0890	0.823	46.959	214.51	25.12	2	2
4570	-75.208	31.542	-3020.5	2.32	0.0870	0.820	46.898	230.42	28.00	2	2
4571	-75.125	31.542	-3032.0	2.31	0.0840	0.540	46.976	0.00	0.00	0	0
4572	-75.042	31.542	-3166.0	2.31	0.0800	0.602	46.813	0.00	0.00	0	0
4573	-74.958	31.542	-3351.5	2.30	0.0770	0.697	46.860	15.62	0.00	0	0
4574	-74.875	31.542	-3545.5	2.31	0.0740	0.576	46.855	0.00	0.00	0	0
4575	-74.792	31.542	-3794.5	2.31	0.0700	0.575	46.821	0.00	0.00	0	0
4576	-74.708	31.542	-4030.0	2.27	0.0670	0.572	47.599	0.00	0.00	0	0
4577	-74.625	31.542	-4198.0	2.27	0.0640	0.709	46.369	0.00	0.00	0	0
4578	-74.542	31.542	-4368.0	2.27	0.0600	0.709	47.301	0.00	0.00	0	0
4579	-74.458	31.542	-4529.0	2.31	0.0560	0.708	47.000	0.00	0.00	0	0
4580	-74.375	31.542	-4733.5	2.27	0.0520	0.705	47.597	0.00	0.00	0	0
4581	-74.292	31.542	-4901.0	2.27	0.0480	0.702	48.583	0.00	0.00	0	0
4582	-74.208	31.542	-5020.0	2.27	0.0460	0.573	48.679	0.00	0.00	0	0
4583	-74.125	31.542	-5044.0	2.26	0.0450	0.455	48.747	0.00	0.00	0	0
4584	-74.042	31.542	-5041.5	2.26	0.0440	0.448	46.549	0.00	0.00	0	0
4585	-73.958	31.542	-5063.5	2.26	0.0440	0.443	46.578	0.00	0.00	0	0
4586	-73.875	31.542	-5108.0	2.25	0.0430	0.321	47.058	0.00	0.00	0	0
4587	-73.792	31.542	-5145.0	2.25	0.0430	0.410	47.120	0.00	0.00	0	0
4588	-73.708	31.542	-5165.0	2.25	0.0420	0.479	49.476	0.00	0.00	0	0
4589	-73.625	31.542	-5191.0	2.26	0.0420	0.254	49.620	0.00	0.00	0	0
4590	-73.542	31.542	-5209.0	2.25	0.0410	0.307	49.776	0.00	0.00	0	0
4591	-73.458	31.542	-5249.0	2.26	0.0400	0.231	49.909	0.00	0.00	0	0
4592	-73.375	31.542	-5305.5	2.26	0.0400	0.333	50.067	0.00	0.00	0	0
4593	-73.292	31.542	-5341.0	2.25	0.0390	0.377	50.194	0.00	0.00	0	0
4594	-73.208	31.542	-5369.5	2.25	0.0390	0.333	50.375	0.00	0.00	0	0
4595	-73.125	31.542	-5394.0	2.25	0.0390	0.312	50.441	0.00	0.00	0	0
4596	-73.042	31.542	-5404.0	2.25	0.0390	0.327	49.989	0.00	0.00	0	0
4597	-72.958	31.542	-5398.0	2.25	0.0380	0.327	50.916	0.00	0.00	0	0
4598	-72.875	31.542	-5382.5	2.27	0.0380	0.393	51.312	0.00	0.00	0	0
4599	-72.792	31.542	-5366.0	2.26	0.0380	0.549	51.356	0.00	0.00	0	0
4600	-72.708	31.542	-5370.0	2.25	0.0380	0.549	51.520	0.00	0.00	0	0
4601	-72.625	31.542	-5380.5	2.25	0.0380	0.392	53.588	0.00	0.00	0	0
4602	-72.542	31.542	-5380.0	2.26	0.0380	0.360	54.334	0.00	0.00	0	0
4603	-72.458	31.542	-5407.0	2.23	0.0380	0.328	59.000	0.00	0.00	0	0
4604	-72.375	31.542	-5401.0	2.24	0.0380	0.428	53.750	0.00	0.00	0	0
4605	-72.292	31.542	-5409.0	2.24	0.0380	0.437	52.656	0.00	0.00	0	0
4606	-72.208	31.542	-5394.0	2.22	0.0380	0.442	51.309	0.00	0.00	0	0
4607	-72.125	31.542	-5420.0	2.22	0.0380	0.617	50.772	0.00	0.00	0	0
4608	-72.042	31.542	-5402.0	2.21	0.0380	0.624	50.618	0.00	0.00	0	0
4609	-71.958	31.542	-5404.0	2.20	0.0380	0.623	50.458	0.00	0.00	0	0
4610	-71.875	31.542	-5408.0	2.20	0.0380	0.621	49.757	0.00	0.00	0	0
4611	-71.792	31.542	-5404.0	2.18	0.0380	0.628	49.684	0.00	0.00	0	0
4612	-71.708	31.542	-5408.0	2.18	0.0380	0.628	49.586	0.00	0.00	0	0
4613	-71.625	31.542	-5410.0	2.18	0.0380	0.624	49.617	0.00	0.00	0	0
4614	-71.542	31.542	-5366.0	2.18	0.0370	0.632	49.523	0.00	0.00	0	0
4615	-71.458	31.542	-5387.0	2.20	0.0360	0.636	49.445	0.00	0.00	0	0
4616	-71.375	31.542	-5408.0	2.18	0.0360	0.633	49.391	0.00	0.00	0	0
4617	-71.292	31.542	-5411.0	2.18	0.0350	0.651	49.337	0.00	0.00	0	0
4618	-71.208	31.542	-5409.0	2.18	0.0340	0.655	49.280	0.00	0.00	0	0
4619	-71.125	31.542	-5398.0	2.18	0.0340	0.657	49.217	0.00	0.00	0	0
4620	-71.042	31.542	-5405.0	2.17	0.0330	0.658	50.299	0.00	0.00	0	0
4621	-77.958	31.625	-629.0	6.76	0.1400	0.051	55.662	0.00	0.00	0	0
4622	-77.875	31.625	-696.0	6.72	0.1450	0.051	55.643	0.00	0.00	0	0
4623	-77.792	31.625	-723.5	6.68	0.1430	0.050	51.001	0.00	0.00	0	0
4624	-77.708	31.625	-749.0	6.64	0.1410	0.245	50.935	1.08	63.37	7	2
4625	-77.625	31.625	-768.0	6.53	0.1400	0.244	50.847	1.20	65.75	8	1
4626	-77.542	31.625	-812.0	5.88	0.1370	0.256	47.905	2.49	56.82	7	0
4627	-77.458	31.625	-882.0	4.39	0.1360	0.272	46.068	10.91	46.30	7	0
4628	-77.375	31.625	-935.0	3.31	0.1360	0.328	49.337	47.76	103.45	12	4
4629	-77.292	31.625	-982.0	3.10	0.1360	0.441	48.366	95.73	151.07	17	6
4630	-77.208	31.625	-1077.5	3.75	0.1340	0.453	48.351	86.27	143.79	17	5
4631	-77.125	31.625	-1330.5	3.36	0.1330	0.399	48.794	95.10	78.54	8	3
4632	-77.042	31.625	-1799.0	3.76	0.1320	0.397	48.751	66.83	43.34	4	0
4633	-76.958	31.625	-2242.0	3.21	0.1330	0.393	48.709	43.95	17.62	2	0
4634	-76.875	31.625	-2420.0	3.20	0.1360	0.311	48.641	50.26	12.06	2	0
4635	-76.792	31.625	-2505.5	3.20	0.1370	0.295	45.437	49.14	5.84	1	0
4636	-76.708	31.625	-2559.0	3.19	0.1380	0.293	45.479	60.72	10.60	2	0
4637	-76.625	31.625	-2607.0	3.19	0.1380	0.303	45.953	61.28	12.24	2	0
4638	-76.542	31.625	-2646.5	3.13	0.1370	0.514	47.773	310.54	71.08	7	3
4639	-76.458	31.625	-2686.0	3.12	0.1350	0.284	47.771	50.05	8.16	0	0
4640	-76.375	31.625	-2721.0	3.09	0.1320	0.251	47.773	0.00	0.00	0	0
4641	-76.292	31.625	-2727.0	2.30	0.1280	0.552	46.058	323.78	61.02	6	4
4642	-76.208	31.625	-2731.0	2.60	0.1240	0.641	46.155	268.62	47.36	6	4
4643	-76.125	31.625	-2731.0	2.30	0.1210	0.870	46.274	489.65	81.53	7	4
4644	-76.042	31.625	-2733.0	2.30	0.1180	0.875	46.229	420.58	72.02	6	3
4645	-75.958	31.625	-2828.0	2.30	0.1150	0.790	46.266	255.60	36.43	3	2
4646	-75.875	31.625	-2894.0	2.31	0.1120	0.862	47.558	78.73	0.00	0	0
4647	-75.792	31.625	-2963.5	2.31	0.1080	0.868	47.517	70.78	0.00	0	0
4648	-75.708	31.625	-3044.0	2.32	0.1050	0.866	47.467	116.47	10.87	1	0
4649	-75.625	31.625	-3077.5	2.33	0.1010	0.838	47.382	102.43	5.89	1	0
4650	-75.542	31.625	-3056.0	2.34	0.0970	0.834	47.352	38.10	0.00	0	0
4651	-75.458	31.625	-3051.0	2.38	0.0940	0.829	47.240	40.96	0.00	0	0
4652	-75.375	31.625	-3044.0	2.36	0.0910	0.827	47.035	33.05	0.00	0	0
4653	-75.292	31.625	-3014.0	2.35	0.0900	0.824	46.993	30.81	0.00	0	0
4654	-75.208	31.625	-2997.0	2.33	0.0870	0.608	46.945	0.00	0.00	0	0
4655	-75.125	31.625	-3104.5	2.32	0.0830	0.605	47.002	0.00	0.00	0	0
4656	-75.042	31.625	-3298.5	2.31	0.0800	0.601	47.013	0.00	0.00	0	0
4657	-74.958	31.625	-3484.0	2.30	0.0760	0.606	46.879	0.00	0.00	0	0
4658	-74.875	31.625	-3701.0	2.31	0.0730	0.576	46.895	0.00	0.00	0	0
4659	-74.792	31.625	-3931.5	2.31	0.0700	0.573	46.861	0.00	0.00	0	0
4660	-74.708	31.625	-4115.5	2.27	0.0670	0.706	46.453	0.00	0.00	0	0
4661	-74.625	31.625	-4298.5	2.27	0.0640	0.708	46.374	0.00	0.00	0	0
4662	-74.542	31.625	-4462.5	2.27	0.0600	0.707	47.293	0.00	0.00	0	0
4663	-74.458	31.625	-4663.0	2.27	0.0560	0.704	46.887	0.00	0.00	0	0
4664	-74.375	31.625	-4824.5	2.27	0.0520	0.570	46.445	0.00	0.00	0	0
4665	-74.292	31.625	-4976.0	2.27	0.0480	0.573	47.544	0.00	0.00	0	0
4666	-74.208	31.625	-5000.0	2.27	0.0450	0.572	48.556	0.00	0.00	0	0
4667	-74.125	31.625	-5028.0	2.27	0.0450	0.452	48.061	0.00	0.00	0	0
4668	-74.042	31.625	-5040.0	2.26	0.0440	0.445	46.511	0.00	0.00	0	0
4669	-73.958	31.625	-5068.0	2.26	0.0440	0.443	46.546	0.00	0.00	0	0
4670	-73.875	31.625	-5118.0	2.25	0.0440	0.427	46.912	0.00	0.00	0	0
4671	-73.792	31.625	-5137.0	2.25	0.0430	0.320	46.965	0.00	0.00	0	0
4672	-73.708	31.625	-5155.0	2.25	0.0430	0.429	49.253	0.00	0.00	0	0
4673	-73.625	31.625	-5165.0	2.25	0.0420	0.429	49.454	0.00	0.00	0	0
4674	-73.542	31.625	-5169.0	2.25	0.0410	0.367	49.602	0.00	0.00	0	0
4675	-73.458	31.625	-5175.0	2.26	0.0410	0.398	49.756	0.00	0.00	0	0
4676	-73.375	31.625	-5203.0	2.26	0.0400	0.348	49.893	0.00	0.00	0	0
4677	-73.292	31.625	-5268.5	2.25	0.0400	0.377	50.018	0.00	0.00	0	0
4678	-73.208	31.625	-5305.0	2.25	0.0400	0.328	50.195	0.00	0.00	0	0
4679	-73.125	31.625	-5317.0	2.25	0.0390	0.445	50.382	0.00	0.00	0	0
4680	-73.042	31.625	-5345.0	2.25	0.0390	0.329	49.508	0.00	0.00	0	0
4681	-72.958	31.625	-5362.0	2.25	0.0390	0.328	49.967	0.00	0.00	0	0
4682	-72.875	31.625	-5378.0	2.25	0.0390	0.360	51.151	0.00	0.00	0	0
4683	-72.792	31.625	-5364.0	2.26	0.0380	0.644	51.275	0.00	0.00	0	0
4684	-72.708	31.625	-5372.5	2.26	0.0380	0.642	51.363	0.00	0.00	0	0
4685	-72.625	31.625	-5371.0	2.25	0.0380	0.390	53.056	0.00	0.00	0	0
4686	-72.542	31.625	-5385.0	2.26	0.0380	0.362	53.485	0.00	0.00	0	0
4687	-72.458	31.625	-5400.0	2.26	0.0380	0.360	54.582	0.00	0.00	0	0
4688	-72.375	31.625	-5397.0	2.25	0.0380	0.359	54.827	0.00	0.00	0	0
4689	-72.292	31.625	-5409.0	2.25	0.0380	0.438	53.085	0.00	0.00	0	0
4690	-72.208	31.625	-5391.0	2.25	0.0380	0.435	52.240	0.00	0.00	0	0
4691	-72.125	31.625	-5429.0	2.23	0.0380	0.509	51.069	0.00	0.00	0	0
4692	-72.042	31.625	-5409.0	2.23	0.0380	0.601	50.788	0.00	0.00	0	0
4693	-71.958	31.625	-5401.0	2.20	0.0380	0.606	50.569	0.00	0.00	0	0
4694	-71.875	31.625	-5401.0	2.20	0.0380	0.601	50.429	0.00	0.00	0	0
4695	-71.792	31.625	-5404.0	2.18	0.0380	0.609	49.749	0.00	0.00	0	0
4696	-71.708	31.625	-5403.0	2.18	0.0380	0.609	49.650	0.00	0.00	0	0
4697	-71.625	31.625	-5365.0	2.19	0.0380	0.608	49.567	0.00	0.00	0	0
4698	-71.542	31.625	-5404.0	2.18	0.0370	0.613	50.453	0.00	0.00	0	0
4699	-71.458	31.625	-5409.0	2.18	0.0370	0.544	49.510	0.00	0.00	0	0
4700	-71.375	31.625	-5407.0	2.18	0.0360	0.546	49.441	0.00	0.00	0	0
4701	-71.292	31.625	-5408.0	2.18	0.0350	0.639	49.381	0.00	0.00	0	0
4702	-71.208	31.625	-5405.0	2.18	0.0340	0.646	49.315	0.00	0.00	0	0
4703	-71.125	31.625	-5400.5	2.18	0.0340	0.649	49.249	0.00	0.00	0	0
4704	-71.042	31.625	-5404.0	2.19	0.0330	0.651	50.318	0.00	0.00	0	0
4705	-77.958	31.708	-600.0	8.00	0.1330	0.051	55.670	0.00	0.00	0	0
4706	-77.875	31.708	-637.0	6.73	0.1360	0.051	55.657	0.00	0.00	0	0
4707	-77.792	31.708	-726.0	6.68	0.1390	0.051	55.610	0.00	0.00	0	0
4708	-77.708	31.708	-736.0	6.65	0.1380	0.215	50.982	0.60	58.96	6	2
4709	-77.625	31.708	-748.0	6.58	0.1370	0.030	50.915	0.00	0.00	0	0
4710	-77.542	31.708	-785.5	6.44	0.1370	0.383	50.819	5.80	159.84	19	6
4711	-77.458	31.708	-842.5	4.18	0.1360	0.420	47.896	39.85	154.53	20	6
4712	-77.375	31.708	-896.0	4.33	0.1350	0.437	46.816	71.79	143.16	18	5
4713	-77.292	31.708	-957.0	3.27	0.1340	0.441	48.401	75.06	148.71	18	5
4714	-77.208	31.708	-1046.0	3.12	0.1320	0.453	48.322	113.93	165.61	20	6
4715	-77.125	31.708	-1200.0	3.37	0.1290	0.451	48.266	114.74	117.63	13	5
4716	-77.042	31.708	-1544.0	3.35	0.1290	0.420	48.740	66.39	56.18	6	1
4717	-76.958	31.708	-2082.5	3.21	0.1300	0.387	48.695	66.62	24.46	3	0
4718	-76.875	31.708	-2357.5	3.20	0.1340	0.306	48.625	48.75	11.08	2	0
4719	-76.792	31.708	-2465.0	3.20	0.1360	0.393	48.589	60.59	13.79	2	0
4720	-76.708	31.708	-2521.0	3.19	0.1370	0.296	47.712	59.09	10.93	2	0
4721	-76.625	31.708	-2566.0	3.18	0.1380	0.307	49.636	56.45	12.28	2	0
4722	-76.542	31.708	-2606.0	3.18	0.1370	0.500	45.848	249.16	56.84	8	3
4723	-76.458	31.708	-2638.0	3.12	0.1360	0.518	47.616	308.59	70.08	7	3
4724	-76.375	31.708	-2671.0	3.11	0.1330	0.297	47.625	46.66	7.94	0	0
4725	-76.292	31.708	-2699.0	2.61	0.1320	0.547	47.634	401.30	74.88	8	4
4726	-76.208	31.708	-2710.0	2.47	0.1290	0.657	46.109	403.79	71.79	7	4
4727	-76.125	31.708	-2711.0	2.30	0.1260	0.874	46.172	671.10	101.10	10	5
4728	-76.042	31.708	-2712.0	2.30	0.1220	0.878	46.263	564.33	95.34	8	5
4729	-75.958	31.708	-2704.0	2.30	0.1190	0.859	46.261	471.63	76.09	6	3
4730	-75.875	31.708	-2743.0	2.30	0.1150	0.860	46.282	339.59	59.98	5	3
4731	-75.792	31.708	-2815.5	2.31	0.1110	0.836	47.583	85.58	0.00	0	0
4732	-75.708	31.708	-2863.0	2.31	0.1070	0.856	47.529	48.07	0.00	0	0
4733	-75.625	31.708	-2926.5	2.32	0.1030	0.838	47.450	58.81	0.00	0	0
4734	-75.542	31.708	-2970.0	2.34	0.0980	0.837	47.411	38.88	0.00	0	0
4735	-75.458	31.708	-2972.0	2.36	0.0940	0.831	47.270	0.00	0.00	0	0
4736	-75.375	31.708	-2938.0	2.36	0.0910	0.826	47.064	33.27	0.00	0	0
4737	-75.292	31.708	-2953.0	2.34	0.0890	0.739	47.029	0.00	0.00	0	0
4738	-75.208	31.708	-3066.0	2.33	0.0860	0.755	46.983	0.00	0.00	0	0
4739	-75.125	31.708	-3224.0	2.32	0.0820	0.702	46.928	0.00	0.00	0	0
4740	-75.042	31.708	-3420.5	2.31	0.0790	0.698	47.026	0.00	0.00	0	0
4741	-74.958	31.708	-3622.5	2.30	0.0760	0.574	46.871	0.00	0.00	0	0
4742	-74.875	31.708	-3871.5	2.30	0.0730	0.573	46.932	0.00	0.00	0	0
4743	-74.792	31.708	-4043.0	2.31	0.0700	0.708	46.907	0.00	0.00	0	0
4744	-74.708	31.708	-4207.0	2.31	0.0670	0.706	46.494	0.00	0.00	0	0
4745	-74.625	31.708	-4366.0	2.27	0.0640	0.705	46.395	0.00	0.00	0	0
4746	-74.542	31.708	-4559.5	2.27	0.0600	0.704	46.966	0.00	0.00	0	0
4747	-74.458	31.708	-4735.0	2.27	0.0560	0.570	46.548	0.00	0.00	0	0
4748	-74.375	31.708	-4895.0	2.27	0.0520	0.572	46.428	0.00	0.00	0	0
4749	-74.292	31.708	-4969.0	2.27	0.0480	0.455	46.411	0.00	0.00	0	0
4750	-74.208	31.708	-4985.0	2.27	0.0460	0.455	47.940	0.00	0.00	0	0
4751	-74.125	31.708	-5020.0	2.27	0.0450	0.448	47.975	0.00	0.00	0	0
4752	-74.042	31.708	-5029.0	2.26	0.0450	0.403	47.391	0.00	0.00	0	0
4753	-73.958	31.708	-5069.0	2.26	0.0440	0.432	46.494	0.00	0.00	0	0
4754	-73.875	31.708	-5103.0	2.26	0.0440	0.430	46.536	0.00	0.00	0	0
4755	-73.792	31.708	-5120.5	2.25	0.0440	0.431	46.803	0.00	0.00	0	0
4756	-73.708	31.708	-5142.0	2.25	0.0430	0.365	46.883	0.00	0.00	0	0
4757	-73.625	31.708	-5154.0	2.25	0.0420	0.317	49.118	0.00	0.00	0	0
4758	-73.542	31.708	-5163.0	2.25	0.0420	0.448	49.271	0.00	0.00	0	0
4759	-73.458	31.708	-5182.0	2.25	0.0410	0.660	49.590	0.00	0.00	0	0
4760	-73.375	31.708	-5178.0	2.25	0.0410	0.491	49.724	0.00	0.00	0	0
4761	-73.292	31.708	-5213.5	2.25	0.0400	0.519	49.855	0.00	0.00	0	0
4762	-73.208	31.708	-5247.0	2.25	0.0400	0.598	49.968	0.00	0.00	0	0
4763	-73.125	31.708	-5260.0	2.25	0.0400	0.439	50.195	0.00	0.00	0	0
4764	-73.042	31.708	-5283.0	2.25	0.0390	0.395	49.294	0.00	0.00	0	0
4765	-72.958	31.708	-5254.0	2.25	0.0390	0.390	49.778	0.00	0.00	0	0
4766	-72.875	31.708	-5326.5	2.25	0.0390	0.625	49.923	0.00	0.00	0	0
4767	-72.792	31.708	-5355.0	2.25	0.0390	0.658	51.084	0.00	0.00	0	0
4768	-72.708	31.708	-5356.0	2.26	0.0380	0.655	51.188	0.00	0.00	0	0
4769	-72.625	31.708	-5366.0	2.26	0.0380	0.446	51.255	0.00	0.00	0	0
4770	-72.542	31.708	-5389.0	2.26	0.0380	0.444	52.835	0.00	0.00	0	0
4771	-72.458	31.708	-5387.0	2.26	0.0380	0.363	53.453	0.00	0.00	0	0
4772	-72.375	31.708	-5397.0	2.25	0.0380	0.364	54.302	0.00	0.00	0	0
4773	-72.292	31.708	-5410.0	2.25	0.0380	0.438	53.622	0.00	0.00	0	0
4774	-72.208	31.708	-5389.0	2.25	0.0380	0.438	52.520	0.00	0.00	0	0
4775	-72.125	31.708	-5415.0	2.23	0.0380	0.439	51.420	0.00	0.00	0	0
4776	-72.042	31.708	-5401.0	2.23	0.0380	0.444	50.893	0.00	0.00	0	0
4777	-71.958	31.708	-5418.0	2.20	0.0380	0.434	50.676	0.00	0.00	0	0
4778	-71.875	31.708	-5442.0	2.20	0.0380	0.444	50.509	0.00	0.00	0	0
4779	-71.792	31.708	-5419.0	2.18	0.0380	0.443	50.331	0.00	0.00	0	0
4780	-71.708	31.708	-5355.0	2.18	0.0380	0.434	49.726	0.00	0.00	0	0
4781	-71.625	31.708	-5401.0	2.19	0.0380	0.607	49.626	0.00	0.00	0	0
4782	-71.542	31.708	-5409.0	2.19	0.0370	0.539	49.544	0.00	0.00	0	0
4783	-71.458	31.708	-5412.0	2.18	0.0370	0.605	50.426	0.00	0.00	0	0
4784	-71.375	31.708	-5421.0	2.18	0.0360	0.538	49.486	0.00	0.00	0	0
4785	-71.292	31.708	-5408.0	2.18	0.0350	0.633	50.299	0.00	0.00	0	0
4786	-71.208	31.708	-5401.0	2.17	0.0340	0.636	50.235	0.00	0.00	0	0
4787	-71.125	31.708	-5415.0	2.18	0.0340	0.641	49.278	0.00	0.00	0	0
4788	-71.042	31.708	-5387.0	2.19	0.0330	0.640	49.811	0.00	0.00	0	0
4789	-77.958	31.792	-636.0	8.15	0.1250	0.051	55.675	0.00	0.00	0	0
4790	-77.875	31.792	-663.0	6.77	0.1300	0.051	55.647	0.00	0.00	0	0
4791	-77.792	31.792	-651.0	6.71	0.1340	0.050	55.630	0.00	0.00	0	0
4792	-77.708	31.792	-704.0	6.66	0.1350	0.238	51.060	0.48	58.18	5	2
4793	-77.625	31.792	-725.5	6.62	0.1360	0.321	50.969	3.16	127.46	17	3
4794	-77.542	31.792	-768.0	6.54	0.1360	0.431	50.891	5.67	177.50	21	7
4795	-77.458	31.792	-798.0	6.01	0.1360	0.427	53.717	1.42	136.87	17	5
4796	-77.375	31.792	-852.0	4.46	0.1350	0.450	46.843	61.43	169.51	19	6
4797	-77.292	31.792	-907.0	3.80	0.1330	0.456	50.090	48.88	172.30	20	6
4798	-77.208	31.792	-1005.5	3.18	0.1300	0.458	48.375	99.13	161.76	19	6
4799	-77.125	31.792	-1129.0	3.09	0.1270	0.464	48.284	105.41	126.93	15	6
4800	-77.042	31.792	-1342.5	3.36	0.1230	0.469	48.225	122.89	93.27	10	4
4801	-76.958	31.792	-1867.5	3.21	0.1240	0.401	48.679	82.31	42.04	4	0
4802	-76.875	31.792	-2253.5	3.20	0.1290	0.307	48.589	62.56	15.57	2	0
4803	-76.792	31.792	-2399.0	3.20	0.1340	0.310	48.560	51.75	11.14	2	0
4804	-76.708	31.792	-2465.5	3.19	0.1360	0.317	49.626	53.01	10.67	1	0
4805	-76.625	31.792	-2521.0	3.18	0.1370	0.297	49.593	55.73	11.73	2	0
4806	-76.542	31.792	-2565.0	3.18	0.1370	0.291	48.783	60.97	12.50	2	0
4807	-76.458	31.792	-2604.0	3.12	0.1360	0.504	45.738	346.76	73.43	8	3
4808	-76.375	31.792	-2645.0	3.11	0.1360	0.527	45.812	324.07	71.84	8	3
4809	-76.292	31.792	-2668.0	2.75	0.1350	0.523	47.640	282.45	55.32	5	3
4810	-76.208	31.792	-2666.0	2.61	0.1320	0.538	47.659	144.79	23.80	3	0
4811	-76.125	31.792	-2694.0	2.30	0.1290	0.772	46.094	453.14	71.69	8	4
4812	-76.042	31.792	-2698.0	2.30	0.1260	0.990	46.223	547.40	87.27	8	5
4813	-75.958	31.792	-2692.0	2.30	0.1220	0.879	46.319	565.11	90.05	8	5
4814	-75.875	31.792	-2669.0	2.30	0.1180	0.860	46.388	507.09	90.83	7	4
4815	-75.792	31.792	-2655.0	2.30	0.1130	0.841	46.309	392.33	66.96	5	3
4816	-75.708	31.792	-2707.0	2.31	0.1080	0.834	46.332	277.64	37.62	3	2
4817	-75.625	31.792	-2756.5	2.32	0.1040	0.832	47.538	140.86	10.73	1	0
4818	-75.542	31.792	-2793.5	2.33	0.0980	0.835	47.473	45.48	0.00	0	0
4819	-75.458	31.792	-2830.0	2.35	0.0930	0.834	47.399	31.03	0.00	0	0
4820	-75.375	31.792	-2884.0	2.35	0.0890	0.829	47.277	0.00	0.00	0	0
4821	-75.292	31.792	-2998.0	2.34	0.0870	0.829	47.062	0.00	0.00	0	0
4822	-75.208	31.792	-3155.5	2.33	0.0850	0.866	47.016	0.00	0.00	0	0
4823	-75.125	31.792	-3353.0	2.32	0.0810	0.862	46.958	0.00	0.00	0	0
4824	-75.042	31.792	-3543.5	2.31	0.0780	0.606	47.014	0.00	0.00	0	0
4825	-74.958	31.792	-3794.5	2.30	0.0750	0.572	47.071	0.00	0.00	0	0
4826	-74.875	31.792	-3987.5	2.30	0.0720	0.571	46.964	0.00	0.00	0	0
4827	-74.792	31.792	-4128.0	2.31	0.0690	0.570	46.960	0.00	0.00	0	0
4828	-74.708	31.792	-4283.5	2.31	0.0670	0.706	46.895	0.00	0.00	0	0
4829	-74.625	31.792	-4446.5	2.27	0.0630	0.703	46.432	0.00	0.00	0	0
4830	-74.542	31.792	-4623.0	2.27	0.0600	0.569	46.371	0.00	0.00	0	0
4831	-74.458	31.792	-4797.0	2.27	0.0560	0.571	46.891	0.00	0.00	0	0
4832	-74.375	31.792	-4887.5	2.27	0.0520	0.457	46.810	0.00	0.00	0	0
4833	-74.292	31.792	-4937.5	2.27	0.0490	0.603	46.389	0.00	0.00	0	0
4834	-74.208	31.792	-4969.0	2.27	0.0460	0.447	46.299	0.00	0.00	0	0
4835	-74.125	31.792	-5007.0	2.27	0.0450	0.440	46.441	0.00	0.00	0	0
4836	-74.042	31.792	-5042.0	2.26	0.0450	0.441	47.337	0.00	0.00	0	0
4837	-73.958	31.792	-5062.0	2.26	0.0450	0.438	46.470	0.00	0.00	0	0
4838	-73.875	31.792	-5081.0	2.26	0.0440	0.406	46.480	0.00	0.00	0	0
4839	-73.792	31.792	-5100.0	2.25	0.0440	0.614	46.284	0.00	0.00	0	0
4840	-73.708	31.792	-5099.0	2.25	0.0430	0.611	46.708	0.00	0.00	0	0
4841	-73.625	31.792	-5127.5	2.25	0.0430	0.617	48.909	0.00	0.00	0	0
4842	-73.542	31.792	-5168.5	2.25	0.0420	0.630	49.111	0.00	0.00	0	0
4843	-73.458	31.792	-5217.0	2.25	0.0420	0.671	49.424	0.00	0.00	0	0
4844	-73.375	31.792	-5255.0	2.25	0.0410	0.673	49.557	0.00	0.00	0	0
4845	-73.292	31.792	-5286.0	2.25	0.0410	0.646	49.684	0.00	0.00	0	0
4846	-73.208	31.792	-5305.0	2.25	0.0400	0.702	49.926	0.00	0.00	0	0
4847	-73.125	31.792	-5315.0	2.25	0.0400	0.685	50.031	0.00	0.00	0	0
4848	-73.042	31.792	-5325.0	2.25	0.0390	0.558	49.072	0.00	0.00	0	0
4849	-72.958	31.792	-5308.0	2.25	0.0390	0.516	49.593	0.00	0.00	0	0
4850	-72.875	31.792	-5324.0	2.25	0.0390	0.634	49.698	0.00	0.00	0	0
4851	-72.792	31.792	-5333.0	2.25	0.0390	0.517	50.925	0.00	0.00	0	0
4852	-72.708	31.792	-5354.0	2.25	0.0390	0.515	51.026	0.00	0.00	0	0
4853	-72.625	31.792	-5362.0	2.26	0.0380	0.392	51.026	0.00	0.00	0	0
4854	-72.542	31.792	-5381.0	2.26	0.0380	0.434	51.529	0.00	0.00	0	0
4855	-72.458	31.792	-5386.0	2.26	0.0380	0.362	52.683	0.00	0.00	0	0
4856	-72.375	31.792	-5393.0	2.25	0.0380	0.364	53.080	0.00	0.00	0	0
4857	-72.292	31.792	-5406.0	2.25	0.0380	0.446	52.989	0.00	0.00	0	0
4858	-72.208	31.792	-5387.0	2.25	0.0380	0.445	52.440	0.00	0.00	0	0
4859	-72.125	31.792	-5401.0	2.25	0.0380	0.439	51.703	0.00	0.00	0	0
4860	-72.042	31.792	-5396.0	2.23	0.0380	0.443	51.139	0.00	0.00	0	0
4861	-71.958	31.792	-5398.0	2.22	0.0380	0.443	50.652	0.00	0.00	0	0
4862	-71.875	31.792	-5401.0	2.20	0.0380	0.443	50.594	0.00	0.00	0	0
4863	-71.792	31.792	-5381.0	2.20	0.0390	0.444	50.370	0.00	0.00	0	0
4864	-71.708	31.792	-5374.5	2.18	0.0390	0.435	50.294	0.00	0.00	0	0
4865	-71.625	31.792	-5400.0	2.18	0.0380	0.447	49.696	0.00	0.00	0	0
4866	-71.542	31.792	-5405.0	2.19	0.0380	0.539	49.590	0.00	0.00	0	0
4867	-71.458	31.792	-5427.0	2.18	0.0370	0.541	50.459	0.00	0.00	0	0
4868	-71.375	31.792	-5464.0	2.18	0.0360	0.615	50.391	0.00	0.00	0	0
4869	-71.292	31.792	-5404.0	2.19	0.0350	0.626	50.324	0.00	0.00	0	0
4870	-71.208	31.792	-5414.0	2.19	0.0340	0.630	50.257	0.00	0.00	0	0
4871	-71.125	31.792	-5413.0	2.18	0.0340	0.634	50.197	0.00	0.00	0	0
4872	-71.042	31.792	-5416.0	2.19	0.0330	0.637	49.827	0.00	0.00	0	0
4873	-77.958	31.875	-659.0	8.31	0.1170	0.053	55.712	0.00	0.00	0	0
4874	-77.875	31.875	-675.0	8.12	0.1230	0.053	55.675	0.00	0.00	0	0
4875	-77.792	31.875	-647.0	7.29	0.1270	0.051	55.611	0.00	0.00	0	0
4876	-77.708	31.875	-695.5	6.68	0.1320	0.393	55.564	0.00	169.51	18	7
4877	-77.625	31.875	-710.0	6.61	0.1340	0.402	53.948	0.00	173.36	19	8
4878	-77.542	31.875	-832.0	6.58	0.1350	0.427	53.866	0.06	127.95	17	4
4879	-77.458	31.875	-813.0	6.13	0.1360	0.456	53.679	1.77	124.54	16	4
4880	-77.375	31.875	-814.0	5.64	0.1360	0.488	51.093	3.26	157.89	20	6
4881	-77.292	31.875	-862.0	4.45	0.1330	0.480	49.972	31.82	188.76	20	8
4882	-77.208	31.875	-988.0	3.17	0.1300	0.481	49.885	88.71	167.73	17	6
4883	-77.125	31.875	-1086.0	3.08	0.1250	0.476	48.320	88.30	107.39	15	5
4884	-77.042	31.875	-1168.0	3.06	0.1200	0.473	48.246	131.35	129.51	15	5
4885	-76.958	31.875	-1573.0	3.36	0.1190	0.442	48.173	114.20	74.39	8	2
4886	-76.875	31.875	-2114.5	3.20	0.1250	0.428	48.030	96.18	30.79	4	0
4887	-76.792	31.875	-2341.0	3.20	0.1300	0.396	48.377	87.81	20.64	3	0
4888	-76.708	31.875	-2422.0	3.19	0.1330	0.312	48.515	57.35	11.10	2	0
4889	-76.625	31.875	-2476.5	3.18	0.1360	0.319	48.489	56.95	10.54	1	0
4890	-76.542	31.875	-2524.0	3.18	0.1360	0.314	48.506	56.91	10.31	1	0
4891	-76.458	31.875	-2570.0	3.05	0.1360	0.304	48.410	51.57	6.45	1	0
4892	-76.375	31.875	-2605.0	3.11	0.1360	0.304	48.598	61.56	11.26	2	0
4893	-76.292	31.875	-2639.0	3.11	0.1360	0.600	45.848	306.63	67.14	7	3
4894	-76.208	31.875	-2651.0	2.74	0.1350	0.855	45.914	676.80	114.80	10	5
4895	-76.125	31.875	-2669.0	2.61	0.1310	0.773	46.007	460.94	77.56	7	4
4896	-76.042	31.875	-2683.0	2.30	0.1280	0.776	46.129	432.44	72.70	8	4
4897	-75.958	31.875	-2681.0	2.30	0.1240	0.874	46.120	722.63	111.85	10	7
4898	-75.875	31.875	-2659.0	2.30	0.1190	0.856	46.374	641.09	99.33	9	6
4899	-75.792	31.875	-2638.0	2.30	0.1140	0.862	46.425	517.72	90.21	7	6
4900	-75.708	31.875	-2655.5	2.30	0.1080	0.869	46.339	363.45	61.75	5	4
4901	-75.625	31.875	-2674.0	2.32	0.1030	0.923	47.605	237.57	25.54	2	2
4902	-75.542	31.875	-2710.0	2.32	0.0960	0.830	47.531	183.21	24.68	2	1
4903	-75.458	31.875	-2790.0	2.34	0.0910	0.828	47.467	40.92	0.00	0	0
4904	-75.375	31.875	-2945.0	2.34	0.0870	0.828	47.351	0.00	0.00	0	0
4905	-75.292	31.875	-3117.5	2.34	0.0850	0.700	47.084	0.00	0.00	0	0
4906	-75.208	31.875	-3286.0	2.32	0.0830	0.865	47.049	0.00	0.00	0	0
4907	-75.125	31.875	-3455.0	2.32	0.0800	0.608	47.008	0.00	0.00	0	0
4908	-75.042	31.875	-3706.0	2.31	0.0770	0.602	47.055	0.00	0.00	0	0
4909	-74.958	31.875	-3906.0	2.31	0.0750	0.571	46.925	0.00	0.00	0	0
4910	-74.875	31.875	-4045.5	2.30	0.0720	0.569	46.990	0.00	0.00	0	0
4911	-74.792	31.875	-4205.5	2.31	0.0690	0.569	47.016	0.00	0.00	0	0
4912	-74.708	31.875	-4349.0	2.31	0.0660	0.703	46.958	0.00	0.00	0	0
4913	-74.625	31.875	-4501.0	2.27	0.0630	0.570	46.485	0.00	0.00	0	0
4914	-74.542	31.875	-4662.0	2.30	0.0590	0.570	46.396	0.00	0.00	0	0
4915	-74.458	31.875	-4810.0	2.27	0.0550	0.603	46.919	0.00	0.00	0	0
4916	-74.375	31.875	-4863.0	2.27	0.0520	0.452	46.821	0.00	0.00	0	0
4917	-74.292	31.875	-4904.0	2.27	0.0490	0.455	46.367	0.00	0.00	0	0
4918	-74.208	31.875	-4928.0	2.27	0.0470	0.534	46.275	0.00	0.00	0	0
4919	-74.125	31.875	-4983.0	2.27	0.0460	0.439	46.398	0.00	0.00	0	0
4920	-74.042	31.875	-5008.0	2.26	0.0460	0.529	47.300	0.00	0.00	0	0
4921	-73.958	31.875	-5035.0	2.26	0.0450	0.430	46.417	0.00	0.00	0	0
4922	-73.875	31.875	-5040.5	2.26	0.0450	0.430	46.432	0.00	0.00	0	0
4923	-73.792	31.875	-5061.0	2.26	0.0440	0.404	46.168	0.00	0.00	0	0
4924	-73.708	31.875	-5098.0	2.25	0.0440	0.624	46.535	0.00	0.00	0	0
4925	-73.625	31.875	-5156.0	2.25	0.0430	0.637	47.069	0.00	0.00	0	0
4926	-73.542	31.875	-5180.0	2.25	0.0430	0.640	47.119	0.00	0.00	0	0
4927	-73.458	31.875	-5287.0	2.25	0.0420	0.680	49.282	0.00	0.00	0	0
4928	-73.375	31.875	-5259.0	2.25	0.0410	0.672	49.372	0.00	0.00	0	0
4929	-73.292	31.875	-5272.5	2.25	0.0410	0.709	49.513	0.00	0.00	0	0
4930	-73.208	31.875	-5329.5	2.25	0.0400	0.650	49.629	0.00	0.00	0	0
4931	-73.125	31.875	-5330.0	2.25	0.0400	0.708	49.130	0.00	0.00	0	0
4932	-73.042	31.875	-5328.0	2.25	0.0400	0.710	48.909	0.00	0.00	0	0
4933	-72.958	31.875	-5290.0	2.25	0.0390	0.712	49.383	0.00	0.00	0	0
4934	-72.875	31.875	-5325.0	2.25	0.0390	0.707	49.527	0.00	0.00	0	0
4935	-72.792	31.875	-5329.5	2.25	0.0390	0.689	50.783	0.00	0.00	0	0
4936	-72.708	31.875	-5348.0	2.25	0.0390	0.681	50.872	0.00	0.00	0	0
4937	-72.625	31.875	-5381.0	2.25	0.0380	0.516	50.958	0.00	0.00	0	0
4938	-72.542	31.875	-5374.0	2.25	0.0380	0.437	51.008	0.00	0.00	0	0
4939	-72.458	31.875	-5388.0	2.27	0.0380	0.438	51.655	0.00	0.00	0	0
4940	-72.375	31.875	-5418.0	2.26	0.0380	0.436	51.955	0.00	0.00	0	0
4941	-72.292	31.875	-5416.0	2.25	0.0380	0.643	52.328	0.00	0.00	0	0
4942	-72.208	31.875	-5385.0	2.25	0.0380	0.441	52.467	0.00	0.00	0	0
4943	-72.125	31.875	-5404.0	2.25	0.0380	0.370	51.957	0.00	0.00	0	0
4944	-72.042	31.875	-5399.5	2.25	0.0380	0.370	51.272	0.00	0.00	0	0
4945	-71.958	31.875	-5383.0	2.23	0.0380	0.440	50.913	0.00	0.00	0	0
4946	-71.875	31.875	-5391.0	2.23	0.0380	0.556	50.529	0.00	0.00	0	0
4947	-71.792	31.875	-5367.0	2.20	0.0390	0.556	50.398	0.00	0.00	0	0
4948	-71.708	31.875	-5406.0	2.18	0.0390	0.573	50.311	0.00	0.00	0	0
4949	-71.625	31.875	-5400.0	2.18	0.0380	0.468	50.242	0.00	0.00	0	0
4950	-71.542	31.875	-5404.0	2.19	0.0380	0.446	49.661	0.00	0.00	0	0
4951	-71.458	31.875	-5410.5	2.19	0.0370	0.444	49.559	0.00	0.00	0	0
4952	-71.375	31.875	-5409.0	2.20	0.0360	0.613	50.424	0.00	0.00	0	0
4953	-71.292	31.875	-5412.0	2.19	0.0350	0.577	50.340	0.00	0.00	0	0
4954	-71.208	31.875	-5414.0	2.19	0.0340	0.629	50.280	0.00	0.00	0	0
4955	-71.125	31.875	-5414.0	2.19	0.0330	0.631	50.221	0.00	0.00	0	0
4956	-71.042	31.875	-5422.0	2.19	0.0330	0.584	49.852	0.00	0.00	0	0
4957	-77.958	31.958	-669.0	10.18	0.1060	0.053	55.704	0.00	0.00	0	0
4958	-77.875	31.958	-676.0	8.24	0.1140	0.053	55.657	0.00	0.00	0	0
4959	-77.792	31.958	-664.5	7.44	0.1190	0.053	55.589	0.00	0.00	0	0
4960	-77.708	31.958	-646.0	6.72	0.1260	0.336	55.544	0.00	75.45	12	3
4961	-77.625	31.958	-710.0	6.66	0.1310	0.411	53.922	0.00	170.50	20	6
4962	-77.542	31.958	-835.0	6.59	0.1340	0.475	53.824	1.19	159.87	16	5
4963	-77.458	31.958	-819.0	6.19	0.1350	0.486	53.734	1.62	150.13	18	6
4964	-77.375	31.958	-792.0	6.09	0.1360	0.580	51.146	2.22	176.09	23	0
4965	-77.292	31.958	-833.0	5.62	0.1350	0.484	51.032	7.53	189.18	19	8
4966	-77.208	31.958	-901.0	4.68	0.1310	0.499	49.951	29.88	191.71	21	8
4967	-77.125	31.958	-1047.0	3.04	0.1260	0.498	48.860	103.25	150.34	17	6
4968	-77.042	31.958	-1070.5	3.05	0.1220	0.530	48.768	104.33	151.32	19	7
4969	-76.958	31.958	-1327.5	3.04	0.1200	0.522	49.638	142.16	113.02	12	4
4970	-76.875	31.958	-1852.5	3.02	0.1220	0.515	48.075	144.24	57.33	7	1
4971	-76.792	31.958	-2232.0	2.88	0.1260	0.402	48.442	98.94	25.25	3	0
4972	-76.708	31.958	-2398.0	3.20	0.1320	0.311	48.436	73.78	15.30	2	0
4973	-76.625	31.958	-2423.5	3.19	0.1350	0.301	48.445	59.84	11.22	2	0
4974	-76.542	31.958	-2449.0	3.18	0.1350	0.399	48.387	67.76	14.16	2	0
4975	-76.458	31.958	-2521.0	3.04	0.1350	0.299	48.380	57.25	10.12	1	0
4976	-76.375	31.958	-2574.0	3.04	0.1360	0.292	48.587	50.55	5.47	1	0
4977	-76.292	31.958	-2655.0	3.11	0.1360	0.602	45.758	323.11	65.71	7	3
4978	-76.208	31.958	-2631.0	3.09	0.1350	0.786	45.898	771.95	139.13	13	5
4979	-76.125	31.958	-2636.0	2.61	0.1330	0.775	46.048	422.64	74.63	7	3
4980	-76.042	31.958	-2653.0	2.47	0.1290	0.780	46.178	433.70	74.62	7	4
4981	-75.958	31.958	-2663.0	2.30	0.1250	0.991	46.058	578.97	96.88	9	5
4982	-75.875	31.958	-2658.0	2.29	0.1200	0.923	46.173	656.93	96.95	9	6
4983	-75.792	31.958	-2658.0	2.30	0.1140	0.791	46.455	636.30	102.34	8	6
4984	-75.708	31.958	-2693.0	2.30	0.1070	0.926	46.347	333.26	61.89	5	3
4985	-75.625	31.958	-2715.0	2.31	0.1000	0.928	46.372	303.75	50.92	5	2
4986	-75.542	31.958	-2775.0	2.32	0.0940	0.832	47.601	240.27	27.51	2	2
4987	-75.458	31.958	-2930.0	2.32	0.0890	0.829	47.529	34.19	0.00	0	0
4988	-75.375	31.958	-3100.5	2.33	0.0860	0.827	47.471	30.26	0.00	0	0
4989	-75.292	31.958	-3255.0	2.33	0.0830	0.699	47.379	0.00	0.00	0	0
4990	-75.208	31.958	-3400.0	2.33	0.0810	0.862	47.093	0.00	0.00	0	0
4991	-75.125	31.958	-3655.0	2.32	0.0790	0.607	47.042	0.00	0.00	0	0
4992	-75.042	31.958	-3840.5	2.31	0.0770	0.569	46.990	0.00	0.00	0	0
4993	-74.958	31.958	-3979.0	2.31	0.0750	0.570	46.947	0.00	0.00	0	0
4994	-74.875	31.958	-4123.5	2.30	0.0720	0.569	47.008	0.00	0.00	0	0
4995	-74.792	31.958	-4278.0	2.30	0.0700	0.568	47.069	0.00	0.00	0	0
4996	-74.708	31.958	-4417.0	2.30	0.0670	0.567	47.032	0.00	0.00	0	0
4997	-74.625	31.958	-4550.0	2.27	0.0630	0.568	46.575	0.00	0.00	0	0
4998	-74.542	31.958	-4689.0	2.30	0.0590	0.571	46.436	0.00	0.00	0	0
4999	-74.458	31.958	-4779.0	2.27	0.0550	0.457	46.948	0.00	0.00	0	0
5000	-74.375	31.958	-4829.0	2.27	0.0510	0.450	46.842	0.00	0.00	0	0
5001	-74.292	31.958	-4859.0	2.27	0.0490	0.448	46.357	0.00	0.00	0	0
5002	-74.208	31.958	-4908.0	2.27	0.0480	0.532	46.258	0.00	0.00	0	0
5003	-74.125	31.958	-4928.5	2.27	0.0470	0.531	46.185	0.00	0.00	0	0
5004	-74.042	31.958	-4942.0	2.26	0.0460	0.646	47.266	0.00	0.00	0	0
5005	-73.958	31.958	-4978.0	2.26	0.0460	0.478	46.220	0.00	0.00	0	0
5006	-73.875	31.958	-5040.0	2.26	0.0450	0.528	46.369	0.00	0.00	0	0
5007	-73.792	31.958	-5084.0	2.26	0.0450	0.443	46.051	0.00	0.00	0	0
5008	-73.708	31.958	-5126.0	2.25	0.0440	0.610	45.995	0.00	0.00	0	0
5009	-73.625	31.958	-5164.0	2.25	0.0430	0.618	46.810	0.00	0.00	0	0
5010	-73.542	31.958	-5189.0	2.25	0.0430	0.629	47.001	0.00	0.00	0	0
5011	-73.458	31.958	-5245.5	2.25	0.0420	0.663	48.507	0.00	0.00	0	0
5012	-73.375	31.958	-5239.0	2.25	0.0420	0.664	48.655	0.00	0.00	0	0
5013	-73.292	31.958	-5257.0	2.25	0.0410	0.670	48.754	0.00	0.00	0	0
5014	-73.208	31.958	-5345.0	2.25	0.0410	0.652	48.726	0.00	0.00	0	0
5015	-73.125	31.958	-5336.0	2.25	0.0400	0.660	48.824	0.00	0.00	0	0
5016	-73.042	31.958	-5310.0	2.25	0.0400	0.661	48.886	0.00	0.00	0	0
5017	-72.958	31.958	-5319.0	2.25	0.0390	0.723	48.853	0.00	0.00	0	0
5018	-72.875	31.958	-5317.5	2.25	0.0390	0.722	49.327	0.00	0.00	0	0
5019	-72.792	31.958	-5340.0	2.25	0.0390	0.717	50.662	0.00	0.00	0	0
5020	-72.708	31.958	-5371.0	2.25	0.0390	0.721	50.746	0.00	0.00	0	0
5021	-72.625	31.958	-5365.0	2.25	0.0380	0.695	50.821	0.00	0.00	0	0
5022	-72.542	31.958	-5376.0	2.25	0.0380	0.676	50.788	0.00	0.00	0	0
5023	-72.458	31.958	-5361.5	2.25	0.0380	0.675	51.234	0.00	0.00	0	0
5024	-72.375	31.958	-5363.0	2.26	0.0380	0.645	51.524	0.00	0.00	0	0
5025	-72.292	31.958	-5411.0	2.25	0.0380	0.711	51.461	0.00	0.00	0	0
5026	-72.208	31.958	-5388.0	2.25	0.0380	0.617	52.012	0.00	0.00	0	0
5027	-72.125	31.958	-5397.0	2.25	0.0380	0.443	52.044	0.00	0.00	0	0
5028	-72.042	31.958	-5394.0	2.25	0.0380	0.446	51.461	0.00	0.00	0	0
5029	-71.958	31.958	-5366.0	2.23	0.0380	0.442	50.941	0.00	0.00	0	0
5030	-71.875	31.958	-5346.0	2.22	0.0380	0.592	50.598	0.00	0.00	0	0
5031	-71.792	31.958	-5396.0	2.20	0.0390	0.592	50.401	0.00	0.00	0	0
5032	-71.708	31.958	-5402.0	2.20	0.0390	0.591	50.330	0.00	0.00	0	0
5033	-71.625	31.958	-5399.0	2.18	0.0380	0.478	50.261	0.00	0.00	0	0
5034	-71.542	31.958	-5401.0	2.18	0.0370	0.442	50.249	0.00	0.00	0	0
5035	-71.458	31.958	-5420.0	2.19	0.0360	0.466	49.605	0.00	0.00	0	0
5036	-71.375	31.958	-5417.0	2.19	0.0350	0.466	49.537	0.00	0.00	0	0
5037	-71.292	31.958	-5398.0	2.20	0.0350	0.576	50.385	0.00	0.00	0	0
5038	-71.208	31.958	-5407.0	2.19	0.0340	0.468	50.310	0.00	0.00	0	0
5039	-71.125	31.958	-5410.0	2.19	0.0330	0.581	50.251	0.00	0.00	0	0
5040	-71.042	31.958	-5410.0	2.20	0.0330	0.583	50.201	0.00	0.00	0	0
5041	-77.958	32.042	-606.0	10.20	0.0940	0.117	56.712	0.00	1.72	0	0
5042	-77.875	32.042	-664.0	8.96	0.1020	0.125	55.633	0.00	1.07	0	0
5043	-77.792	32.042	-670.0	8.22	0.1110	0.127	55.600	0.00	4.50	0	0
5044	-77.708	32.042	-654.0	7.40	0.1190	0.053	55.558	0.00	0.00	0	0
5045	-77.625	32.042	-682.0	7.26	0.1240	0.341	53.923	0.00	74.27	11	4
5046	-77.542	32.042	-760.0	6.64	0.1290	0.484	53.848	0.27	143.05	17	5
5047	-77.458	32.042	-816.0	7.36	0.1330	0.475	53.744	0.08	147.67	19	4
5048	-77.375	32.042	-804.0	6.15	0.1360	0.522	53.646	1.73	163.57	20	6
5049	-77.292	32.042	-813.0	6.08	0.1380	0.513	51.055	3.16	188.21	22	6
5050	-77.208	32.042	-862.5	5.56	0.1360	0.512	49.943	15.42	199.78	20	7
5051	-77.125	32.042	-988.0	4.65	0.1310	0.532	49.892	56.59	211.62	21	8
5052	-77.042	32.042	-1004.0	3.00	0.1250	0.559	48.765	130.24	207.42	21	8
5053	-76.958	32.042	-1120.0	2.83	0.1210	0.559	48.690	149.31	156.81	19	8
5054	-76.875	32.042	-1535.5	2.89	0.1200	0.514	49.488	165.54	97.35	10	3
5055	-76.792	32.042	-2089.5	2.87	0.1200	0.524	48.433	153.62	53.34	6	1
5056	-76.708	32.042	-2268.5	3.00	0.1260	0.444	48.358	102.69	24.38	3	0
5057	-76.625	32.042	-2344.0	2.87	0.1310	0.428	48.342	99.09	21.13	3	0
5058	-76.542	32.042	-2402.0	3.19	0.1310	0.306	48.347	58.83	11.41	2	0
5059	-76.458	32.042	-2440.5	3.17	0.1330	0.320	48.339	54.99	10.62	1	0
5060	-76.375	32.042	-2514.0	3.04	0.1350	0.312	48.359	56.37	10.06	1	0
5061	-76.292	32.042	-2553.0	3.11	0.1360	0.303	48.807	56.16	10.02	1	0
5062	-76.208	32.042	-2571.0	3.10	0.1360	0.603	45.839	351.00	73.67	8	3
5063	-76.125	32.042	-2580.0	2.75	0.1340	0.856	45.901	790.28	133.43	12	7
5064	-76.042	32.042	-2588.0	2.56	0.1300	0.778	46.020	498.35	96.61	10	4
5065	-75.958	32.042	-2593.0	2.55	0.1250	0.857	46.131	670.75	106.92	11	5
5066	-75.875	32.042	-2573.0	2.46	0.1200	0.923	46.116	712.55	109.71	11	6
5067	-75.792	32.042	-2585.0	2.29	0.1130	0.877	46.234	521.20	90.38	7	6
5068	-75.708	32.042	-2652.0	2.30	0.1060	0.878	46.516	404.71	79.15	6	5
5069	-75.625	32.042	-2757.0	2.30	0.0990	0.869	46.526	286.52	41.52	4	2
5070	-75.542	32.042	-2932.0	2.31	0.0920	0.848	47.650	261.33	27.82	2	2
5071	-75.458	32.042	-3105.5	2.31	0.0870	0.614	47.594	25.64	0.00	0	0
5072	-75.375	32.042	-3274.5	2.31	0.0840	0.864	47.527	0.00	0.00	0	0
5073	-75.292	32.042	-3442.0	2.33	0.0820	0.623	47.478	0.00	0.00	0	0
5074	-75.208	32.042	-3647.0	2.33	0.0800	0.607	47.445	0.00	0.00	0	0
5075	-75.125	32.042	-3802.5	2.32	0.0780	0.860	47.079	0.00	0.00	0	0
5076	-75.042	32.042	-3946.0	2.31	0.0770	0.569	47.041	0.00	0.00	0	0
5077	-74.958	32.042	-4078.5	2.31	0.0740	0.602	46.970	0.00	0.00	0	0
5078	-74.875	32.042	-4213.5	2.30	0.0720	0.600	47.170	0.00	0.00	0	0
5079	-74.792	32.042	-4339.0	2.30	0.0700	0.696	47.113	0.00	0.00	0	0
5080	-74.708	32.042	-4466.0	2.30	0.0670	0.694	47.118	0.00	0.00	0	0
5081	-74.625	32.042	-4592.5	2.31	0.0640	0.691	46.997	0.00	0.00	0	0
5082	-74.542	32.042	-4681.0	2.30	0.0590	0.607	46.495	0.00	0.00	0	0
5083	-74.458	32.042	-4738.5	2.27	0.0540	0.455	46.989	0.00	0.00	0	0
5084	-74.375	32.042	-4769.0	2.27	0.0510	0.448	46.871	0.00	0.00	0	0
5085	-74.292	32.042	-4820.5	2.27	0.0500	0.538	46.771	0.00	0.00	0	0
5086	-74.208	32.042	-4870.0	2.27	0.0490	0.534	46.267	0.00	0.00	0	0
5087	-74.125	32.042	-4905.0	2.27	0.0480	0.530	46.178	0.00	0.00	0	0
5088	-74.042	32.042	-4943.5	2.26	0.0470	0.424	46.527	0.00	0.00	0	0
5089	-73.958	32.042	-4997.0	2.26	0.0460	0.530	47.229	0.00	0.00	0	0
5090	-73.875	32.042	-5051.0	2.26	0.0460	0.428	46.264	0.00	0.00	0	0
5091	-73.792	32.042	-5085.5	2.26	0.0450	0.441	46.282	0.00	0.00	0	0
5092	-73.708	32.042	-5129.0	2.25	0.0440	0.444	45.862	0.00	0.00	0	0
5093	-73.625	32.042	-5164.0	2.25	0.0440	0.445	45.913	0.00	0.00	0	0
5094	-73.542	32.042	-5193.0	2.25	0.0430	0.490	47.262	0.00	0.00	0	0
5095	-73.458	32.042	-5218.0	2.25	0.0420	0.489	47.495	0.00	0.00	0	0
5096	-73.375	32.042	-5249.0	2.25	0.0420	0.491	48.478	0.00	0.00	0	0
5097	-73.292	32.042	-5250.0	2.25	0.0410	0.692	48.618	0.00	0.00	0	0
5098	-73.208	32.042	-5280.0	2.25	0.0410	0.700	48.691	0.00	0.00	0	0
5099	-73.125	32.042	-5272.0	2.25	0.0400	0.658	48.767	0.00	0.00	0	0
5100	-73.042	32.042	-5293.0	2.25	0.0400	0.722	48.732	0.00	0.00	0	0
5101	-72.958	32.042	-5289.0	2.25	0.0400	0.724	48.706	0.00	0.00	0	0
5102	-72.875	32.042	-5322.0	2.25	0.0390	0.719	49.180	0.00	0.00	0	0
5103	-72.792	32.042	-5344.0	2.25	0.0390	0.728	49.278	0.00	0.00	0	0
5104	-72.708	32.042	-5368.0	2.25	0.0390	0.726	50.498	0.00	0.00	0	0
5105	-72.625	32.042	-5362.0	2.24	0.0380	0.725	50.569	0.00	0.00	0	0
5106	-72.542	32.042	-5372.0	2.24	0.0380	0.710	50.492	0.00	0.00	0	0
5107	-72.458	32.042	-5319.5	2.25	0.0380	0.700	51.026	0.00	0.00	0	0
5108	-72.375	32.042	-5355.0	2.25	0.0380	0.696	51.172	0.00	0.00	0	0
5109	-72.292	32.042	-5374.0	2.25	0.0380	0.697	51.086	0.00	0.00	0	0
5110	-72.208	32.042	-5390.0	2.25	0.0380	0.689	51.567	0.00	0.00	0	0
5111	-72.125	32.042	-5388.0	2.25	0.0380	0.445	51.745	0.00	0.00	0	0
5112	-72.042	32.042	-5391.5	2.25	0.0380	0.444	51.257	0.00	0.00	0	0
5113	-71.958	32.042	-5346.0	2.25	0.0380	0.444	51.062	0.00	0.00	0	0
5114	-71.875	32.042	-5416.0	2.23	0.0380	0.610	50.674	0.00	0.00	0	0
5115	-71.792	32.042	-5395.0	2.22	0.0380	0.562	50.432	0.00	0.00	0	0
5116	-71.708	32.042	-5401.0	2.19	0.0380	0.480	50.314	0.00	0.00	0	0
5117	-71.625	32.042	-5400.0	2.21	0.0370	0.554	50.270	0.00	0.00	0	0
5118	-71.542	32.042	-5400.0	2.18	0.0370	0.469	49.687	0.00	0.00	0	0
5119	-71.458	32.042	-5416.0	2.19	0.0360	0.468	50.209	0.00	0.00	0	0
5120	-71.375	32.042	-5441.0	2.19	0.0350	0.465	50.150	0.00	0.00	0	0
5121	-71.292	32.042	-5429.0	2.20	0.0340	0.467	49.499	0.00	0.00	0	0
5122	-71.208	32.042	-5409.0	2.19	0.0340	0.466	50.336	0.00	0.00	0	0
5123	-71.125	32.042	-5409.0	2.19	0.0330	0.469	50.282	0.00	0.00	0	0
5124	-71.042	32.042	-5410.0	2.22	0.0320	0.467	50.236	0.00	0.00	0	0
5125	-77.958	32.125	-534.0	10.24	0.0870	0.181	56.709	0.00	20.92	3	0
5126	-77.875	32.125	-537.0	10.24	0.0910	0.183	55.621	0.00	11.95	2	0
5127	-77.792	32.125	-585.5	9.66	0.1000	0.134	55.595	0.00	8.04	1	0
5128	-77.708	32.125	-621.0	7.52	0.1080	0.131	55.555	0.00	6.08	1	0
5129	-77.625	32.125	-638.0	7.41	0.1170	0.338	55.510	0.00	66.33	10	1
5130	-77.542	32.125	-703.5	7.26	0.1220	0.355	53.881	0.00	78.06	10	3
5131	-77.458	32.125	-757.0	7.44	0.1300	0.504	53.810	0.00	136.89	18	6
5132	-77.375	32.125	-780.0	7.31	0.1370	0.530	53.702	0.00	118.82	14	0
5133	-77.292	32.125	-812.0	6.14	0.1410	0.520	51.108	3.29	202.07	24	7
5134	-77.208	32.125	-833.0	5.67	0.1400	0.502	50.010	12.63	180.51	20	6
5135	-77.125	32.125	-921.0	4.75	0.1380	0.589	49.876	45.83	216.86	23	7
5136	-77.042	32.125	-939.0	4.60	0.1300	0.604	48.767	56.19	226.61	25	8
5137	-76.958	32.125	-1032.0	2.85	0.1220	0.616	48.707	148.72	208.14	22	8
5138	-76.875	32.125	-1219.0	2.81	0.1190	0.531	48.593	159.22	127.29	13	5
5139	-76.792	32.125	-1720.0	2.78	0.1180	0.520	48.903	183.26	82.58	9	2
5140	-76.708	32.125	-2198.0	2.76	0.1170	0.513	47.550	134.16	37.29	5	0
5141	-76.625	32.125	-2288.0	2.87	0.1230	0.437	48.320	121.33	28.46	4	0
5142	-76.542	32.125	-2345.0	2.86	0.1280	0.428	48.316	95.19	19.73	2	0
5143	-76.458	32.125	-2401.0	2.86	0.1310	0.304	48.310	65.70	12.50	2	0
5144	-76.375	32.125	-2448.0	3.17	0.1340	0.318	48.769	53.36	10.45	1	0
5145	-76.292	32.125	-2476.0	3.16	0.1360	0.307	48.807	55.06	10.25	1	0
5146	-76.208	32.125	-2512.0	3.10	0.1370	0.303	48.549	56.55	10.04	1	0
5147	-76.125	32.125	-2517.0	3.09	0.1340	0.316	48.843	54.99	10.30	1	0
5148	-76.042	32.125	-2521.5	2.89	0.1300	0.794	45.983	781.75	140.43	12	7
5149	-75.958	32.125	-2506.0	2.55	0.1250	0.780	46.077	460.96	87.42	9	4
5150	-75.875	32.125	-2520.0	2.55	0.1180	0.774	46.357	404.19	86.48	8	4
5151	-75.792	32.125	-2595.5	2.29	0.1120	0.780	46.187	363.37	65.45	6	4
5152	-75.708	32.125	-2746.0	2.29	0.1040	0.918	46.530	313.99	50.35	4	3
5153	-75.625	32.125	-2939.0	2.29	0.0970	0.868	46.587	313.36	37.39	3	2
5154	-75.542	32.125	-3119.5	2.30	0.0900	0.846	46.420	251.14	28.33	2	2
5155	-75.458	32.125	-3276.5	2.30	0.0860	0.781	46.423	26.86	0.00	0	0
5156	-75.375	32.125	-3497.0	2.31	0.0830	0.777	47.593	0.00	0.00	0	0
5157	-75.292	32.125	-3666.0	2.32	0.0810	0.716	47.543	0.00	0.00	0	0
5158	-75.208	32.125	-3804.0	2.32	0.0790	0.860	47.494	0.00	0.00	0	0
5159	-75.125	32.125	-3926.0	2.32	0.0780	0.862	47.128	0.00	0.00	0	0
5160	-75.042	32.125	-4060.0	2.31	0.0760	0.700	47.081	0.00	0.00	0	0
5161	-74.958	32.125	-4181.0	2.31	0.0750	0.604	46.997	0.00	0.00	0	0
5162	-74.875	32.125	-4295.5	2.30	0.0730	0.699	46.993	0.00	0.00	0	0
5163	-74.792	32.125	-4406.0	2.30	0.0710	0.698	47.075	0.00	0.00	0	0
5164	-74.708	32.125	-4520.0	2.30	0.0680	0.779	47.211	0.00	0.00	0	0
5165	-74.625	32.125	-4602.0	2.29	0.0650	0.695	47.108	0.00	0.00	0	0
5166	-74.542	32.125	-4646.0	2.30	0.0600	0.603	46.584	0.00	0.00	0	0
5167	-74.458	32.125	-4694.0	2.30	0.0550	0.605	46.409	0.00	0.00	0	0
5168	-74.375	32.125	-4741.0	2.27	0.0520	0.537	46.916	0.00	0.00	0	0
5169	-74.292	32.125	-4797.0	2.26	0.0510	0.442	46.808	0.00	0.00	0	0
5170	-74.208	32.125	-4856.0	2.26	0.0500	0.534	46.704	0.00	0.00	0	0
5171	-74.125	32.125	-4910.0	2.26	0.0490	0.433	46.617	0.00	0.00	0	0
5172	-74.042	32.125	-4941.0	2.26	0.0480	0.432	46.499	0.00	0.00	0	0
5173	-73.958	32.125	-5003.5	2.26	0.0470	0.423	46.484	0.00	0.00	0	0
5174	-73.875	32.125	-5049.0	2.26	0.0460	0.528	46.221	0.00	0.00	0	0
5175	-73.792	32.125	-5088.0	2.26	0.0460	0.536	46.235	0.00	0.00	0	0
5176	-73.708	32.125	-5121.0	2.25	0.0450	0.441	45.789	0.00	0.00	0	0
5177	-73.625	32.125	-5165.0	2.25	0.0440	0.604	45.708	0.00	0.00	0	0
5178	-73.542	32.125	-5191.0	2.25	0.0430	0.490	45.972	0.00	0.00	0	0
5179	-73.458	32.125	-5215.0	2.25	0.0430	0.573	47.407	0.00	0.00	0	0
5180	-73.375	32.125	-5255.0	2.25	0.0420	0.449	47.487	0.00	0.00	0	0
5181	-73.292	32.125	-5250.0	2.25	0.0410	0.755	48.298	0.00	0.00	0	0
5182	-73.208	32.125	-5287.0	2.25	0.0410	0.659	48.568	0.00	0.00	0	0
5183	-73.125	32.125	-5291.0	2.25	0.0400	0.699	48.636	0.00	0.00	0	0
5184	-73.042	32.125	-5274.0	2.25	0.0400	0.704	48.515	0.00	0.00	0	0
5185	-72.958	32.125	-5303.5	2.25	0.0400	0.703	49.060	0.00	0.00	0	0
5186	-72.875	32.125	-5326.0	2.25	0.0390	0.713	49.043	0.00	0.00	0	0
5187	-72.792	32.125	-5362.0	2.25	0.0390	0.731	49.144	0.00	0.00	0	0
5188	-72.708	32.125	-5355.0	2.24	0.0390	0.731	50.351	0.00	0.00	0	0
5189	-72.625	32.125	-5368.0	2.24	0.0380	0.725	50.370	0.00	0.00	0	0
5190	-72.542	32.125	-5359.0	2.24	0.0380	0.729	50.435	0.00	0.00	0	0
5191	-72.458	32.125	-5354.5	2.24	0.0380	0.723	50.737	0.00	0.00	0	0
5192	-72.375	32.125	-5288.0	2.25	0.0380	0.717	50.837	0.00	0.00	0	0
5193	-72.292	32.125	-5343.0	2.25	0.0380	0.710	51.054	0.00	0.00	0	0
5194	-72.208	32.125	-5393.0	2.25	0.0370	0.707	50.976	0.00	0.00	0	0
5195	-72.125	32.125	-5380.0	2.27	0.0370	0.707	51.232	0.00	0.00	0	0
5196	-72.042	32.125	-5382.0	2.25	0.0370	0.618	51.107	0.00	0.00	0	0
5197	-71.958	32.125	-5357.0	2.25	0.0370	0.614	51.158	0.00	0.00	0	0
5198	-71.875	32.125	-5395.0	2.25	0.0370	0.620	50.738	0.00	0.00	0	0
5199	-71.792	32.125	-5389.0	2.22	0.0370	0.625	50.419	0.00	0.00	0	0
5200	-71.708	32.125	-5401.0	2.19	0.0370	0.624	50.920	0.00	0.00	0	0
5201	-71.625	32.125	-5394.0	2.21	0.0370	0.479	51.029	0.00	0.00	0	0
5202	-71.542	32.125	-5398.0	2.19	0.0360	0.558	50.203	0.00	0.00	0	0
5203	-71.458	32.125	-5412.0	2.18	0.0350	0.555	50.170	0.00	0.00	0	0
5204	-71.375	32.125	-5419.0	2.20	0.0350	0.466	50.412	0.00	0.00	0	0
5205	-71.292	32.125	-5406.0	2.18	0.0340	0.465	50.418	0.00	0.00	0	0
5206	-71.208	32.125	-5407.0	2.20	0.0330	0.467	50.366	0.00	0.00	0	0
5207	-71.125	32.125	-5410.0	2.19	0.0330	0.466	50.318	0.00	0.00	0	0
5208	-71.042	32.125	-5414.0	2.19	0.0320	0.470	50.271	0.00	0.00	0	0
5209	-77.958	32.208	-489.0	10.27	0.0800	0.278	56.715	0.00	6.32	2	0
5210	-77.875	32.208	-509.0	10.29	0.0830	0.270	55.632	0.00	29.08	3	1
5211	-77.792	32.208	-541.0	9.03	0.0890	0.273	55.602	0.00	24.95	4	1
5212	-77.708	32.208	-557.0	8.94	0.0970	0.211	55.570	0.00	17.28	2	0
5213	-77.625	32.208	-598.0	8.18	0.1070	0.365	55.526	0.00	65.90	9	3
5214	-77.542	32.208	-632.0	7.20	0.1170	0.336	55.476	0.00	60.85	8	1
5215	-77.458	32.208	-681.0	7.24	0.1270	0.335	53.845	0.00	64.21	8	2
5216	-77.375	32.208	-751.0	7.38	0.1340	0.514	53.765	0.00	196.55	22	8
5217	-77.292	32.208	-799.0	7.31	0.1410	0.521	53.652	0.18	173.80	21	7
5218	-77.208	32.208	-826.0	6.46	0.1480	0.543	51.045	3.02	191.44	23	6
5219	-77.125	32.208	-903.0	5.61	0.1460	0.578	49.938	25.26	237.17	25	8
5220	-77.042	32.208	-893.0	4.70	0.1400	0.599	49.787	44.77	225.21	25	9
5221	-76.958	32.208	-961.0	4.57	0.1310	0.690	48.727	105.26	307.75	25	13
5222	-76.875	32.208	-1107.0	2.83	0.1220	0.630	48.619	163.18	188.01	19	8
5223	-76.792	32.208	-1282.5	2.82	0.1190	0.577	46.442	197.98	115.93	13	5
5224	-76.708	32.208	-1912.5	2.78	0.1110	0.537	47.541	170.02	61.17	8	1
5225	-76.625	32.208	-2229.5	2.77	0.1140	0.518	47.557	150.11	36.09	5	1
5226	-76.542	32.208	-2288.0	2.86	0.1210	0.340	47.570	74.28	18.51	3	0
5227	-76.458	32.208	-2332.0	2.87	0.1280	0.427	47.577	95.97	20.21	3	0
5228	-76.375	32.208	-2389.0	3.00	0.1320	0.306	47.583	63.30	13.62	2	0
5229	-76.292	32.208	-2418.0	2.86	0.1350	0.307	47.560	61.71	12.05	2	0
5230	-76.208	32.208	-2439.0	3.03	0.1360	0.307	48.791	55.64	10.25	1	0
5231	-76.125	32.208	-2445.0	3.10	0.1340	0.302	48.791	56.62	10.70	2	0
5232	-76.042	32.208	-2438.0	3.09	0.1300	0.156	48.827	0.00	0.00	0	0
5233	-75.958	32.208	-2464.5	2.74	0.1230	0.860	46.051	658.74	129.16	12	7
5234	-75.875	32.208	-2566.0	2.54	0.1170	0.757	46.290	441.36	91.48	8	4
5235	-75.792	32.208	-2714.0	2.42	0.1100	0.756	46.384	368.31	72.38	5	4
5236	-75.708	32.208	-2933.5	2.29	0.1020	0.613	46.312	168.25	22.56	3	1
5237	-75.625	32.208	-3128.0	2.29	0.0960	0.841	46.636	251.75	26.98	2	2
5238	-75.542	32.208	-3332.0	2.30	0.0890	0.747	46.423	32.06	0.00	0	0
5239	-75.458	32.208	-3491.5	2.30	0.0850	0.843	46.435	46.72	0.00	0	0
5240	-75.375	32.208	-3630.5	2.31	0.0820	0.616	47.662	15.59	0.04	0	0
5241	-75.292	32.208	-3780.0	2.31	0.0810	0.864	47.598	0.00	0.00	0	0
5242	-75.208	32.208	-3909.0	2.33	0.0790	0.863	47.548	0.00	0.00	0	0
5243	-75.125	32.208	-4018.0	2.31	0.0780	0.862	47.495	0.00	0.00	0	0
5244	-75.042	32.208	-4140.0	2.31	0.0770	0.861	47.132	0.00	0.00	0	0
5245	-74.958	32.208	-4252.0	2.31	0.0750	0.862	47.087	0.00	0.00	0	0
5246	-74.875	32.208	-4352.0	2.30	0.0740	0.603	47.012	0.00	0.00	0	0
5247	-74.792	32.208	-4445.0	2.30	0.0720	0.701	47.148	0.00	0.00	0	0
5248	-74.708	32.208	-4520.0	2.30	0.0700	0.785	47.250	0.00	0.00	0	0
5249	-74.625	32.208	-4572.0	2.30	0.0670	0.785	47.260	0.00	0.00	0	0
5250	-74.542	32.208	-4611.0	2.30	0.0630	0.801	47.010	0.00	0.00	0	0
5251	-74.458	32.208	-4664.0	2.30	0.0580	0.599	46.486	0.00	0.00	0	0
5252	-74.375	32.208	-4717.0	2.27	0.0550	0.442	46.969	0.00	0.00	0	0
5253	-74.292	32.208	-4773.0	2.27	0.0520	0.539	46.848	0.00	0.00	0	0
5254	-74.208	32.208	-4841.5	2.26	0.0510	0.433	46.746	0.00	0.00	0	0
5255	-74.125	32.208	-4898.0	2.26	0.0500	0.435	46.643	0.00	0.00	0	0
5256	-74.042	32.208	-4936.0	2.26	0.0490	0.374	46.583	0.00	0.00	0	0
5257	-73.958	32.208	-4992.0	2.26	0.0480	0.434	46.479	0.00	0.00	0	0
5258	-73.875	32.208	-5047.0	2.26	0.0470	0.430	46.066	0.00	0.00	0	0
5259	-73.792	32.208	-5087.0	2.26	0.0460	0.480	46.102	0.00	0.00	0	0
5260	-73.708	32.208	-5122.0	2.26	0.0450	0.429	46.275	0.00	0.00	0	0
5261	-73.625	32.208	-5151.0	2.25	0.0440	0.599	45.487	0.00	0.00	0	0
5262	-73.542	32.208	-5179.0	2.25	0.0430	0.617	45.900	0.00	0.00	0	0
5263	-73.458	32.208	-5200.0	2.25	0.0430	0.619	47.283	0.00	0.00	0	0
5264	-73.375	32.208	-5229.5	2.25	0.0420	0.782	47.508	0.00	0.00	0	0
5265	-73.292	32.208	-5239.0	2.25	0.0420	0.768	47.581	0.00	0.00	0	0
5266	-73.208	32.208	-5251.0	2.25	0.0410	0.668	48.452	0.00	0.00	0	0
5267	-73.125	32.208	-5246.5	2.25	0.0410	0.701	48.522	0.00	0.00	0	0
5268	-73.042	32.208	-5262.0	2.25	0.0400	0.696	47.787	0.00	0.00	0	0
5269	-72.958	32.208	-5307.0	2.25	0.0400	0.709	47.843	0.00	0.00	0	0
5270	-72.875	32.208	-5330.0	2.25	0.0390	0.706	48.897	0.00	0.00	0	0
5271	-72.792	32.208	-5353.0	2.25	0.0390	0.723	48.993	0.00	0.00	0	0
5272	-72.708	32.208	-5352.0	2.24	0.0380	0.726	49.112	0.00	0.00	0	0
5273	-72.625	32.208	-5360.0	2.24	0.0380	0.728	50.269	0.00	0.00	0	0
5274	-72.542	32.208	-5354.0	2.24	0.0380	0.730	50.347	0.00	0.00	0	0
5275	-72.458	32.208	-5356.0	2.24	0.0380	0.729	50.359	0.00	0.00	0	0
5276	-72.375	32.208	-5344.0	2.24	0.0380	0.727	49.429	0.00	0.00	0	0
5277	-72.292	32.208	-5358.0	2.23	0.0370	0.725	50.728	0.00	0.00	0	0
5278	-72.208	32.208	-5394.0	2.26	0.0370	0.718	50.697	0.00	0.00	0	0
5279	-72.125	32.208	-5375.5	2.27	0.0370	0.716	50.278	0.00	0.00	0	0
5280	-72.042	32.208	-5364.0	2.27	0.0370	0.626	50.392	0.00	0.00	0	0
5281	-71.958	32.208	-5353.0	2.25	0.0370	0.619	51.098	0.00	0.00	0	0
5282	-71.875	32.208	-5390.0	2.25	0.0370	0.629	50.897	0.00	0.00	0	0
5283	-71.792	32.208	-5389.0	2.24	0.0360	0.627	50.383	0.00	0.00	0	0
5284	-71.708	32.208	-5397.0	2.22	0.0360	0.621	50.184	0.00	0.00	0	0
5285	-71.625	32.208	-5390.0	2.22	0.0360	0.624	50.772	0.00	0.00	0	0
5286	-71.542	32.208	-5398.0	2.22	0.0350	0.619	50.948	0.00	0.00	0	0
5287	-71.458	32.208	-5402.0	2.19	0.0350	0.561	49.697	0.00	0.00	0	0
5288	-71.375	32.208	-5403.0	2.20	0.0340	0.476	49.646	0.00	0.00	0	0
5289	-71.292	32.208	-5405.0	2.20	0.0330	0.467	49.596	0.00	0.00	0	0
5290	-71.208	32.208	-5410.0	2.18	0.0330	0.469	50.394	0.00	0.00	0	0
5291	-71.125	32.208	-5416.0	2.20	0.0320	0.466	50.354	0.00	0.00	0	0
5292	-71.042	32.208	-5404.0	2.19	0.0320	0.469	50.301	0.00	0.00	0	0
5293	-77.958	32.292	-444.0	10.31	0.0740	0.305	56.720	0.00	5.72	2	0
5294	-77.875	32.292	-493.0	10.33	0.0760	0.291	55.646	0.00	10.05	3	0
5295	-77.792	32.292	-511.0	9.10	0.0800	0.303	55.616	0.00	28.59	3	1
5296	-77.708	32.292	-528.0	9.01	0.0890	0.293	55.584	0.00	26.92	3	1
5297	-77.625	32.292	-573.5	8.27	0.0970	0.372	55.541	0.00	56.78	8	2
5298	-77.542	32.292	-606.0	8.17	0.1100	0.460	55.495	0.00	99.32	11	3
5299	-77.458	32.292	-618.0	8.02	0.1220	0.379	53.881	0.00	54.32	7	1
5300	-77.375	32.292	-720.0	7.83	0.1320	0.552	53.801	0.00	181.64	20	4
5301	-77.292	32.292	-761.0	7.37	0.1420	0.537	53.709	0.00	211.57	23	6
5302	-77.208	32.292	-779.0	6.51	0.1510	0.544	51.100	2.03	203.63	23	5
5303	-77.125	32.292	-826.0	5.69	0.1550	0.557	50.020	16.61	234.84	23	7
5304	-77.042	32.292	-865.0	4.79	0.1530	0.562	49.918	47.71	250.63	25	9
5305	-76.958	32.292	-910.0	4.65	0.1430	0.652	49.729	71.88	267.36	24	13
5306	-76.875	32.292	-969.0	2.97	0.1340	0.900	48.670	395.80	475.08	58	21
5307	-76.792	32.292	-1145.0	2.83	0.1200	0.588	46.434	163.46	122.72	13	5
5308	-76.708	32.292	-1465.5	2.80	0.1120	0.546	46.509	196.68	95.38	9	3
5309	-76.625	32.292	-2020.0	2.79	0.1040	0.533	47.544	122.69	33.53	4	1
5310	-76.542	32.292	-2225.0	2.70	0.1120	0.417	47.488	105.12	27.07	4	0
5311	-76.458	32.292	-2275.0	2.86	0.1220	0.345	47.548	92.88	25.09	4	0
5312	-76.375	32.292	-2302.0	2.84	0.1260	0.315	47.524	84.75	19.52	3	0
5313	-76.292	32.292	-2338.0	2.87	0.1330	0.433	47.542	133.67	32.91	4	0
5314	-76.208	32.292	-2355.0	2.99	0.1350	0.425	47.555	136.47	32.49	4	0
5315	-76.125	32.292	-2354.0	3.03	0.1330	0.305	48.785	57.45	11.38	2	0
5316	-76.042	32.292	-2379.0	2.76	0.1280	0.279	48.806	17.18	3.82	0	0
5317	-75.958	32.292	-2484.0	2.75	0.1220	0.763	46.007	448.34	94.92	7	4
5318	-75.875	32.292	-2638.5	2.55	0.1150	0.754	46.193	430.97	78.46	6	4
5319	-75.792	32.292	-2849.0	2.42	0.1080	0.511	46.325	49.97	7.64	1	0
5320	-75.708	32.292	-3074.5	2.25	0.1010	0.386	46.243	0.00	0.00	0	0
5321	-75.625	32.292	-3282.5	2.29	0.0940	0.583	46.805	52.14	0.00	0	0
5322	-75.542	32.292	-3428.5	2.30	0.0890	0.390	46.766	0.00	0.00	0	0
5323	-75.458	32.292	-3529.0	2.30	0.0850	0.617	46.448	31.92	0.18	0	0
5324	-75.375	32.292	-3681.0	2.30	0.0820	0.618	47.704	17.65	0.04	0	0
5325	-75.292	32.292	-3831.0	2.30	0.0810	0.996	47.664	38.81	0.10	0	0
5326	-75.208	32.292	-3952.0	2.33	0.0790	0.866	47.609	0.00	0.00	0	0
5327	-75.125	32.292	-4067.0	2.31	0.0780	0.992	47.566	0.00	0.00	0	0
5328	-75.042	32.292	-4177.0	2.32	0.0770	0.863	47.541	0.00	0.00	0	0
5329	-74.958	32.292	-4283.0	2.31	0.0760	0.863	47.127	0.00	0.00	0	0
5330	-74.875	32.292	-4362.0	2.31	0.0750	0.754	47.032	0.00	0.00	0	0
5331	-74.792	32.292	-4436.5	2.31	0.0730	0.754	47.130	0.00	0.00	0	0
5332	-74.708	32.292	-4490.5	2.30	0.0710	0.785	47.223	0.00	0.00	0	0
5333	-74.625	32.292	-4538.0	2.30	0.0680	0.751	47.394	0.00	0.00	0	0
5334	-74.542	32.292	-4585.0	2.30	0.0640	0.785	47.180	0.00	0.00	0	0
5335	-74.458	32.292	-4637.0	2.30	0.0610	0.746	46.611	0.00	0.00	0	0
5336	-74.375	32.292	-4697.0	2.30	0.0580	0.489	47.035	0.00	0.00	0	0
5337	-74.292	32.292	-4746.0	2.27	0.0550	0.493	46.904	0.00	0.00	0	0
5338	-74.208	32.292	-4819.0	2.26	0.0530	0.433	46.795	0.00	0.00	0	0
5339	-74.125	32.292	-4876.0	2.26	0.0510	0.433	46.697	0.00	0.00	0	0
5340	-74.042	32.292	-4919.0	2.26	0.0500	0.435	46.601	0.00	0.00	0	0
5341	-73.958	32.292	-4963.0	2.26	0.0480	0.437	46.523	0.00	0.00	0	0
5342	-73.875	32.292	-5018.0	2.26	0.0470	0.432	46.448	0.00	0.00	0	0
5343	-73.792	32.292	-5068.5	2.27	0.0460	0.529	46.109	0.00	0.00	0	0
5344	-73.708	32.292	-5125.0	2.26	0.0450	0.433	46.248	0.00	0.00	0	0
5345	-73.625	32.292	-5138.5	2.25	0.0440	0.573	45.624	0.00	0.00	0	0
5346	-73.542	32.292	-5162.0	2.25	0.0440	0.622	45.234	0.00	0.00	0	0
5347	-73.458	32.292	-5186.0	2.25	0.0430	0.633	47.139	0.00	0.00	0	0
5348	-73.375	32.292	-5219.0	2.25	0.0420	0.785	47.386	0.00	0.00	0	0
5349	-73.292	32.292	-5215.0	2.25	0.0420	0.796	47.488	0.00	0.00	0	0
5350	-73.208	32.292	-5261.0	2.25	0.0410	0.677	47.585	0.00	0.00	0	0
5351	-73.125	32.292	-5252.0	2.25	0.0410	0.714	47.674	0.00	0.00	0	0
5352	-73.042	32.292	-5266.0	2.25	0.0400	0.712	47.719	0.00	0.00	0	0
5353	-72.958	32.292	-5314.0	2.25	0.0400	0.715	47.764	0.00	0.00	0	0
5354	-72.875	32.292	-5344.0	2.25	0.0390	0.709	48.775	0.00	0.00	0	0
5355	-72.792	32.292	-5341.0	2.25	0.0390	0.697	48.863	0.00	0.00	0	0
5356	-72.708	32.292	-5349.0	2.25	0.0380	0.697	48.925	0.00	0.00	0	0
5357	-72.625	32.292	-5340.5	2.24	0.0380	0.705	48.996	0.00	0.00	0	0
5358	-72.542	32.292	-5341.0	2.24	0.0380	0.716	50.259	0.00	0.00	0	0
5359	-72.458	32.292	-5349.0	2.24	0.0380	0.727	50.328	0.00	0.00	0	0
5360	-72.375	32.292	-5366.5	2.24	0.0370	0.729	49.282	0.00	0.00	0	0
5361	-72.292	32.292	-5370.0	2.23	0.0370	0.724	49.363	0.00	0.00	0	0
5362	-72.208	32.292	-5388.0	2.25	0.0370	0.728	50.608	0.00	0.00	0	0
5363	-72.125	32.292	-5365.0	2.27	0.0370	0.722	49.960	0.00	0.00	0	0
5364	-72.042	32.292	-5396.0	2.27	0.0370	0.717	50.133	0.00	0.00	0	0
5365	-71.958	32.292	-5317.0	2.27	0.0360	0.625	50.256	0.00	0.00	0	0
5366	-71.875	32.292	-5379.5	2.25	0.0360	0.624	50.888	0.00	0.00	0	0
5367	-71.792	32.292	-5392.0	2.25	0.0360	0.625	50.620	0.00	0.00	0	0
5368	-71.708	32.292	-5395.0	2.22	0.0350	0.628	50.508	0.00	0.00	0	0
5369	-71.625	32.292	-5398.0	2.21	0.0350	0.624	49.749	0.00	0.00	0	0
5370	-71.542	32.292	-5398.0	2.22	0.0340	0.621	50.659	0.00	0.00	0	0
5371	-71.458	32.292	-5400.0	2.22	0.0340	0.558	50.889	0.00	0.00	0	0
5372	-71.375	32.292	-5405.0	2.22	0.0330	0.558	49.661	0.00	0.00	0	0
5373	-71.292	32.292	-5409.0	2.22	0.0330	0.469	49.620	0.00	0.00	0	0
5374	-71.208	32.292	-5412.0	2.20	0.0320	0.466	49.574	0.00	0.00	0	0
5375	-71.125	32.292	-5408.0	2.19	0.0320	0.464	50.378	0.00	0.00	0	0
5376	-71.042	32.292	-5400.0	2.20	0.0310	0.467	50.335	0.00	0.00	0	0
5377	-77.958	32.375	-402.0	10.34	0.0700	0.455	56.719	0.00	20.42	4	0
5378	-77.875	32.375	-426.0	10.38	0.0720	0.447	55.658	0.00	16.40	2	0
5379	-77.792	32.375	-449.0	9.15	0.0760	0.446	55.627	0.00	21.10	1	0
5380	-77.708	32.375	-482.0	9.78	0.0830	0.305	55.595	0.00	34.16	5	1
5381	-77.625	32.375	-513.0	8.36	0.0910	0.362	55.555	0.00	72.36	9	4
5382	-77.542	32.375	-571.0	8.28	0.1020	0.395	55.509	0.00	91.40	14	4
5383	-77.458	32.375	-611.0	8.17	0.1130	0.395	55.460	0.00	74.88	11	3
5384	-77.375	32.375	-677.0	8.03	0.1270	0.366	53.844	0.00	45.90	6	1
5385	-77.292	32.375	-717.0	7.81	0.1410	0.551	53.756	0.00	181.93	21	4
5386	-77.208	32.375	-751.0	7.36	0.1530	0.535	51.169	0.08	157.84	20	6
5387	-77.125	32.375	-778.0	6.46	0.1600	0.541	50.068	1.81	199.42	22	6
5388	-77.042	32.375	-808.0	5.62	0.1590	0.546	49.942	15.81	239.21	24	8
5389	-76.958	32.375	-845.0	4.74	0.1560	0.570	49.796	42.94	242.51	23	10
5390	-76.875	32.375	-901.0	4.59	0.1470	0.616	49.564	58.29	245.10	25	11
5391	-76.792	32.375	-992.0	2.85	0.1330	0.604	47.434	172.46	209.30	22	9
5392	-76.708	32.375	-1181.0	2.84	0.1130	0.704	46.516	342.70	253.49	22	15
5393	-76.625	32.375	-1505.0	2.78	0.0950	0.516	47.443	84.97	46.76	6	3
5394	-76.542	32.375	-2087.0	2.75	0.0930	0.510	47.500	41.00	15.55	2	0
5395	-76.458	32.375	-2209.0	2.79	0.1080	0.506	47.452	111.87	24.91	3	0
5396	-76.375	32.375	-2249.0	2.85	0.1120	0.345	47.487	85.75	18.85	2	0
5397	-76.292	32.375	-2273.0	2.85	0.1230	0.331	47.518	83.87	20.80	2	0
5398	-76.208	32.375	-2273.0	2.87	0.1270	0.433	47.535	160.84	44.22	4	0
5399	-76.125	32.375	-2287.0	2.99	0.1290	0.311	47.831	61.80	12.24	2	0
5400	-76.042	32.375	-2383.0	3.16	0.1260	0.305	48.787	45.99	10.58	1	0
5401	-75.958	32.375	-2523.0	2.73	0.1200	0.154	48.809	0.00	0.00	0	0
5402	-75.875	32.375	-2720.5	2.43	0.1130	0.155	48.834	0.00	0.00	0	0
5403	-75.792	32.375	-2948.0	2.43	0.1070	0.232	46.325	0.00	0.00	0	0
5404	-75.708	32.375	-3167.0	2.25	0.1000	0.280	46.192	0.00	0.00	0	0
5405	-75.625	32.375	-3340.0	2.29	0.0940	0.301	46.510	0.00	0.00	0	0
5406	-75.542	32.375	-3407.0	2.29	0.0890	0.536	46.786	31.64	0.00	0	0
5407	-75.458	32.375	-3527.0	2.30	0.0850	0.466	46.459	0.00	0.00	0	0
5408	-75.375	32.375	-3683.0	2.30	0.0830	0.627	46.460	1.52	0.00	0	0
5409	-75.292	32.375	-3829.0	2.30	0.0810	0.998	47.719	0.00	0.00	0	0
5410	-75.208	32.375	-3973.0	2.32	0.0790	0.996	47.669	7.31	0.00	0	0
5411	-75.125	32.375	-4106.0	2.32	0.0780	0.994	47.626	0.00	0.00	0	0
5412	-75.042	32.375	-4188.0	2.32	0.0770	0.993	47.586	0.00	0.00	0	0
5413	-74.958	32.375	-4284.5	2.31	0.0770	0.827	47.546	0.00	0.00	0	0
5414	-74.875	32.375	-4350.0	2.31	0.0760	0.828	47.127	0.00	0.00	0	0
5415	-74.792	32.375	-4399.5	2.31	0.0740	0.758	47.039	0.00	0.00	0	0
5416	-74.708	32.375	-4470.0	2.30	0.0720	0.753	47.171	0.00	0.00	0	0
5417	-74.625	32.375	-4521.0	2.30	0.0690	0.754	47.311	0.00	0.00	0	0
5418	-74.542	32.375	-4568.0	2.30	0.0660	0.752	47.327	0.00	0.00	0	0
5419	-74.458	32.375	-4614.0	2.30	0.0630	0.746	46.817	0.00	0.00	0	0
5420	-74.375	32.375	-4665.0	2.30	0.0610	0.742	46.503	0.00	0.00	0	0
5421	-74.292	32.375	-4721.0	2.27	0.0580	0.576	46.969	0.00	0.00	0	0
5422	-74.208	32.375	-4780.0	2.25	0.0550	0.435	46.852	0.00	0.00	0	0
5423	-74.125	32.375	-4846.0	2.26	0.0530	0.436	46.749	0.00	0.00	0	0
5424	-74.042	32.375	-4888.0	2.26	0.0510	0.537	46.664	0.00	0.00	0	0
5425	-73.958	32.375	-4939.0	2.26	0.0490	0.435	46.567	0.00	0.00	0	0
5426	-73.875	32.375	-5009.0	2.26	0.0480	0.372	46.436	0.00	0.00	0	0
5427	-73.792	32.375	-5069.0	2.26	0.0470	0.588	46.131	0.00	0.00	0	0
5428	-73.708	32.375	-5099.0	2.26	0.0450	0.431	46.127	0.00	0.00	0	0
5429	-73.625	32.375	-5129.5	2.26	0.0440	0.535	46.186	0.00	0.00	0	0
5430	-73.542	32.375	-5138.0	2.25	0.0440	0.448	45.274	0.00	0.00	0	0
5431	-73.458	32.375	-5166.0	2.25	0.0430	0.782	46.117	0.00	0.00	0	0
5432	-73.375	32.375	-5187.0	2.25	0.0420	0.581	47.296	0.00	0.00	0	0
5433	-73.292	32.375	-5210.0	2.25	0.0420	0.778	47.299	0.00	0.00	0	0
5434	-73.208	32.375	-5232.0	2.25	0.0410	0.769	47.493	0.00	0.00	0	0
5435	-73.125	32.375	-5261.0	2.25	0.0410	0.672	47.578	0.00	0.00	0	0
5436	-73.042	32.375	-5286.0	2.25	0.0400	0.683	47.625	0.00	0.00	0	0
5437	-72.958	32.375	-5307.0	2.26	0.0390	0.692	47.644	0.00	0.00	0	0
5438	-72.875	32.375	-5326.0	2.25	0.0390	0.674	47.742	0.00	0.00	0	0
5439	-72.792	32.375	-5329.0	2.25	0.0380	0.712	48.732	0.00	0.00	0	0
5440	-72.708	32.375	-5325.0	2.25	0.0380	0.706	48.792	0.00	0.00	0	0
5441	-72.625	32.375	-5318.0	2.24	0.0380	0.717	48.940	0.00	0.00	0	0
5442	-72.542	32.375	-5308.5	2.24	0.0380	0.698	48.940	0.00	0.00	0	0
5443	-72.458	32.375	-5349.0	2.24	0.0370	0.695	49.061	0.00	0.00	0	0
5444	-72.375	32.375	-5357.0	2.24	0.0370	0.707	49.150	0.00	0.00	0	0
5445	-72.292	32.375	-5350.0	2.23	0.0370	0.717	49.220	0.00	0.00	0	0
5446	-72.208	32.375	-5328.0	2.23	0.0370	0.718	49.274	0.00	0.00	0	0
5447	-72.125	32.375	-5373.0	2.25	0.0360	0.718	49.766	0.00	0.00	0	0
5448	-72.042	32.375	-5392.0	2.28	0.0360	0.719	49.821	0.00	0.00	0	0
5449	-71.958	32.375	-5352.0	2.27	0.0360	0.629	50.021	0.00	0.00	0	0
5450	-71.875	32.375	-5364.0	2.27	0.0350	0.627	49.994	0.00	0.00	0	0
5451	-71.792	32.375	-5394.0	2.25	0.0350	0.627	50.184	0.00	0.00	0	0
5452	-71.708	32.375	-5393.0	2.25	0.0350	0.626	50.069	0.00	0.00	0	0
5453	-71.625	32.375	-5394.0	2.22	0.0340	0.624	49.684	0.00	0.00	0	0
5454	-71.542	32.375	-5397.0	2.21	0.0340	0.622	49.638	0.00	0.00	0	0
5455	-71.458	32.375	-5404.0	2.22	0.0330	0.557	50.604	0.00	0.00	0	0
5456	-71.375	32.375	-5410.0	2.22	0.0330	0.466	50.851	0.00	0.00	0	0
5457	-71.292	32.375	-5419.0	2.22	0.0320	0.464	49.633	0.00	0.00	0	0
5458	-71.208	32.375	-5399.0	2.22	0.0320	0.438	49.597	0.00	0.00	0	0
5459	-71.125	32.375	-5400.0	2.20	0.0310	0.438	49.558	0.00	0.00	0	0
5460	-71.042	32.375	-5410.0	2.22	0.0310	0.439	50.362	0.00	0.00	0	0
5461	-77.958	32.458	-357.0	10.38	0.0670	0.456	56.722	0.00	10.40	2	1
5462	-77.875	32.458	-379.0	10.41	0.0690	0.470	55.665	0.00	9.06	2	0
5463	-77.792	32.458	-402.0	10.40	0.0720	0.453	55.634	0.00	22.27	2	0
5464	-77.708	32.458	-430.0	9.83	0.0760	0.446	55.607	0.00	27.27	5	0
5465	-77.625	32.458	-460.0	8.46	0.0820	0.380	55.570	0.00	47.93	5	1
5466	-77.542	32.458	-484.0	8.34	0.0900	0.361	55.522	0.00	66.04	9	5
5467	-77.458	32.458	-557.0	8.24	0.1010	0.390	55.473	0.00	86.52	11	3
5468	-77.375	32.458	-616.0	8.19	0.1150	0.392	53.870	0.00	61.52	8	2
5469	-77.292	32.458	-657.5	8.03	0.1300	0.338	53.796	0.00	37.41	7	0
5470	-77.208	32.458	-676.0	7.88	0.1480	0.464	53.700	0.00	149.14	18	4
5471	-77.125	32.458	-717.0	7.68	0.1570	0.530	51.110	0.00	193.60	23	5
5472	-77.042	32.458	-751.5	7.19	0.1680	0.589	50.043	1.60	259.23	29	11
5473	-76.958	32.458	-791.0	5.40	0.1710	0.537	49.863	20.34	242.53	25	7
5474	-76.875	32.458	-835.0	4.74	0.1620	0.555	49.646	46.66	271.83	26	12
5475	-76.792	32.458	-914.0	4.55	0.1500	0.597	47.466	102.85	294.22	28	15
5476	-76.708	32.458	-1001.0	2.96	0.1290	0.671	47.467	313.60	348.23	29	20
5477	-76.625	32.458	-1225.5	2.84	0.1050	0.533	47.422	89.00	76.71	9	3
5478	-76.542	32.458	-1673.5	2.84	0.0940	0.799	46.263	536.39	177.58	13	10
5479	-76.458	32.458	-2082.0	2.79	0.0930	0.655	46.320	266.67	70.40	6	3
5480	-76.375	32.458	-2178.0	2.80	0.0980	0.414	46.344	52.69	16.41	2	0
5481	-76.292	32.458	-2198.0	2.71	0.1090	0.327	47.504	80.43	17.75	2	0
5482	-76.208	32.458	-2206.0	2.85	0.1160	0.300	47.768	75.91	19.74	2	0
5483	-76.125	32.458	-2265.0	2.87	0.1190	0.290	47.788	71.11	15.07	2	0
5484	-76.042	32.458	-2373.0	2.86	0.1210	0.312	47.840	53.59	12.03	2	0
5485	-75.958	32.458	-2559.0	2.82	0.1180	0.298	48.769	0.00	0.00	0	0
5486	-75.875	32.458	-2774.5	2.42	0.1130	0.155	48.813	0.00	0.00	0	0
5487	-75.792	32.458	-3001.0	2.42	0.1070	0.168	46.180	0.00	0.00	0	0
5488	-75.708	32.458	-3214.5	2.25	0.1010	0.495	46.342	44.52	0.00	0	0
5489	-75.625	32.458	-3347.0	2.25	0.0950	0.232	46.409	0.00	0.00	0	0
5490	-75.542	32.458	-3417.0	2.29	0.0900	0.297	47.016	0.00	0.00	0	0
5491	-75.458	32.458	-3537.5	2.29	0.0860	0.401	46.468	0.00	0.00	0	0
5492	-75.375	32.458	-3692.5	2.30	0.0840	0.650	46.464	63.81	0.25	0	0
5493	-75.292	32.458	-3830.0	2.30	0.0820	0.924	46.464	27.30	0.07	0	0
5494	-75.208	32.458	-3970.5	2.32	0.0800	0.923	47.731	0.00	0.00	0	0
5495	-75.125	32.458	-4105.0	2.32	0.0780	0.832	47.693	0.00	0.00	0	0
5496	-75.042	32.458	-4183.0	2.31	0.0780	0.831	47.641	28.41	0.00	0	0
5497	-74.958	32.458	-4255.0	2.31	0.0780	0.830	47.593	0.00	0.00	0	0
5498	-74.875	32.458	-4323.5	2.31	0.0770	0.830	47.171	0.00	0.00	0	0
5499	-74.792	32.458	-4398.0	2.31	0.0750	0.759	46.966	0.00	0.00	0	0
5500	-74.708	32.458	-4461.0	2.30	0.0720	0.756	47.116	0.00	0.00	0	0
5501	-74.625	32.458	-4523.0	2.30	0.0700	0.753	47.227	0.00	0.00	0	0
5502	-74.542	32.458	-4585.0	2.30	0.0670	0.752	47.373	0.00	0.00	0	0
5503	-74.458	32.458	-4648.0	2.30	0.0650	0.588	47.310	0.00	0.00	0	0
5504	-74.375	32.458	-4697.0	2.30	0.0630	0.584	46.670	0.00	0.00	0	0
5505	-74.292	32.458	-4750.0	2.30	0.0620	0.494	47.048	0.00	0.00	0	0
5506	-74.208	32.458	-4794.0	2.27	0.0580	0.377	46.911	0.00	0.00	0	0
5507	-74.125	32.458	-4826.0	2.25	0.0550	0.434	46.803	0.00	0.00	0	0
5508	-74.042	32.458	-4880.0	2.26	0.0530	0.377	46.723	0.00	0.00	0	0
5509	-73.958	32.458	-4942.0	2.26	0.0500	0.375	46.607	0.00	0.00	0	0
5510	-73.875	32.458	-5003.0	2.26	0.0490	0.427	46.525	0.00	0.00	0	0
5511	-73.792	32.458	-5051.0	2.26	0.0470	0.536	46.095	0.00	0.00	0	0
5512	-73.708	32.458	-5072.0	2.26	0.0460	0.604	46.173	0.00	0.00	0	0
5513	-73.625	32.458	-5096.0	2.26	0.0450	0.496	46.230	0.00	0.00	0	0
5514	-73.542	32.458	-5120.0	2.25	0.0440	0.499	46.047	0.00	0.00	0	0
5515	-73.458	32.458	-5113.0	2.25	0.0430	0.543	44.993	0.00	0.00	0	0
5516	-73.375	32.458	-5178.0	2.25	0.0420	0.452	46.429	0.00	0.00	0	0
5517	-73.292	32.458	-5199.5	2.25	0.0420	0.436	46.565	0.00	0.00	0	0
5518	-73.208	32.458	-5223.0	2.25	0.0410	0.442	47.422	0.00	0.00	0	0
5519	-73.125	32.458	-5260.0	2.25	0.0410	0.763	47.508	0.00	0.00	0	0
5520	-73.042	32.458	-5274.0	2.25	0.0400	0.776	47.568	0.00	0.00	0	0
5521	-72.958	32.458	-5310.0	2.25	0.0390	0.782	47.606	0.00	0.00	0	0
5522	-72.875	32.458	-5310.0	2.26	0.0390	0.725	47.625	0.00	0.00	0	0
5523	-72.792	32.458	-5319.0	2.25	0.0380	0.716	48.107	0.00	0.00	0	0
5524	-72.708	32.458	-5309.0	2.25	0.0380	0.719	48.189	0.00	0.00	0	0
5525	-72.625	32.458	-5327.0	2.25	0.0380	0.762	48.737	0.00	0.00	0	0
5526	-72.542	32.458	-5338.0	2.24	0.0370	0.695	48.819	0.00	0.00	0	0
5527	-72.458	32.458	-5346.0	2.24	0.0370	0.765	48.930	0.00	0.00	0	0
5528	-72.375	32.458	-5357.0	2.24	0.0370	0.713	48.998	0.00	0.00	0	0
5529	-72.292	32.458	-5336.0	2.23	0.0370	0.707	49.112	0.00	0.00	0	0
5530	-72.208	32.458	-5370.0	2.23	0.0360	0.709	49.163	0.00	0.00	0	0
5531	-72.125	32.458	-5376.0	2.26	0.0360	0.662	48.932	0.00	0.00	0	0
5532	-72.042	32.458	-5388.0	2.28	0.0360	0.659	49.630	0.00	0.00	0	0
5533	-71.958	32.458	-5383.0	2.27	0.0350	0.651	49.803	0.00	0.00	0	0
5534	-71.875	32.458	-5388.0	2.27	0.0350	0.623	49.947	0.00	0.00	0	0
5535	-71.792	32.458	-5388.0	2.27	0.0340	0.628	49.913	0.00	0.00	0	0
5536	-71.708	32.458	-5392.0	2.25	0.0340	0.624	50.204	0.00	0.00	0	0
5537	-71.625	32.458	-5396.0	2.24	0.0330	0.618	49.861	0.00	0.00	0	0
5538	-71.542	32.458	-5401.0	2.21	0.0330	0.559	49.522	0.00	0.00	0	0
5539	-71.458	32.458	-5407.0	2.21	0.0330	0.439	49.423	0.00	0.00	0	0
5540	-71.375	32.458	-5398.0	2.22	0.0320	0.440	50.591	0.00	0.00	0	0
5541	-71.292	32.458	-5395.0	2.22	0.0320	0.441	49.735	0.00	0.00	0	0
5542	-71.208	32.458	-5399.0	2.22	0.0310	0.444	49.611	0.00	0.00	0	0
5543	-71.125	32.458	-5402.0	2.22	0.0310	0.440	49.582	0.00	0.00	0	0
5544	-71.042	32.458	-5400.0	2.24	0.0310	0.431	49.541	0.00	0.00	0	0
5545	-77.958	32.542	-311.0	10.40	0.0630	0.451	56.720	0.00	12.09	3	1
5546	-77.875	32.542	-333.0	10.42	0.0650	0.449	55.676	0.00	16.92	3	0
5547	-77.792	32.542	-359.0	10.44	0.0680	0.452	55.649	0.00	11.76	2	1
5548	-77.708	32.542	-385.0	9.88	0.0710	0.447	55.618	0.00	10.53	2	0
5549	-77.625	32.542	-427.0	9.18	0.0750	0.445	55.585	0.00	28.54	4	0
5550	-77.542	32.542	-452.0	8.41	0.0820	0.370	55.544	0.00	68.82	10	3
5551	-77.458	32.542	-489.0	8.29	0.0910	0.362	55.484	0.00	73.64	10	3
5552	-77.375	32.542	-562.0	8.26	0.1050	0.386	53.903	0.00	57.82	11	2
5553	-77.292	32.542	-596.0	8.23	0.1220	0.387	53.839	0.00	90.56	12	3
5554	-77.208	32.542	-627.0	8.09	0.1410	0.336	53.744	0.00	55.76	7	0
5555	-77.125	32.542	-662.0	7.88	0.1570	0.342	51.174	0.00	48.55	6	0
5556	-77.042	32.542	-709.0	7.73	0.1680	0.582	50.110	0.00	243.55	29	13
5557	-76.958	32.542	-768.0	6.47	0.1750	0.520	49.940	3.41	204.54	20	3
5558	-76.875	32.542	-795.5	4.81	0.1770	0.586	49.659	44.02	308.43	27	13
5559	-76.792	32.542	-865.0	4.69	0.1700	0.549	47.483	84.67	299.08	28	14
5560	-76.708	32.542	-925.0	2.96	0.1470	0.572	46.752	222.06	272.58	26	14
5561	-76.625	32.542	-1062.0	2.90	0.1250	0.705	47.422	370.18	347.42	28	20
5562	-76.542	32.542	-1345.0	2.84	0.1050	0.626	46.397	369.02	185.97	19	10
5563	-76.458	32.542	-1805.0	2.96	0.0980	0.763	47.000	455.62	152.27	11	9
5564	-76.375	32.542	-2066.5	2.80	0.0880	0.810	46.366	375.23	94.68	9	6
5565	-76.292	32.542	-2133.0	2.75	0.0960	0.644	46.353	291.19	82.72	7	5
5566	-76.208	32.542	-2147.0	2.71	0.1020	0.345	46.310	56.75	16.86	2	0
5567	-76.125	32.542	-2229.0	2.68	0.1090	0.317	47.746	71.99	16.68	2	0
5568	-76.042	32.542	-2352.0	2.84	0.1160	0.319	47.790	56.61	13.23	2	0
5569	-75.958	32.542	-2576.5	2.66	0.1150	0.326	48.728	49.44	10.64	1	0
5570	-75.875	32.542	-2827.5	2.62	0.1100	0.317	48.777	0.00	0.00	0	0
5571	-75.792	32.542	-3039.0	2.37	0.1060	0.528	46.350	52.14	0.00	0	0
5572	-75.708	32.542	-3232.0	2.25	0.1010	0.279	46.266	0.00	0.00	0	0
5573	-75.625	32.542	-3356.0	2.25	0.0960	0.231	46.205	0.00	0.00	0	0
5574	-75.542	32.542	-3468.0	2.27	0.0920	0.149	46.560	0.00	0.00	0	0
5575	-75.458	32.542	-3586.5	2.30	0.0890	0.538	48.000	27.73	0.00	0	0
5576	-75.375	32.542	-3736.0	2.30	0.0860	0.753	46.467	36.07	0.15	0	0
5577	-75.292	32.542	-3846.0	2.30	0.0840	0.856	46.461	38.92	0.00	0	0
5578	-75.208	32.542	-3966.0	2.30	0.0810	0.856	46.546	26.19	0.00	0	0
5579	-75.125	32.542	-4072.0	2.32	0.0790	0.921	47.758	0.00	0.00	0	0
5580	-75.042	32.542	-4165.5	2.32	0.0790	0.834	47.715	0.00	0.00	0	0
5581	-74.958	32.542	-4230.5	2.31	0.0790	0.831	47.657	0.00	0.00	0	0
5582	-74.875	32.542	-4327.5	2.31	0.0780	0.831	47.600	0.00	0.00	0	0
5583	-74.792	32.542	-4412.5	2.31	0.0750	0.761	47.162	0.00	0.00	0	0
5584	-74.708	32.542	-4495.0	2.31	0.0720	0.598	47.011	0.00	0.00	0	0
5585	-74.625	32.542	-4572.0	2.30	0.0700	0.597	47.137	0.00	0.00	0	0
5586	-74.542	32.542	-4629.0	2.30	0.0680	0.755	47.288	0.00	0.00	0	0
5587	-74.458	32.542	-4663.0	2.29	0.0660	0.592	48.000	0.00	0.00	0	0
5588	-74.375	32.542	-4708.5	2.30	0.0650	0.588	46.945	0.00	0.00	0	0
5589	-74.292	32.542	-4732.0	2.30	0.0630	0.586	47.150	0.00	0.00	0	0
5590	-74.208	32.542	-4781.0	2.27	0.0610	0.577	46.988	0.00	0.00	0	0
5591	-74.125	32.542	-4836.0	2.26	0.0580	0.438	46.853	0.00	0.00	0	0
5592	-74.042	32.542	-4882.0	2.26	0.0540	0.380	46.741	0.00	0.00	0	0
5593	-73.958	32.542	-4922.0	2.26	0.0520	0.377	46.657	0.00	0.00	0	0
5594	-73.875	32.542	-4982.0	2.26	0.0500	0.378	46.569	0.00	0.00	0	0
5595	-73.792	32.542	-5008.0	2.26	0.0480	0.593	46.438	0.00	0.00	0	0
5596	-73.708	32.542	-5047.0	2.26	0.0460	0.590	46.241	0.00	0.00	0	0
5597	-73.625	32.542	-5054.0	2.26	0.0450	0.542	46.215	0.00	0.00	0	0
5598	-73.542	32.542	-5077.0	2.26	0.0440	0.544	46.188	0.00	0.00	0	0
5599	-73.458	32.542	-5107.0	2.24	0.0430	0.456	43.000	0.00	0.00	0	0
5600	-73.375	32.542	-5172.0	2.25	0.0430	0.454	46.081	0.00	0.00	0	0
5601	-73.292	32.542	-5196.0	2.25	0.0420	0.555	46.515	0.00	0.00	0	0
5602	-73.208	32.542	-5230.0	2.25	0.0410	0.552	47.341	0.00	0.00	0	0
5603	-73.125	32.542	-5258.5	2.25	0.0410	0.447	47.428	0.00	0.00	0	0
5604	-73.042	32.542	-5287.0	2.25	0.0400	0.751	47.487	0.00	0.00	0	0
5605	-72.958	32.542	-5293.0	2.25	0.0390	0.757	47.554	0.00	0.00	0	0
5606	-72.875	32.542	-5298.0	2.25	0.0390	0.764	47.578	0.00	0.00	0	0
5607	-72.792	32.542	-5288.0	2.25	0.0380	0.784	47.951	0.00	0.00	0	0
5608	-72.708	32.542	-5309.0	2.25	0.0380	0.685	48.096	0.00	0.00	0	0
5609	-72.625	32.542	-5332.0	2.25	0.0370	0.777	48.221	0.00	0.00	0	0
5610	-72.542	32.542	-5347.0	2.24	0.0370	0.784	48.310	0.00	0.00	0	0
5611	-72.458	32.542	-5341.0	2.23	0.0370	0.676	48.697	0.00	0.00	0	0
5612	-72.375	32.542	-5356.0	2.24	0.0370	0.672	48.932	0.00	0.00	0	0
5613	-72.292	32.542	-5326.0	2.25	0.0370	0.667	49.008	0.00	0.00	0	0
5614	-72.208	32.542	-5369.5	2.25	0.0360	0.715	49.016	0.00	0.00	0	0
5615	-72.125	32.542	-5383.0	2.26	0.0360	0.720	49.067	0.00	0.00	0	0
5616	-72.042	32.542	-5383.0	2.26	0.0350	0.662	49.625	0.00	0.00	0	0
5617	-71.958	32.542	-5381.0	2.28	0.0350	0.710	49.701	0.00	0.00	0	0
5618	-71.875	32.542	-5384.0	2.27	0.0340	0.642	49.760	0.00	0.00	0	0
5619	-71.792	32.542	-5390.0	2.27	0.0340	0.451	49.901	0.00	0.00	0	0
5620	-71.708	32.542	-5394.5	2.26	0.0330	0.593	49.897	0.00	0.00	0	0
5621	-71.625	32.542	-5392.0	2.25	0.0330	0.441	50.098	0.00	0.00	0	0
5622	-71.542	32.542	-5394.0	2.23	0.0320	0.442	49.756	0.00	0.00	0	0
5623	-71.458	32.542	-5396.0	2.17	0.0320	0.440	48.000	0.00	0.00	0	0
5624	-71.375	32.542	-5398.0	2.21	0.0320	0.436	50.262	0.00	0.00	0	0
5625	-71.292	32.542	-5396.0	2.22	0.0310	0.366	49.621	0.00	0.00	0	0
5626	-71.208	32.542	-5399.0	2.22	0.0310	0.436	50.871	0.00	0.00	0	0
5627	-71.125	32.542	-5401.0	2.22	0.0300	0.433	49.626	0.00	0.00	0	0
5628	-71.042	32.542	-5403.0	2.22	0.0300	0.369	49.585	0.00	0.00	0	0
5629	-77.958	32.625	-279.0	10.45	0.0600	0.439	56.722	0.00	11.14	2	0
5630	-77.875	32.625	-302.0	10.43	0.0610	0.410	55.684	0.00	3.88	0	0
5631	-77.792	32.625	-320.0	10.46	0.0620	0.443	55.663	0.00	0.03	1	0
5632	-77.708	32.625	-367.0	9.94	0.0650	0.446	55.633	0.00	13.66	2	0
5633	-77.625	32.625	-406.0	9.23	0.0690	0.446	55.602	0.00	17.48	4	0
5634	-77.542	32.625	-427.0	8.50	0.0740	0.363	55.566	0.00	60.82	9	3
5635	-77.458	32.625	-455.0	8.38	0.0830	0.323	55.518	0.00	27.93	7	1
5636	-77.375	32.625	-500.0	8.32	0.0970	0.384	55.464	0.00	71.17	16	2
5637	-77.292	32.625	-527.0	8.28	0.1150	0.378	53.880	0.00	90.57	13	3
5638	-77.208	32.625	-564.0	8.76	0.1310	0.323	53.795	0.00	57.25	9	1
5639	-77.125	32.625	-611.0	8.63	0.1490	0.333	53.693	0.00	60.35	6	0
5640	-77.042	32.625	-656.0	7.99	0.1640	0.311	50.136	0.00	51.02	5	0
5641	-76.958	32.625	-707.0	6.38	0.1770	0.459	49.965	1.08	128.90	16	2
5642	-76.875	32.625	-756.0	6.16	0.1800	0.570	49.734	6.85	240.26	26	11
5643	-76.792	32.625	-797.0	4.74	0.1740	0.548	48.521	49.93	256.49	25	12
5644	-76.708	32.625	-864.0	4.58	0.1650	0.510	46.649	70.60	188.36	19	5
5645	-76.625	32.625	-960.0	2.89	0.1470	0.636	46.582	324.48	325.31	28	16
5646	-76.542	32.625	-1126.5	2.82	0.1270	0.614	48.696	375.68	288.66	24	19
5647	-76.458	32.625	-1504.5	2.84	0.1100	0.715	46.208	513.62	208.98	18	10
5648	-76.375	32.625	-1873.5	2.86	0.0960	0.759	46.305	496.04	141.41	10	9
5649	-76.292	32.625	-2040.0	2.78	0.0860	0.785	46.299	395.51	96.27	10	6
5650	-76.208	32.625	-2079.0	2.75	0.0880	0.653	46.235	272.81	70.56	6	4
5651	-76.125	32.625	-2180.5	2.68	0.0960	0.399	46.274	48.72	15.76	2	0
5652	-76.042	32.625	-2359.0	2.66	0.1030	0.325	47.753	51.47	13.69	2	0
5653	-75.958	32.625	-2612.0	2.65	0.1090	0.312	47.827	52.88	11.83	2	0
5654	-75.875	32.625	-2856.5	2.63	0.1070	0.325	48.754	12.85	0.47	0	0
5655	-75.792	32.625	-3067.0	2.38	0.1050	0.155	48.790	0.00	0.00	0	0
5656	-75.708	32.625	-3242.0	2.25	0.1020	0.509	46.307	40.12	0.00	0	0
5657	-75.625	32.625	-3363.0	2.25	0.0990	0.149	46.082	0.00	0.00	0	0
5658	-75.542	32.625	-3483.0	2.25	0.0950	0.149	46.205	0.00	0.00	0	0
5659	-75.458	32.625	-3604.0	2.27	0.0910	0.399	46.621	16.95	0.06	0	0
5660	-75.375	32.625	-3731.0	2.29	0.0880	0.752	46.725	36.67	0.16	0	0
5661	-75.292	32.625	-3849.0	2.29	0.0860	0.877	46.434	28.18	0.00	0	0
5662	-75.208	32.625	-3951.0	2.30	0.0830	0.925	46.547	43.51	0.15	0	0
5663	-75.125	32.625	-4050.0	2.31	0.0820	0.838	46.570	34.09	0.00	0	0
5664	-75.042	32.625	-4141.0	2.32	0.0800	0.839	47.787	0.00	0.00	0	0
5665	-74.958	32.625	-4238.5	2.31	0.0790	0.837	47.728	0.00	0.00	0	0
5666	-74.875	32.625	-4357.0	2.31	0.0780	0.835	47.660	0.00	0.00	0	0
5667	-74.792	32.625	-4443.0	2.31	0.0750	0.837	47.601	132.05	0.44	1	0
5668	-74.708	32.625	-4498.0	2.31	0.0720	0.602	46.941	0.00	0.00	0	0
5669	-74.625	32.625	-4546.5	2.30	0.0690	0.600	47.115	0.00	0.00	0	0
5670	-74.542	32.625	-4587.5	2.30	0.0670	0.600	47.192	0.00	0.00	0	0
5671	-74.458	32.625	-4651.0	2.30	0.0660	0.597	47.395	0.00	0.00	0	0
5672	-74.375	32.625	-4694.5	2.30	0.0650	0.592	46.997	0.00	0.00	0	0
5673	-74.292	32.625	-4751.0	2.30	0.0640	0.591	46.726	0.00	0.00	0	0
5674	-74.208	32.625	-4791.0	2.30	0.0620	0.581	47.071	0.00	0.00	0	0
5675	-74.125	32.625	-4847.0	2.26	0.0590	0.378	46.925	0.00	0.00	0	0
5676	-74.042	32.625	-4868.0	2.26	0.0560	0.380	46.805	0.00	0.00	0	0
5677	-73.958	32.625	-4897.0	2.26	0.0530	0.381	46.722	0.00	0.00	0	0
5678	-73.875	32.625	-4958.0	2.26	0.0500	0.376	46.599	0.00	0.00	0	0
5679	-73.792	32.625	-4991.0	2.26	0.0490	0.429	46.376	0.00	0.00	0	0
5680	-73.708	32.625	-4988.0	2.26	0.0470	0.590	46.064	0.00	0.00	0	0
5681	-73.625	32.625	-5022.0	2.26	0.0450	0.381	46.328	0.00	0.00	0	0
5682	-73.542	32.625	-5054.0	2.27	0.0440	0.535	46.207	0.00	0.00	0	0
5683	-73.458	32.625	-5115.0	2.26	0.0430	0.533	46.173	0.00	0.00	0	0
5684	-73.375	32.625	-5169.0	2.25	0.0430	0.532	45.234	0.00	0.00	0	0
5685	-73.292	32.625	-5181.5	2.25	0.0420	0.549	46.421	0.00	0.00	0	0
5686	-73.208	32.625	-5212.0	2.25	0.0410	0.554	46.583	0.00	0.00	0	0
5687	-73.125	32.625	-5229.0	2.25	0.0410	0.554	47.367	0.00	0.00	0	0
5688	-73.042	32.625	-5270.0	2.25	0.0400	0.453	47.439	0.00	0.00	0	0
5689	-72.958	32.625	-5268.0	2.25	0.0390	0.565	47.488	0.00	0.00	0	0
5690	-72.875	32.625	-5271.0	2.25	0.0380	0.600	47.528	0.00	0.00	0	0
5691	-72.792	32.625	-5280.0	2.26	0.0380	0.765	48.039	0.00	0.00	0	0
5692	-72.708	32.625	-5304.0	2.25	0.0370	0.770	47.937	0.00	0.00	0	0
5693	-72.625	32.625	-5317.0	2.25	0.0370	0.776	48.143	0.00	0.00	0	0
5694	-72.542	32.625	-5325.0	2.25	0.0370	0.667	48.198	0.00	0.00	0	0
5695	-72.458	32.625	-5321.0	2.24	0.0370	0.779	48.687	0.00	0.00	0	0
5696	-72.375	32.625	-5319.0	2.24	0.0370	0.665	48.810	0.00	0.00	0	0
5697	-72.292	32.625	-5354.0	2.25	0.0360	0.660	48.876	0.00	0.00	0	0
5698	-72.208	32.625	-5370.0	2.25	0.0360	0.666	48.966	0.00	0.00	0	0
5699	-72.125	32.625	-5377.0	2.26	0.0360	0.664	49.013	0.00	0.00	0	0
5700	-72.042	32.625	-5375.0	2.26	0.0350	0.715	49.665	0.00	0.00	0	0
5701	-71.958	32.625	-5381.0	2.28	0.0340	0.709	49.530	0.00	0.00	0	0
5702	-71.875	32.625	-5389.0	2.28	0.0340	0.706	49.683	0.00	0.00	0	0
5703	-71.792	32.625	-5388.0	2.28	0.0330	0.633	49.717	0.00	0.00	0	0
5704	-71.708	32.625	-5385.0	2.27	0.0320	0.438	49.722	0.00	0.00	0	0
5705	-71.625	32.625	-5379.0	2.25	0.0320	0.439	49.857	0.00	0.00	0	0
5706	-71.542	32.625	-5385.0	2.24	0.0320	0.438	49.832	0.00	0.00	0	0
5707	-71.458	32.625	-5403.0	2.22	0.0310	0.365	49.658	0.00	0.00	0	0
5708	-71.375	32.625	-5392.0	2.21	0.0310	0.369	49.475	0.00	0.00	0	0
5709	-71.292	32.625	-5379.0	2.22	0.0310	0.372	51.309	0.00	0.00	0	0
5710	-71.208	32.625	-5397.0	2.22	0.0300	0.372	49.627	0.00	0.00	0	0
5711	-71.125	32.625	-5416.0	2.22	0.0300	0.363	49.623	0.00	0.00	0	0
5712	-71.042	32.625	-5413.0	2.22	0.0300	0.368	49.609	0.00	0.00	0	0
5713	-77.958	32.708	-263.5	10.51	0.0560	0.431	56.722	0.00	7.12	2	0
5714	-77.875	32.708	-278.5	10.50	0.0570	0.446	55.684	0.00	6.19	1	0
5715	-77.792	32.708	-307.0	10.49	0.0580	0.454	55.666	0.00	7.59	2	0
5716	-77.708	32.708	-325.0	9.97	0.0590	0.442	55.647	0.00	7.00	2	0
5717	-77.625	32.708	-351.0	9.28	0.0630	0.445	55.619	0.00	13.59	1	0
5718	-77.542	32.708	-386.0	8.59	0.0680	0.446	55.584	0.00	16.27	3	0
5719	-77.458	32.708	-422.5	8.44	0.0770	0.329	55.543	0.00	19.96	5	2
5720	-77.375	32.708	-452.0	8.38	0.0920	0.335	55.494	0.00	86.85	10	6
5721	-77.292	32.708	-473.0	8.31	0.1050	0.370	53.922	0.00	74.32	12	4
5722	-77.208	32.708	-509.5	8.80	0.1210	0.370	53.842	0.00	116.33	15	5
5723	-77.125	32.708	-552.0	8.73	0.1340	0.320	53.751	0.00	57.91	7	1
5724	-77.042	32.708	-613.0	8.06	0.1510	0.329	51.144	0.00	60.85	8	0
5725	-76.958	32.708	-665.0	7.93	0.1640	0.349	50.008	0.00	67.04	8	0
5726	-76.875	32.708	-715.5	6.42	0.1730	0.573	49.782	2.31	283.26	29	12
5727	-76.792	32.708	-751.5	4.85	0.1790	0.540	48.559	32.33	252.07	26	11
5728	-76.708	32.708	-809.0	4.70	0.1740	0.535	46.603	62.68	241.09	22	6
5729	-76.625	32.708	-883.0	2.95	0.1590	0.679	48.540	313.18	403.03	30	18
5730	-76.542	32.708	-979.0	2.81	0.1460	0.540	48.627	326.64	302.00	23	14
5731	-76.458	32.708	-1294.0	2.81	0.1270	0.657	48.647	442.85	243.05	21	12
5732	-76.375	32.708	-1680.0	2.68	0.1070	0.789	45.958	646.66	194.04	17	9
5733	-76.292	32.708	-1897.0	2.83	0.0900	0.785	46.152	474.62	130.34	10	9
5734	-76.208	32.708	-1985.5	2.78	0.0850	0.784	46.224	309.74	91.56	7	6
5735	-76.125	32.708	-2141.0	2.73	0.0900	0.810	46.201	351.62	95.05	8	7
5736	-76.042	32.708	-2379.0	2.68	0.0990	0.340	47.740	53.90	14.56	2	0
5737	-75.958	32.708	-2643.5	2.66	0.1050	0.324	47.779	40.94	12.27	2	0
5738	-75.875	32.708	-2869.5	2.40	0.1070	0.318	47.832	32.54	5.99	1	0
5739	-75.792	32.708	-3087.0	2.38	0.1050	0.323	47.859	3.38	0.25	0	0
5740	-75.708	32.708	-3263.5	2.25	0.1030	0.503	46.245	123.19	8.87	1	0
5741	-75.625	32.708	-3347.0	2.25	0.1000	0.137	46.324	0.00	0.00	0	0
5742	-75.542	32.708	-3465.0	2.25	0.0970	0.281	46.114	0.00	0.00	0	0
5743	-75.458	32.708	-3592.0	2.26	0.0940	0.763	46.116	125.38	9.90	1	0
5744	-75.375	32.708	-3727.0	2.26	0.0910	0.642	46.288	29.13	0.14	0	0
5745	-75.292	32.708	-3834.0	2.29	0.0880	0.875	46.393	94.47	0.46	0	0
5746	-75.208	32.708	-3944.5	2.29	0.0850	0.853	46.438	82.17	0.18	0	0
5747	-75.125	32.708	-4044.5	2.30	0.0830	0.927	46.592	17.38	0.02	0	0
5748	-75.042	32.708	-4155.0	2.31	0.0810	0.841	46.604	0.00	0.00	0	0
5749	-74.958	32.708	-4250.5	2.32	0.0790	0.839	47.811	0.00	0.00	0	0
5750	-74.875	32.708	-4344.0	2.31	0.0770	0.926	47.734	0.00	0.00	0	0
5751	-74.792	32.708	-4429.0	2.31	0.0750	0.842	47.658	0.00	0.00	0	0
5752	-74.708	32.708	-4485.0	2.31	0.0720	0.837	47.599	0.00	0.00	0	0
5753	-74.625	32.708	-4531.0	2.31	0.0690	0.832	46.932	0.00	0.00	0	0
5754	-74.542	32.708	-4587.0	2.31	0.0680	0.607	47.129	0.00	0.00	0	0
5755	-74.458	32.708	-4646.0	2.30	0.0660	0.604	47.229	0.00	0.00	0	0
5756	-74.375	32.708	-4698.0	2.30	0.0650	0.598	47.394	0.00	0.00	0	0
5757	-74.292	32.708	-4735.0	2.30	0.0630	0.594	46.750	0.00	0.00	0	0
5758	-74.208	32.708	-4779.0	2.29	0.0620	0.589	47.188	0.00	0.00	0	0
5759	-74.125	32.708	-4818.5	2.26	0.0590	0.580	47.010	0.00	0.00	0	0
5760	-74.042	32.708	-4853.0	2.26	0.0560	0.381	46.877	0.00	0.00	0	0
5761	-73.958	32.708	-4881.0	2.26	0.0530	0.378	46.765	0.00	0.00	0	0
5762	-73.875	32.708	-4941.0	2.26	0.0510	0.377	46.664	0.00	0.00	0	0
5763	-73.792	32.708	-4939.0	2.26	0.0500	0.378	46.424	0.00	0.00	0	0
5764	-73.708	32.708	-4954.0	2.26	0.0480	0.428	46.353	0.00	0.00	0	0
5765	-73.625	32.708	-4986.0	2.26	0.0460	0.429	46.333	0.00	0.00	0	0
5766	-73.542	32.708	-5056.0	2.27	0.0450	0.641	46.267	0.00	0.00	0	0
5767	-73.458	32.708	-5128.0	2.26	0.0440	0.410	46.235	0.00	0.00	0	0
5768	-73.375	32.708	-5164.0	2.26	0.0430	0.492	45.952	0.00	0.00	0	0
5769	-73.292	32.708	-5170.0	2.26	0.0420	0.544	46.241	0.00	0.00	0	0
5770	-73.208	32.708	-5182.0	2.25	0.0410	0.596	46.513	0.00	0.00	0	0
5771	-73.125	32.708	-5228.0	2.25	0.0410	0.598	46.702	0.00	0.00	0	0
5772	-73.042	32.708	-5241.0	2.25	0.0400	0.601	46.768	0.00	0.00	0	0
5773	-72.958	32.708	-5254.5	2.25	0.0390	0.553	46.806	0.00	0.00	0	0
5774	-72.875	32.708	-5256.5	2.25	0.0380	0.555	47.489	0.00	0.00	0	0
5775	-72.792	32.708	-5280.0	2.25	0.0370	0.559	47.976	0.00	0.00	0	0
5776	-72.708	32.708	-5297.0	2.26	0.0370	0.567	47.863	0.00	0.00	0	0
5777	-72.625	32.708	-5312.0	2.26	0.0370	0.605	47.923	0.00	0.00	0	0
5778	-72.542	32.708	-5312.0	2.25	0.0370	0.754	48.092	0.00	0.00	0	0
5779	-72.458	32.708	-5304.0	2.26	0.0370	0.758	48.182	0.00	0.00	0	0
5780	-72.375	32.708	-5363.0	2.24	0.0370	0.751	48.654	0.00	0.00	0	0
5781	-72.292	32.708	-5364.0	2.24	0.0360	0.754	48.770	0.00	0.00	0	0
5782	-72.208	32.708	-5362.0	2.27	0.0360	0.638	48.861	0.00	0.00	0	0
5783	-72.125	32.708	-5369.0	2.26	0.0350	0.698	48.919	0.00	0.00	0	0
5784	-72.042	32.708	-5371.0	2.26	0.0350	0.643	49.618	0.00	0.00	0	0
5785	-71.958	32.708	-5387.0	2.27	0.0340	0.692	49.617	0.00	0.00	0	0
5786	-71.875	32.708	-5374.0	2.27	0.0330	0.624	49.502	0.00	0.00	0	0
5787	-71.792	32.708	-5377.0	2.28	0.0320	0.615	49.645	0.00	0.00	0	0
5788	-71.708	32.708	-5381.0	2.28	0.0320	0.435	49.700	0.00	0.00	0	0
5789	-71.625	32.708	-5358.0	2.27	0.0310	0.362	49.704	0.00	0.00	0	0
5790	-71.542	32.708	-5385.0	2.28	0.0310	0.360	49.763	0.00	0.00	0	0
5791	-71.458	32.708	-5395.0	2.24	0.0310	0.368	49.841	0.00	0.00	0	0
5792	-71.375	32.708	-5413.0	2.22	0.0300	0.361	49.619	0.00	0.00	0	0
5793	-71.292	32.708	-5412.0	2.22	0.0300	0.366	50.233	0.00	0.00	0	0
5794	-71.208	32.708	-5418.0	2.22	0.0300	0.357	50.190	0.00	0.00	0	0
5795	-71.125	32.708	-5416.0	2.22	0.0300	0.357	49.635	0.00	0.00	0	0
5796	-71.042	32.708	-5425.0	2.22	0.0290	0.310	49.757	0.00	0.00	0	0
5797	-77.958	32.792	-232.5	11.72	0.0530	0.424	54.082	0.00	19.73	7	0
5798	-77.875	32.792	-240.0	10.06	0.0540	0.480	55.686	0.00	15.54	7	0
5799	-77.792	32.792	-257.0	10.02	0.0550	0.447	55.673	0.00	3.51	0	0
5800	-77.708	32.792	-279.0	9.36	0.0550	0.445	55.657	0.00	0.00	1	0
5801	-77.625	32.792	-289.0	9.32	0.0580	0.446	55.635	0.00	2.55	1	0
5802	-77.542	32.792	-319.0	8.66	0.0630	0.450	55.604	0.00	7.37	1	0
5803	-77.458	32.792	-352.0	8.53	0.0720	0.363	55.566	0.00	24.83	7	3
5804	-77.375	32.792	-390.0	8.44	0.0830	0.330	55.523	0.00	10.89	1	0
5805	-77.292	32.792	-418.0	8.37	0.0960	0.319	55.471	0.00	43.29	9	3
5806	-77.208	32.792	-457.0	8.80	0.1070	0.307	53.893	0.00	82.01	16	6
5807	-77.125	32.792	-509.0	8.78	0.1210	0.365	53.803	0.00	111.84	14	5
5808	-77.042	32.792	-557.0	8.17	0.1360	0.310	53.951	0.00	70.54	10	1
5809	-76.958	32.792	-615.0	7.99	0.1530	0.328	50.047	0.00	74.02	8	0
5810	-76.875	32.792	-661.0	7.80	0.1670	0.443	49.833	0.00	166.96	16	4
5811	-76.792	32.792	-718.0	6.36	0.1720	0.556	48.627	5.01	241.59	27	13
5812	-76.708	32.792	-762.0	4.83	0.1740	0.544	48.592	45.81	229.63	24	6
5813	-76.625	32.792	-825.0	2.95	0.1710	0.707	48.578	258.54	389.19	34	20
5814	-76.542	32.792	-917.0	2.88	0.1620	0.180	48.614	0.00	0.00	0	0
5815	-76.458	32.792	-1115.5	2.80	0.1440	0.664	48.623	398.77	268.17	24	14
5816	-76.375	32.792	-1467.0	2.63	0.1250	0.704	48.606	501.67	243.70	20	12
5817	-76.292	32.792	-1771.0	2.70	0.1060	0.776	45.875	698.26	192.28	18	9
5818	-76.208	32.792	-1897.0	2.68	0.0930	0.798	46.100	489.21	134.50	10	9
5819	-76.125	32.792	-2088.0	2.59	0.0890	0.803	46.064	356.53	82.00	8	7
5820	-76.042	32.792	-2405.0	2.70	0.0980	0.831	46.199	494.38	108.37	8	7
5821	-75.958	32.792	-2660.0	2.65	0.1040	0.584	46.162	294.49	60.02	4	4
5822	-75.875	32.792	-2892.0	2.40	0.1050	0.437	47.783	98.08	16.23	2	0
5823	-75.792	32.792	-3117.5	2.38	0.1060	0.305	47.844	0.00	0.00	0	0
5824	-75.708	32.792	-3262.0	2.24	0.1050	0.291	47.130	0.00	0.00	0	0
5825	-75.625	32.792	-3340.5	2.25	0.1030	0.516	46.293	122.54	8.67	1	0
5826	-75.542	32.792	-3449.0	2.25	0.1000	0.503	46.118	96.39	9.45	1	0
5827	-75.458	32.792	-3587.0	2.25	0.0960	0.514	46.087	68.19	0.32	0	0
5828	-75.375	32.792	-3724.0	2.26	0.0930	0.767	46.227	105.23	1.07	0	0
5829	-75.292	32.792	-3831.0	2.25	0.0900	0.649	46.284	15.96	0.02	0	0
5830	-75.208	32.792	-3923.0	2.29	0.0870	0.875	46.391	39.47	0.10	0	0
5831	-75.125	32.792	-4042.5	2.29	0.0840	0.976	46.573	0.00	0.00	0	0
5832	-75.042	32.792	-4151.0	2.30	0.0820	0.843	46.640	0.00	0.00	0	0
5833	-74.958	32.792	-4244.0	2.31	0.0800	0.842	46.623	21.25	0.00	0	0
5834	-74.875	32.792	-4331.0	2.32	0.0770	0.842	47.827	0.00	0.00	0	0
5835	-74.792	32.792	-4405.0	2.31	0.0750	0.846	47.734	0.00	0.00	0	0
5836	-74.708	32.792	-4487.5	2.31	0.0720	0.847	47.654	0.00	0.00	0	0
5837	-74.625	32.792	-4550.0	2.31	0.0690	0.842	46.970	0.00	0.00	0	0
5838	-74.542	32.792	-4608.0	2.31	0.0680	0.715	47.035	0.00	0.00	0	0
5839	-74.458	32.792	-4639.0	2.30	0.0660	0.711	47.139	0.00	0.00	0	0
5840	-74.375	32.792	-4679.0	2.30	0.0650	0.654	47.252	0.00	0.00	0	0
5841	-74.292	32.792	-4718.0	2.30	0.0630	0.651	46.777	0.00	0.00	0	0
5842	-74.208	32.792	-4748.5	2.30	0.0620	0.577	47.331	0.00	0.00	0	0
5843	-74.125	32.792	-4793.0	2.27	0.0590	0.585	47.117	0.00	0.00	0	0
5844	-74.042	32.792	-4840.0	2.26	0.0560	0.381	46.961	0.00	0.00	0	0
5845	-73.958	32.792	-4845.5	2.26	0.0540	0.625	46.837	0.00	0.00	0	0
5846	-73.875	32.792	-4883.0	2.26	0.0530	0.378	46.752	0.00	0.00	0	0
5847	-73.792	32.792	-4899.0	2.26	0.0510	0.381	46.488	0.00	0.00	0	0
5848	-73.708	32.792	-4937.0	2.26	0.0490	0.492	46.401	0.00	0.00	0	0
5849	-73.625	32.792	-4985.0	2.26	0.0470	0.427	46.093	0.00	0.00	0	0
5850	-73.542	32.792	-5073.0	2.27	0.0460	0.428	46.288	0.00	0.00	0	0
5851	-73.458	32.792	-5110.0	2.27	0.0440	0.424	46.269	0.00	0.00	0	0
5852	-73.375	32.792	-5140.0	2.26	0.0430	0.481	46.362	0.00	0.00	0	0
5853	-73.292	32.792	-5143.0	2.26	0.0420	0.536	46.363	0.00	0.00	0	0
5854	-73.208	32.792	-5170.0	2.26	0.0410	0.544	46.441	0.00	0.00	0	0
5855	-73.125	32.792	-5217.0	2.26	0.0410	0.546	46.672	0.00	0.00	0	0
5856	-73.042	32.792	-5228.0	2.25	0.0400	0.549	46.707	0.00	0.00	0	0
5857	-72.958	32.792	-5230.0	2.25	0.0390	0.601	46.797	0.00	0.00	0	0
5858	-72.875	32.792	-5258.0	2.25	0.0380	0.601	47.891	0.00	0.00	0	0
5859	-72.792	32.792	-5287.0	2.26	0.0380	0.553	47.935	0.00	0.00	0	0
5860	-72.708	32.792	-5294.0	2.26	0.0370	0.555	47.955	0.00	0.00	0	0
5861	-72.625	32.792	-5307.0	2.26	0.0370	0.557	47.847	0.00	0.00	0	0
5862	-72.542	32.792	-5311.0	2.26	0.0370	0.599	47.913	0.00	0.00	0	0
5863	-72.458	32.792	-5344.0	2.26	0.0370	0.577	48.067	0.00	0.00	0	0
5864	-72.375	32.792	-5346.0	2.26	0.0370	0.594	48.385	0.00	0.00	0	0
5865	-72.292	32.792	-5345.5	2.24	0.0360	0.593	48.655	0.00	0.00	0	0
5866	-72.208	32.792	-5347.0	2.26	0.0360	0.566	48.761	0.00	0.00	0	0
5867	-72.125	32.792	-5359.0	2.26	0.0360	0.642	48.648	0.00	0.00	0	0
5868	-72.042	32.792	-5362.0	2.26	0.0350	0.623	49.574	0.00	0.00	0	0
5869	-71.958	32.792	-5405.0	2.27	0.0340	0.518	49.546	0.00	0.00	0	0
5870	-71.875	32.792	-5358.5	2.27	0.0330	0.679	49.545	0.00	0.00	0	0
5871	-71.792	32.792	-5375.0	2.28	0.0320	0.591	49.473	0.00	0.00	0	0
5872	-71.708	32.792	-5382.0	2.28	0.0310	0.587	49.597	0.00	0.00	0	0
5873	-71.625	32.792	-5372.0	2.28	0.0300	0.358	50.515	0.00	0.00	0	0
5874	-71.542	32.792	-5383.0	2.28	0.0300	0.358	50.563	0.00	0.00	0	0
5875	-71.458	32.792	-5406.0	2.28	0.0300	0.361	50.581	0.00	0.00	0	0
5876	-71.375	32.792	-5392.0	2.24	0.0300	0.359	49.715	0.00	0.00	0	0
5877	-71.292	32.792	-5412.0	2.22	0.0300	0.359	49.603	0.00	0.00	0	0
5878	-71.208	32.792	-5439.0	2.22	0.0290	0.354	50.016	0.00	0.00	0	0
5879	-71.125	32.792	-5412.0	2.22	0.0290	0.348	50.233	0.00	0.00	0	0
5880	-71.042	32.792	-5407.0	2.22	0.0290	0.354	49.646	0.00	0.00	0	0
5881	-77.958	32.875	-175.0	12.65	0.0500	0.416	54.033	0.00	28.30	19	5
5882	-77.875	32.875	-195.0	11.75	0.0510	0.423	54.091	0.00	46.59	13	2
5883	-77.792	32.875	-227.0	11.70	0.0510	0.429	55.677	0.00	16.25	10	0
5884	-77.708	32.875	-261.0	10.55	0.0520	0.427	55.660	0.00	10.42	3	0
5885	-77.625	32.875	-269.0	9.35	0.0520	0.441	55.643	0.00	0.30	0	0
5886	-77.542	32.875	-279.0	8.72	0.0550	0.444	55.622	0.00	0.21	0	0
5887	-77.458	32.875	-298.0	8.61	0.0630	0.383	55.588	0.00	4.75	5	3
5888	-77.375	32.875	-337.0	8.51	0.0740	0.470	55.547	0.00	79.08	13	6
5889	-77.292	32.875	-372.0	8.43	0.0870	0.328	55.500	0.00	93.87	11	6
5890	-77.208	32.875	-400.0	8.37	0.0980	0.312	54.568	0.00	64.65	14	3
5891	-77.125	32.875	-447.0	8.79	0.1070	0.300	53.862	0.00	69.15	11	5
5892	-77.042	32.875	-516.0	9.41	0.1220	0.344	54.000	0.00	103.99	14	5
5893	-76.958	32.875	-567.0	8.10	0.1380	0.317	52.799	0.00	57.05	7	0
5894	-76.875	32.875	-621.0	7.90	0.1530	0.324	49.859	0.00	52.41	8	0
5895	-76.792	32.875	-673.0	6.18	0.1660	0.448	48.636	1.67	174.24	20	4
5896	-76.708	32.875	-721.0	4.16	0.1750	0.532	47.102	57.84	249.87	25	13
5897	-76.625	32.875	-773.0	2.95	0.1730	0.631	48.566	232.82	378.58	32	18
5898	-76.542	32.875	-845.0	2.88	0.1690	0.662	48.599	315.72	417.31	32	18
5899	-76.458	32.875	-962.0	2.88	0.1560	0.673	48.526	338.04	304.69	28	17
5900	-76.375	32.875	-1249.5	2.60	0.1380	0.653	48.513	430.16	240.69	22	13
5901	-76.292	32.875	-1600.5	2.60	0.1180	0.737	45.571	568.34	172.52	16	10
5902	-76.208	32.875	-1795.5	2.65	0.1020	0.773	45.879	516.48	140.61	11	8
5903	-76.125	32.875	-2048.5	2.69	0.0970	0.780	45.976	505.36	119.11	10	8
5904	-76.042	32.875	-2394.5	2.55	0.0970	0.818	46.140	484.47	103.55	8	7
5905	-75.958	32.875	-2651.5	2.46	0.1030	0.818	46.101	391.23	80.34	6	5
5906	-75.875	32.875	-2899.0	2.43	0.1060	0.756	47.533	389.75	69.38	5	4
5907	-75.792	32.875	-3082.5	2.39	0.1080	0.489	47.814	148.50	22.18	3	1
5908	-75.708	32.875	-3243.0	2.37	0.1070	0.487	47.848	103.48	12.65	3	1
5909	-75.625	32.875	-3327.5	2.24	0.1050	0.648	46.144	211.53	28.39	3	2
5910	-75.542	32.875	-3432.5	2.24	0.1020	0.512	45.905	188.20	19.97	2	1
5911	-75.458	32.875	-3568.0	2.25	0.0980	0.521	46.094	97.48	9.19	1	0
5912	-75.375	32.875	-3702.5	2.25	0.0950	0.520	46.083	26.35	0.00	0	0
5913	-75.292	32.875	-3818.0	2.25	0.0910	0.993	46.203	14.70	0.01	0	0
5914	-75.208	32.875	-3940.0	2.25	0.0880	0.923	46.250	0.00	0.00	0	0
5915	-75.125	32.875	-4043.0	2.25	0.0850	0.930	46.465	0.00	0.00	0	0
5916	-75.042	32.875	-4140.0	2.29	0.0820	0.847	46.630	0.00	0.00	0	0
5917	-74.958	32.875	-4236.0	2.30	0.0800	0.933	46.731	0.00	0.00	0	0
5918	-74.875	32.875	-4311.0	2.31	0.0770	0.847	46.650	0.00	0.00	0	0
5919	-74.792	32.875	-4379.0	2.32	0.0750	0.850	47.836	0.00	0.00	0	0
5920	-74.708	32.875	-4444.0	2.31	0.0720	0.851	47.732	0.00	0.00	0	0
5921	-74.625	32.875	-4517.0	2.31	0.0690	0.847	47.647	0.00	0.00	0	0
5922	-74.542	32.875	-4566.0	2.31	0.0680	0.716	46.963	0.00	0.00	0	0
5923	-74.458	32.875	-4620.0	2.31	0.0660	0.814	47.036	0.00	0.00	0	0
5924	-74.375	32.875	-4653.0	2.30	0.0650	0.710	47.173	0.00	0.00	0	0
5925	-74.292	32.875	-4701.0	2.30	0.0640	0.705	47.245	0.00	0.00	0	0
5926	-74.208	32.875	-4722.0	2.30	0.0620	0.705	46.686	0.00	0.00	0	0
5927	-74.125	32.875	-4744.5	2.29	0.0600	0.645	47.245	0.00	0.00	0	0
5928	-74.042	32.875	-4756.0	2.26	0.0580	0.691	47.058	0.00	0.00	0	0
5929	-73.958	32.875	-4783.0	2.26	0.0560	0.631	46.919	0.00	0.00	0	0
5930	-73.875	32.875	-4846.0	2.26	0.0540	0.380	46.813	0.00	0.00	0	0
5931	-73.792	32.875	-4874.0	2.26	0.0530	0.379	46.572	0.00	0.00	0	0
5932	-73.708	32.875	-4925.0	2.26	0.0510	0.493	46.467	0.00	0.00	0	0
5933	-73.625	32.875	-4996.0	2.26	0.0480	0.426	46.384	0.00	0.00	0	0
5934	-73.542	32.875	-5045.0	2.27	0.0460	0.428	46.188	0.00	0.00	0	0
5935	-73.458	32.875	-5082.0	2.27	0.0440	0.426	46.345	0.00	0.00	0	0
5936	-73.375	32.875	-5113.0	2.26	0.0430	0.426	46.280	0.00	0.00	0	0
5937	-73.292	32.875	-5137.0	2.26	0.0420	0.381	46.370	0.00	0.00	0	0
5938	-73.208	32.875	-5192.0	2.26	0.0410	0.548	46.292	0.00	0.00	0	0
5939	-73.125	32.875	-5187.0	2.26	0.0410	0.547	46.525	0.00	0.00	0	0
5940	-73.042	32.875	-5205.0	2.26	0.0400	0.550	46.723	0.00	0.00	0	0
5941	-72.958	32.875	-5250.0	2.25	0.0390	0.551	46.797	0.00	0.00	0	0
5942	-72.875	32.875	-5279.0	2.25	0.0380	0.551	46.850	0.00	0.00	0	0
5943	-72.792	32.875	-5275.0	2.25	0.0380	0.553	47.882	0.00	0.00	0	0
5944	-72.708	32.875	-5295.0	2.26	0.0370	0.604	47.916	0.00	0.00	0	0
5945	-72.625	32.875	-5294.0	2.26	0.0370	0.561	47.767	0.00	0.00	0	0
5946	-72.542	32.875	-5308.0	2.26	0.0370	0.561	47.823	0.00	0.00	0	0
5947	-72.458	32.875	-5301.0	2.26	0.0370	0.604	47.976	0.00	0.00	0	0
5948	-72.375	32.875	-5308.0	2.26	0.0370	0.554	47.928	0.00	0.00	0	0
5949	-72.292	32.875	-5321.5	2.26	0.0360	0.591	48.369	0.00	0.00	0	0
5950	-72.208	32.875	-5340.5	2.26	0.0360	0.584	48.497	0.00	0.00	0	0
5951	-72.125	32.875	-5360.0	2.26	0.0360	0.562	48.736	0.00	0.00	0	0
5952	-72.042	32.875	-5348.0	2.27	0.0350	0.557	49.483	0.00	0.00	0	0
5953	-71.958	32.875	-5379.5	2.27	0.0340	0.553	49.644	0.00	0.00	0	0
5954	-71.875	32.875	-5366.0	2.27	0.0320	0.431	49.467	0.00	0.00	0	0
5955	-71.792	32.875	-5378.0	2.27	0.0310	0.429	49.492	0.00	0.00	0	0
5956	-71.708	32.875	-5379.0	2.28	0.0300	0.428	49.517	0.00	0.00	0	0
5957	-71.625	32.875	-5344.0	2.28	0.0290	0.433	50.416	0.00	0.00	0	0
5958	-71.542	32.875	-5385.0	2.28	0.0290	0.355	50.507	0.00	0.00	0	0
5959	-71.458	32.875	-5423.0	2.28	0.0290	0.355	50.547	0.00	0.00	0	0
5960	-71.375	32.875	-5391.0	2.28	0.0290	0.353	50.526	0.00	0.00	0	0
5961	-71.292	32.875	-5398.0	2.25	0.0290	0.352	49.637	0.00	0.00	0	0
5962	-71.208	32.875	-5409.0	2.24	0.0290	0.357	49.402	0.00	0.00	0	0
5963	-71.125	32.875	-5405.0	2.22	0.0290	0.353	49.406	0.00	0.00	0	0
5964	-71.042	32.875	-5402.0	2.22	0.0290	0.359	49.571	0.00	0.00	0	0
5965	-77.958	32.958	-127.0	12.69	0.0470	0.293	54.070	0.00	16.23	16	7
5966	-77.875	32.958	-148.0	12.66	0.0480	0.420	54.171	0.00	42.74	33	7
5967	-77.792	32.958	-174.5	11.76	0.0480	0.379	57.076	0.00	19.24	15	4
5968	-77.708	32.958	-209.0	10.51	0.0470	0.373	55.663	0.00	6.61	2	1
5969	-77.625	32.958	-244.0	10.48	0.0480	0.414	55.650	0.00	0.67	2	0
5970	-77.542	32.958	-249.0	8.82	0.0490	0.420	55.631	0.00	1.45	0	0
5971	-77.458	32.958	-276.0	8.73	0.0540	0.442	55.608	0.00	0.34	1	0
5972	-77.375	32.958	-294.0	8.57	0.0660	0.790	55.568	0.00	95.71	21	14
5973	-77.292	32.958	-319.0	8.48	0.0790	0.404	55.526	0.00	60.78	17	7
5974	-77.208	32.958	-356.0	8.42	0.0920	0.324	54.600	0.00	114.33	15	7
5975	-77.125	32.958	-387.0	8.35	0.1010	0.342	54.534	0.00	80.89	15	5
5976	-77.042	32.958	-450.0	8.32	0.1100	0.289	54.036	0.00	107.65	16	6
5977	-76.958	32.958	-516.5	8.15	0.1250	0.345	52.839	0.00	122.54	16	4
5978	-76.875	32.958	-564.0	7.97	0.1410	0.348	49.887	0.00	110.32	14	2
5979	-76.792	32.958	-627.5	6.24	0.1550	0.295	48.603	0.00	62.38	7	0
5980	-76.708	32.958	-681.0	6.11	0.1650	0.457	47.052	4.42	168.81	17	3
5981	-76.625	32.958	-729.0	4.70	0.1730	0.526	48.564	35.69	261.24	25	13
5982	-76.542	32.958	-780.0	2.66	0.1720	0.450	48.405	58.82	58.81	2	0
5983	-76.458	32.958	-868.5	2.87	0.1610	0.725	48.522	371.52	435.44	34	18
5984	-76.375	32.958	-1045.5	2.59	0.1480	0.749	48.554	465.06	358.19	29	17
5985	-76.292	32.958	-1373.5	2.59	0.1280	0.772	48.433	490.20	242.99	21	11
5986	-76.208	32.958	-1694.0	2.59	0.1120	0.766	45.593	500.00	118.11	11	8
5987	-76.125	32.958	-2027.0	2.68	0.1010	0.780	45.897	393.41	104.48	8	7
5988	-76.042	32.958	-2397.5	2.66	0.1000	0.814	46.006	318.36	68.37	6	4
5989	-75.958	32.958	-2643.0	2.55	0.1020	0.954	46.065	385.52	65.08	6	5
5990	-75.875	32.958	-2905.0	2.44	0.1080	0.951	46.071	327.97	57.08	5	4
5991	-75.792	32.958	-3056.5	2.41	0.1100	0.768	45.682	353.67	56.05	4	3
5992	-75.708	32.958	-3205.0	2.36	0.1110	0.301	47.829	0.00	0.00	0	0
5993	-75.625	32.958	-3319.0	2.24	0.1090	0.787	46.072	284.84	31.36	3	2
5994	-75.542	32.958	-3439.0	2.24	0.1040	0.667	46.139	237.18	27.21	3	2
5995	-75.458	32.958	-3606.5	2.24	0.1010	0.645	45.905	198.80	20.35	2	1
5996	-75.375	32.958	-3734.5	2.24	0.0960	0.514	46.014	48.27	0.00	0	0
5997	-75.292	32.958	-3836.0	2.24	0.0920	0.993	46.128	96.00	5.69	1	0
5998	-75.208	32.958	-3937.0	2.25	0.0890	0.929	46.178	28.16	0.00	0	0
5999	-75.125	32.958	-4044.0	2.25	0.0850	0.999	46.274	0.00	0.00	0	0
6000	-75.042	32.958	-4113.0	2.25	0.0830	0.933	46.349	0.00	0.00	0	0
6001	-74.958	32.958	-4172.5	2.29	0.0800	0.851	46.716	0.00	0.00	0	0
6002	-74.875	32.958	-4249.0	2.30	0.0780	0.851	46.816	0.00	0.00	0	0
6003	-74.792	32.958	-4313.0	2.31	0.0750	0.854	46.672	0.00	0.00	0	0
6004	-74.708	32.958	-4366.0	2.32	0.0720	0.855	47.846	0.00	0.00	0	0
6005	-74.625	32.958	-4444.0	2.31	0.0700	0.788	47.734	0.00	0.00	0	0
6006	-74.542	32.958	-4514.5	2.31	0.0680	0.897	47.583	0.00	0.00	0	0
6007	-74.458	32.958	-4562.0	2.31	0.0670	0.716	47.060	0.00	0.00	0	0
6008	-74.375	32.958	-4617.5	2.31	0.0650	0.812	47.037	0.00	0.00	0	0
6009	-74.292	32.958	-4657.5	2.30	0.0640	0.808	47.176	0.00	0.00	0	0
6010	-74.208	32.958	-4668.0	2.30	0.0620	0.805	47.180	0.00	0.00	0	0
6011	-74.125	32.958	-4690.0	2.27	0.0610	0.705	47.182	0.00	0.00	0	0
6012	-74.042	32.958	-4719.0	2.27	0.0590	0.696	47.170	0.00	0.00	0	0
6013	-73.958	32.958	-4752.0	2.26	0.0580	0.691	47.009	0.00	0.00	0	0
6014	-73.875	32.958	-4803.0	2.26	0.0560	0.379	46.880	0.00	0.00	0	0
6015	-73.792	32.958	-4846.0	2.26	0.0550	0.496	46.620	0.00	0.00	0	0
6016	-73.708	32.958	-4902.0	2.26	0.0530	0.379	46.553	0.00	0.00	0	0
6017	-73.625	32.958	-4968.5	2.26	0.0500	0.430	46.451	0.00	0.00	0	0
6018	-73.542	32.958	-5003.0	2.26	0.0470	0.431	46.365	0.00	0.00	0	0
6019	-73.458	32.958	-5042.0	2.27	0.0450	0.431	46.380	0.00	0.00	0	0
6020	-73.375	32.958	-5093.0	2.27	0.0430	0.426	46.349	0.00	0.00	0	0
6021	-73.292	32.958	-5118.5	2.26	0.0420	0.380	46.350	0.00	0.00	0	0
6022	-73.208	32.958	-5140.0	2.26	0.0420	0.546	46.130	0.00	0.00	0	0
6023	-73.125	32.958	-5158.0	2.26	0.0410	0.628	46.512	0.00	0.00	0	0
6024	-73.042	32.958	-5209.0	2.26	0.0400	0.547	46.617	0.00	0.00	0	0
6025	-72.958	32.958	-5249.0	2.26	0.0390	0.551	46.801	0.00	0.00	0	0
6026	-72.875	32.958	-5261.0	2.25	0.0390	0.552	46.808	0.00	0.00	0	0
6027	-72.792	32.958	-5283.0	2.25	0.0380	0.558	47.841	0.00	0.00	0	0
6028	-72.708	32.958	-5288.0	2.26	0.0370	0.553	47.874	0.00	0.00	0	0
6029	-72.625	32.958	-5284.0	2.26	0.0370	0.556	47.897	0.00	0.00	0	0
6030	-72.542	32.958	-5289.0	2.26	0.0370	0.558	47.748	0.00	0.00	0	0
6031	-72.458	32.958	-5299.0	2.26	0.0370	0.560	47.800	0.00	0.00	0	0
6032	-72.375	32.958	-5310.0	2.26	0.0370	0.556	47.805	0.00	0.00	0	0
6033	-72.292	32.958	-5325.5	2.26	0.0370	0.502	48.228	0.00	0.00	0	0
6034	-72.208	32.958	-5338.0	2.26	0.0370	0.540	48.333	0.00	0.00	0	0
6035	-72.125	32.958	-5354.0	2.27	0.0360	0.592	48.424	0.00	0.00	0	0
6036	-72.042	32.958	-5353.0	2.27	0.0360	0.518	49.397	0.00	0.00	0	0
6037	-71.958	32.958	-5378.0	2.28	0.0340	0.510	49.376	0.00	0.00	0	0
6038	-71.875	32.958	-5367.0	2.28	0.0320	0.441	49.365	0.00	0.00	0	0
6039	-71.792	32.958	-5373.5	2.28	0.0300	0.440	49.409	0.00	0.00	0	0
6040	-71.708	32.958	-5377.0	2.28	0.0290	0.437	50.422	0.00	0.00	0	0
6041	-71.625	32.958	-5372.0	2.28	0.0290	0.356	49.483	0.00	0.00	0	0
6042	-71.542	32.958	-5371.0	2.27	0.0290	0.420	50.396	0.00	0.00	0	0
6043	-71.458	32.958	-5389.0	2.28	0.0290	0.354	50.526	0.00	0.00	0	0
6044	-71.375	32.958	-5382.0	2.28	0.0290	0.353	50.499	0.00	0.00	0	0
6045	-71.292	32.958	-5394.0	2.28	0.0290	0.347	50.486	0.00	0.00	0	0
6046	-71.208	32.958	-5393.0	2.24	0.0290	0.352	49.592	0.00	0.00	0	0
6047	-71.125	32.958	-5399.0	2.24	0.0290	0.403	49.399	0.00	0.00	0	0
6048	-71.042	32.958	-5403.0	2.24	0.0290	0.385	50.103	0.00	0.00	0	0
6049	-77.958	33.042	-51.0	12.71	0.0440	0.243	54.019	0.00	21.71	41	30
6050	-77.875	33.042	-111.0	12.70	0.0450	0.276	54.074	0.00	8.84	19	9
6051	-77.792	33.042	-128.0	12.71	0.0460	0.278	54.132	0.00	14.18	17	9
6052	-77.708	33.042	-149.0	11.44	0.0460	0.281	57.065	0.00	13.05	12	3
6053	-77.625	33.042	-176.0	10.52	0.0440	0.333	56.017	0.00	8.00	8	1
6054	-77.542	33.042	-222.0	10.58	0.0440	0.359	56.002	0.00	2.60	2	0
6055	-77.458	33.042	-241.0	10.52	0.0450	0.384	55.614	0.00	9.39	2	1
6056	-77.375	33.042	-259.5	8.69	0.0590	0.355	55.587	0.00	19.60	5	4
6057	-77.292	33.042	-296.0	8.54	0.0760	0.326	55.555	0.00	52.12	9	5
6058	-77.208	33.042	-309.0	8.43	0.0900	0.394	54.617	0.00	152.22	14	11
6059	-77.125	33.042	-319.0	8.34	0.0960	0.303	54.151	0.00	91.88	12	7
6060	-77.042	33.042	-406.0	8.31	0.0970	0.274	54.006	0.00	71.44	11	4
6061	-76.958	33.042	-446.0	8.73	0.1110	0.333	52.802	0.00	140.52	13	5
6062	-76.875	33.042	-524.0	8.10	0.1290	0.342	52.512	0.00	132.88	15	5
6063	-76.792	33.042	-587.5	7.96	0.1430	0.305	47.921	0.00	76.16	9	0
6064	-76.708	33.042	-622.5	4.06	0.1570	0.262	48.326	1.79	38.98	3	0
6065	-76.625	33.042	-667.0	4.05	0.1640	0.463	48.297	37.94	224.60	22	8
6066	-76.542	33.042	-728.0	2.62	0.1680	0.510	48.325	140.44	239.10	24	12
6067	-76.458	33.042	-795.5	2.57	0.1700	0.709	48.347	280.67	392.80	35	24
6068	-76.375	33.042	-904.5	2.58	0.1570	0.664	48.505	387.33	378.24	29	17
6069	-76.292	33.042	-1165.5	2.57	0.1390	0.755	45.750	593.44	270.61	23	15
6070	-76.208	33.042	-1556.5	2.63	0.1190	0.810	48.390	571.42	198.48	16	9
6071	-76.125	33.042	-1949.0	2.65	0.1080	0.810	45.667	398.38	116.19	8	7
6072	-76.042	33.042	-2349.0	2.63	0.1020	0.985	45.884	438.90	98.80	7	6
6073	-75.958	33.042	-2686.0	2.60	0.1020	0.969	45.977	387.07	69.80	6	4
6074	-75.875	33.042	-2887.5	2.52	0.1070	0.974	46.011	352.37	59.92	4	3
6075	-75.792	33.042	-3063.0	2.41	0.1150	0.976	45.857	586.73	74.97	6	4
6076	-75.708	33.042	-3213.0	2.39	0.1150	0.750	47.799	429.81	66.06	5	4
6077	-75.625	33.042	-3394.5	2.27	0.1120	0.428	47.591	39.07	0.00	0	0
6078	-75.542	33.042	-3496.0	2.27	0.1070	0.679	46.064	237.94	30.46	3	2
6079	-75.458	33.042	-3635.0	2.25	0.1030	0.652	45.871	216.34	20.18	2	1
6080	-75.375	33.042	-3739.0	2.25	0.0980	0.521	45.931	182.96	18.13	2	0
6081	-75.292	33.042	-3836.5	2.24	0.0930	0.769	45.979	286.86	24.62	2	2
6082	-75.208	33.042	-3925.0	2.25	0.0890	0.999	46.110	93.20	3.33	1	0
6083	-75.125	33.042	-3993.0	2.25	0.0860	1.002	46.193	23.01	0.04	0	0
6084	-75.042	33.042	-4061.0	2.25	0.0830	1.002	46.269	0.00	0.00	0	0
6085	-74.958	33.042	-4118.5	2.25	0.0810	1.017	46.574	0.00	0.00	0	0
6086	-74.875	33.042	-4175.0	2.29	0.0780	1.012	46.837	0.00	0.00	0	0
6087	-74.792	33.042	-4237.0	2.29	0.0760	0.857	46.884	0.00	0.00	0	0
6088	-74.708	33.042	-4294.5	2.31	0.0730	0.857	46.704	0.00	0.00	0	0
6089	-74.625	33.042	-4376.0	2.31	0.0700	0.856	47.863	0.00	0.00	0	0
6090	-74.542	33.042	-4447.0	2.31	0.0680	0.951	47.745	0.00	0.00	0	0
6091	-74.458	33.042	-4515.0	2.31	0.0670	0.945	47.646	0.00	0.00	0	0
6092	-74.375	33.042	-4572.0	2.31	0.0660	0.814	47.063	0.00	0.00	0	0
6093	-74.292	33.042	-4613.0	2.31	0.0650	0.808	47.044	0.00	0.00	0	0
6094	-74.208	33.042	-4638.0	2.30	0.0630	0.806	47.172	0.00	0.00	0	0
6095	-74.125	33.042	-4658.0	2.30	0.0620	0.803	47.154	0.00	0.00	0	0
6096	-74.042	33.042	-4689.0	2.27	0.0610	0.799	47.191	0.00	0.00	0	0
6097	-73.958	33.042	-4745.0	2.26	0.0600	0.698	46.958	0.00	0.00	0	0
6098	-73.875	33.042	-4770.5	2.26	0.0580	0.695	46.820	0.00	0.00	0	0
6099	-73.792	33.042	-4827.5	2.26	0.0560	0.691	46.697	0.00	0.00	0	0
6100	-73.708	33.042	-4883.0	2.26	0.0540	0.436	46.613	0.00	0.00	0	0
6101	-73.625	33.042	-4915.0	2.26	0.0510	0.436	46.521	0.00	0.00	0	0
6102	-73.542	33.042	-4974.0	2.26	0.0480	0.437	46.445	0.00	0.00	0	0
6103	-73.458	33.042	-5035.0	2.27	0.0450	0.437	46.616	0.00	0.00	0	0
6104	-73.375	33.042	-5074.0	2.27	0.0430	0.386	46.436	0.00	0.00	0	0
6105	-73.292	33.042	-5093.0	2.26	0.0420	0.378	46.394	0.00	0.00	0	0
6106	-73.208	33.042	-5115.0	2.26	0.0420	0.381	46.480	0.00	0.00	0	0
6107	-73.125	33.042	-5164.0	2.26	0.0410	0.539	46.675	0.00	0.00	0	0
6108	-73.042	33.042	-5251.0	2.26	0.0400	0.545	46.636	0.00	0.00	0	0
6109	-72.958	33.042	-5246.0	2.26	0.0390	0.629	46.776	0.00	0.00	0	0
6110	-72.875	33.042	-5255.0	2.26	0.0390	0.630	46.872	0.00	0.00	0	0
6111	-72.792	33.042	-5249.0	2.26	0.0380	0.631	46.944	0.00	0.00	0	0
6112	-72.708	33.042	-5242.0	2.26	0.0370	0.632	47.826	0.00	0.00	0	0
6113	-72.625	33.042	-5254.0	2.26	0.0370	0.629	47.857	0.00	0.00	0	0
6114	-72.542	33.042	-5269.0	2.26	0.0370	0.561	47.716	0.00	0.00	0	0
6115	-72.458	33.042	-5290.0	2.26	0.0370	0.554	47.707	0.00	0.00	0	0
6116	-72.375	33.042	-5308.0	2.26	0.0370	0.555	47.707	0.00	0.00	0	0
6117	-72.292	33.042	-5323.0	2.28	0.0370	0.555	47.790	0.00	0.00	0	0
6118	-72.208	33.042	-5334.0	2.27	0.0370	0.556	47.465	0.00	0.00	0	0
6119	-72.125	33.042	-5346.5	2.27	0.0370	0.543	48.305	0.00	0.00	0	0
6120	-72.042	33.042	-5353.0	2.27	0.0360	0.539	49.280	0.00	0.00	0	0
6121	-71.958	33.042	-5366.0	2.28	0.0350	0.533	49.258	0.00	0.00	0	0
6122	-71.875	33.042	-5356.0	2.28	0.0330	0.531	49.252	0.00	0.00	0	0
6123	-71.792	33.042	-5345.0	2.28	0.0300	0.413	49.242	0.00	0.00	0	0
6124	-71.708	33.042	-5347.0	2.28	0.0290	0.413	50.366	0.00	0.00	0	0
6125	-71.625	33.042	-5349.0	2.28	0.0290	0.411	50.381	0.00	0.00	0	0
6126	-71.542	33.042	-5357.0	2.28	0.0290	0.405	49.424	0.00	0.00	0	0
6127	-71.458	33.042	-5358.0	2.28	0.0290	0.348	50.415	0.00	0.00	0	0
6128	-71.375	33.042	-5360.0	2.28	0.0290	0.421	50.449	0.00	0.00	0	0
6129	-71.292	33.042	-5366.0	2.28	0.0290	0.419	50.479	0.00	0.00	0	0
6130	-71.208	33.042	-5368.0	2.26	0.0290	0.411	49.687	0.00	0.00	0	0
6131	-71.125	33.042	-5370.5	2.24	0.0290	0.346	49.570	0.00	0.00	0	0
6132	-71.042	33.042	-5372.5	2.24	0.0290	0.347	50.159	0.00	0.00	0	0
6133	-77.958	33.125	-37.0	12.73	0.0400	0.193	54.656	0.00	9.60	47	43
6134	-77.875	33.125	-41.0	12.73	0.0420	0.170	54.033	0.00	1.37	28	24
6135	-77.792	33.125	-55.0	12.72	0.0440	0.232	54.083	0.00	25.51	47	34
6136	-77.708	33.125	-64.0	11.48	0.0440	0.251	56.116	0.00	23.86	42	22
6137	-77.625	33.125	-96.0	11.43	0.0440	0.250	56.144	0.00	16.15	19	7
6138	-77.542	33.125	-129.0	10.51	0.0420	0.190	56.145	0.00	0.00	2	1
6139	-77.458	33.125	-160.0	10.55	0.0430	0.302	54.706	0.00	10.51	4	1
6140	-77.375	33.125	-210.0	10.41	0.0530	0.440	54.681	0.00	13.13	9	0
6141	-77.292	33.125	-245.0	8.62	0.0710	0.257	54.658	0.00	20.34	7	3
6142	-77.208	33.125	-251.0	8.47	0.0890	0.309	54.184	0.00	65.64	10	7
6143	-77.125	33.125	-320.5	8.38	0.0940	0.363	54.064	0.00	114.78	15	12
6144	-77.042	33.125	-389.0	8.33	0.0930	0.090	52.908	0.00	0.00	0	0
6145	-76.958	33.125	-436.5	8.28	0.1020	0.324	52.697	0.00	79.47	12	6
6146	-76.875	33.125	-454.5	8.12	0.1160	0.287	51.516	0.00	100.56	17	4
6147	-76.792	33.125	-513.0	8.04	0.1320	0.233	49.394	0.00	27.42	5	0
6148	-76.708	33.125	-562.0	7.85	0.1450	0.254	48.005	0.00	35.80	3	0
6149	-76.625	33.125	-626.0	6.09	0.1590	0.375	48.705	2.29	164.65	18	4
6150	-76.542	33.125	-678.0	2.62	0.1660	0.441	48.018	75.43	169.56	22	7
6151	-76.458	33.125	-738.5	2.48	0.1690	0.602	47.619	285.29	393.49	33	19
6152	-76.375	33.125	-809.0	2.57	0.1660	0.710	46.086	453.98	435.15	34	23
6153	-76.292	33.125	-984.5	2.56	0.1470	0.860	45.948	773.98	412.26	35	22
6154	-76.208	33.125	-1338.0	2.56	0.1280	0.810	48.356	602.93	281.70	21	14
6155	-76.125	33.125	-1820.5	2.62	0.1120	0.874	45.456	620.25	133.44	10	7
6156	-76.042	33.125	-2285.5	2.61	0.1050	0.908	45.725	391.48	94.69	6	5
6157	-75.958	33.125	-2681.5	2.60	0.1040	0.986	45.805	329.01	62.34	5	2
6158	-75.875	33.125	-2871.5	2.52	0.1110	0.999	45.676	353.03	56.60	4	3
6159	-75.792	33.125	-3060.0	2.42	0.1180	0.985	45.774	398.47	56.37	4	3
6160	-75.708	33.125	-3213.5	2.40	0.1180	0.956	45.848	445.12	65.22	5	3
6161	-75.625	33.125	-3371.5	2.27	0.1140	0.867	47.572	433.08	55.73	5	4
6162	-75.542	33.125	-3502.0	2.27	0.1090	0.811	45.984	204.85	13.26	3	0
6163	-75.458	33.125	-3642.0	2.25	0.1040	0.791	46.008	207.76	20.91	2	1
6164	-75.375	33.125	-3732.0	2.25	0.1000	0.657	45.908	198.01	19.57	2	1
6165	-75.292	33.125	-3814.0	2.25	0.0950	0.909	45.948	254.27	22.77	2	2
6166	-75.208	33.125	-3855.5	2.25	0.0900	0.983	46.030	103.83	9.49	1	0
6167	-75.125	33.125	-3864.0	2.25	0.0870	1.144	46.115	114.82	4.51	1	0
6168	-75.042	33.125	-3926.0	2.25	0.0840	1.147	46.208	43.64	0.16	0	0
6169	-74.958	33.125	-3984.0	2.25	0.0820	1.012	46.331	0.00	0.00	0	0
6170	-74.875	33.125	-4060.5	2.25	0.0790	1.017	46.464	0.00	0.00	0	0
6171	-74.792	33.125	-4152.5	2.29	0.0770	1.017	47.079	0.00	0.00	0	0
6172	-74.708	33.125	-4234.0	2.30	0.0740	1.017	47.055	0.00	0.00	0	0
6173	-74.625	33.125	-4302.0	2.30	0.0710	0.856	46.752	0.00	0.00	0	0
6174	-74.542	33.125	-4382.5	2.31	0.0690	0.838	47.888	0.00	0.00	0	0
6175	-74.458	33.125	-4451.0	2.31	0.0670	0.950	47.762	0.00	0.00	0	0
6176	-74.375	33.125	-4508.0	2.31	0.0660	0.943	47.652	0.00	0.00	0	0
6177	-74.292	33.125	-4551.0	2.31	0.0650	0.812	47.064	0.00	0.00	0	0
6178	-74.208	33.125	-4578.0	2.31	0.0640	0.806	47.062	0.00	0.00	0	0
6179	-74.125	33.125	-4611.0	2.30	0.0630	0.803	47.142	0.00	0.00	0	0
6180	-74.042	33.125	-4655.5	2.30	0.0620	0.801	47.112	0.00	0.00	0	0
6181	-73.958	33.125	-4716.0	2.27	0.0610	0.700	47.141	0.00	0.00	0	0
6182	-73.875	33.125	-4762.0	2.26	0.0600	0.796	47.352	0.00	0.00	0	0
6183	-73.792	33.125	-4805.0	2.26	0.0580	0.697	46.780	0.00	0.00	0	0
6184	-73.708	33.125	-4835.0	2.26	0.0560	0.694	46.670	0.00	0.00	0	0
6185	-73.625	33.125	-4885.0	2.26	0.0530	0.636	46.587	0.00	0.00	0	0
6186	-73.542	33.125	-4935.0	2.26	0.0490	0.635	46.510	0.00	0.00	0	0
6187	-73.458	33.125	-4968.0	2.26	0.0460	0.630	46.440	0.00	0.00	0	0
6188	-73.375	33.125	-5019.0	2.27	0.0430	0.535	46.494	0.00	0.00	0	0
6189	-73.292	33.125	-5071.0	2.27	0.0420	0.430	46.452	0.00	0.00	0	0
6190	-73.208	33.125	-5116.0	2.26	0.0420	0.443	46.435	0.00	0.00	0	0
6191	-73.125	33.125	-5195.0	2.26	0.0410	0.544	46.520	0.00	0.00	0	0
6192	-73.042	33.125	-5241.0	2.26	0.0400	0.624	46.651	0.00	0.00	0	0
6193	-72.958	33.125	-5227.0	2.26	0.0400	0.633	46.664	0.00	0.00	0	0
6194	-72.875	33.125	-5200.0	2.26	0.0390	0.635	46.860	0.00	0.00	0	0
6195	-72.792	33.125	-5194.5	2.26	0.0380	0.634	46.948	0.00	0.00	0	0
6196	-72.708	33.125	-5207.0	2.26	0.0370	0.631	47.811	0.00	0.00	0	0
6197	-72.625	33.125	-5223.0	2.26	0.0370	0.630	47.832	0.00	0.00	0	0
6198	-72.542	33.125	-5243.0	2.26	0.0370	0.629	47.825	0.00	0.00	0	0
6199	-72.458	33.125	-5268.0	2.26	0.0370	0.552	47.676	0.00	0.00	0	0
6200	-72.375	33.125	-5293.5	2.26	0.0370	0.553	47.625	0.00	0.00	0	0
6201	-72.292	33.125	-5314.0	2.27	0.0370	0.553	47.659	0.00	0.00	0	0
6202	-72.208	33.125	-5324.0	2.27	0.0370	0.554	47.747	0.00	0.00	0	0
6203	-72.125	33.125	-5336.0	2.28	0.0380	0.555	48.156	0.00	0.00	0	0
6204	-72.042	33.125	-5343.0	2.28	0.0380	0.555	49.155	0.00	0.00	0	0
6205	-71.958	33.125	-5354.0	2.29	0.0360	0.551	49.174	0.00	0.00	0	0
6206	-71.875	33.125	-5364.0	2.28	0.0330	0.481	49.098	0.00	0.00	0	0
6207	-71.792	33.125	-5367.0	2.28	0.0300	0.386	49.070	0.00	0.00	0	0
6208	-71.708	33.125	-5376.0	2.28	0.0290	0.433	49.089	0.00	0.00	0	0
6209	-71.625	33.125	-5373.0	2.28	0.0290	0.428	50.322	0.00	0.00	0	0
6210	-71.542	33.125	-5390.0	2.28	0.0290	0.419	50.373	0.00	0.00	0	0
6211	-71.458	33.125	-5390.0	2.28	0.0290	0.365	50.298	0.00	0.00	0	0
6212	-71.375	33.125	-5391.0	2.28	0.0290	0.349	49.976	0.00	0.00	0	0
6213	-71.292	33.125	-5400.0	2.28	0.0290	0.363	50.416	0.00	0.00	0	0
6214	-71.208	33.125	-5398.0	2.28	0.0290	0.361	49.692	0.00	0.00	0	0
6215	-71.125	33.125	-5399.0	2.28	0.0290	0.360	50.461	0.00	0.00	0	0
6216	-71.042	33.125	-5397.0	2.27	0.0290	0.417	50.282	0.00	0.00	0	0
6217	-77.958	33.208	-33.0	12.89	0.0360	0.160	54.482	0.00	0.82	33	30
6218	-77.875	33.208	-34.0	12.75	0.0390	0.181	55.608	0.00	1.25	45	37
6219	-77.792	33.208	-36.0	12.63	0.0410	0.186	55.622	0.00	2.33	38	25
6220	-77.708	33.208	-38.0	11.52	0.0430	0.210	54.052	0.00	14.00	45	39
6221	-77.625	33.208	-44.5	11.48	0.0450	0.212	54.080	0.00	21.96	44	34
6222	-77.542	33.208	-45.0	11.45	0.0440	0.256	56.124	0.00	34.28	42	26
6223	-77.458	33.208	-51.0	10.52	0.0430	0.246	56.131	0.00	29.39	37	25
6224	-77.375	33.208	-70.0	10.51	0.0520	0.265	55.709	0.00	45.58	30	16
6225	-77.292	33.208	-120.0	7.46	0.0650	0.198	55.599	0.00	54.09	15	6
6226	-77.208	33.208	-198.0	8.46	0.0800	0.313	55.497	0.00	93.93	18	11
6227	-77.125	33.208	-220.0	8.38	0.0870	0.301	54.482	0.00	70.70	16	11
6228	-77.042	33.208	-245.0	8.31	0.0860	0.314	54.324	0.00	58.93	14	8
6229	-76.958	33.208	-332.0	8.23	0.0910	0.289	49.559	0.00	31.18	5	3
6230	-76.875	33.208	-391.0	8.15	0.1050	0.337	49.667	0.00	93.92	12	5
6231	-76.792	33.208	-447.5	8.04	0.1190	0.336	49.840	0.00	83.08	14	4
6232	-76.708	33.208	-515.0	7.92	0.1350	0.329	48.401	0.00	133.23	18	4
6233	-76.625	33.208	-565.0	4.24	0.1480	0.368	48.005	7.18	162.89	17	6
6234	-76.542	33.208	-636.0	4.12	0.1610	0.368	49.577	22.37	172.53	17	7
6235	-76.458	33.208	-690.0	2.67	0.1660	0.621	45.646	348.97	501.99	37	25
6236	-76.375	33.208	-755.0	2.48	0.1710	0.698	47.587	402.95	557.28	41	26
6237	-76.292	33.208	-847.5	2.55	0.1530	0.889	46.013	873.79	678.47	47	30
6238	-76.208	33.208	-1159.0	2.54	0.1330	0.849	50.799	845.18	403.16	30	18
6239	-76.125	33.208	-1634.0	2.60	0.1150	0.969	48.373	583.51	198.53	16	11
6240	-76.042	33.208	-2170.5	2.60	0.1060	1.166	45.493	751.36	149.02	9	7
6241	-75.958	33.208	-2633.5	2.59	0.1050	1.034	45.684	284.84	43.69	4	2
6242	-75.875	33.208	-2877.0	2.56	0.1070	0.982	45.579	323.57	47.49	4	2
6243	-75.792	33.208	-3034.0	2.50	0.1150	0.956	45.740	386.83	62.96	5	3
6244	-75.708	33.208	-3194.0	2.40	0.1170	0.956	45.880	410.16	61.09	5	3
6245	-75.625	33.208	-3282.0	2.29	0.1140	0.940	47.538	500.33	67.19	6	4
6246	-75.542	33.208	-3375.0	2.27	0.1090	0.594	47.566	96.52	9.31	1	0
6247	-75.458	33.208	-3493.5	2.27	0.1050	0.794	45.929	270.04	25.93	3	2
6248	-75.375	33.208	-3592.0	2.25	0.1010	0.662	45.914	184.51	19.24	2	1
6249	-75.292	33.208	-3668.0	2.25	0.0970	0.979	45.868	240.41	21.32	2	1
6250	-75.208	33.208	-3724.5	2.25	0.0920	0.998	45.889	169.77	9.15	1	0
6251	-75.125	33.208	-3791.0	2.25	0.0880	1.003	45.995	102.33	9.17	1	0
6252	-75.042	33.208	-3853.0	2.25	0.0850	1.005	46.116	58.44	1.08	0	0
6253	-74.958	33.208	-3922.5	2.25	0.0820	1.011	46.248	35.18	0.12	0	0
6254	-74.875	33.208	-4012.0	2.25	0.0800	1.012	46.405	0.00	0.00	0	0
6255	-74.792	33.208	-4102.0	2.25	0.0780	1.018	46.716	0.00	0.00	0	0
6256	-74.708	33.208	-4183.0	2.29	0.0750	0.857	47.410	0.00	0.00	0	0
6257	-74.625	33.208	-4248.5	2.30	0.0720	0.874	47.197	0.00	0.00	0	0
6258	-74.542	33.208	-4324.0	2.30	0.0700	0.854	46.773	0.00	0.00	0	0
6259	-74.458	33.208	-4397.0	2.31	0.0680	0.872	47.939	0.00	0.00	0	0
6260	-74.375	33.208	-4447.0	2.31	0.0670	0.720	47.809	0.00	0.00	0	0
6261	-74.292	33.208	-4491.0	2.31	0.0660	0.944	47.656	0.00	0.00	0	0
6262	-74.208	33.208	-4530.0	2.31	0.0650	0.813	47.060	0.00	0.00	0	0
6263	-74.125	33.208	-4577.0	2.30	0.0640	0.807	47.055	0.00	0.00	0	0
6264	-74.042	33.208	-4624.0	2.30	0.0630	0.802	47.750	0.00	0.00	0	0
6265	-73.958	33.208	-4689.0	2.27	0.0620	0.800	47.206	0.00	0.00	0	0
6266	-73.875	33.208	-4740.5	2.26	0.0610	0.794	47.424	0.00	0.00	0	0
6267	-73.792	33.208	-4759.0	2.26	0.0590	0.790	47.326	0.00	0.00	0	0
6268	-73.708	33.208	-4803.0	2.26	0.0570	0.786	46.755	0.00	0.00	0	0
6269	-73.625	33.208	-4842.0	2.26	0.0540	0.786	46.656	0.00	0.00	0	0
6270	-73.542	33.208	-4869.0	2.26	0.0500	0.642	46.591	0.00	0.00	0	0
6271	-73.458	33.208	-4914.0	2.26	0.0460	0.636	46.506	0.00	0.00	0	0
6272	-73.375	33.208	-4966.0	2.26	0.0440	0.630	46.444	0.00	0.00	0	0
6273	-73.292	33.208	-5033.0	2.27	0.0430	0.624	46.482	0.00	0.00	0	0
6274	-73.208	33.208	-5108.0	2.26	0.0420	0.387	46.479	0.00	0.00	0	0
6275	-73.125	33.208	-5253.5	2.26	0.0410	0.411	46.478	0.00	0.00	0	0
6276	-73.042	33.208	-5197.0	2.26	0.0410	0.629	46.723	0.00	0.00	0	0
6277	-72.958	33.208	-5135.0	2.26	0.0400	0.630	46.716	0.00	0.00	0	0
6278	-72.875	33.208	-5140.5	2.26	0.0390	0.629	46.748	0.00	0.00	0	0
6279	-72.792	33.208	-5159.0	2.26	0.0380	0.636	46.812	0.00	0.00	0	0
6280	-72.708	33.208	-5185.0	2.26	0.0370	0.635	47.015	0.00	0.00	0	0
6281	-72.625	33.208	-5209.5	2.26	0.0370	0.631	47.804	0.00	0.00	0	0
6282	-72.542	33.208	-5231.0	2.26	0.0370	0.629	47.821	0.00	0.00	0	0
6283	-72.458	33.208	-5252.0	2.26	0.0370	0.630	47.630	0.00	0.00	0	0
6284	-72.375	33.208	-5276.0	2.26	0.0370	0.628	47.625	0.00	0.00	0	0
6285	-72.292	33.208	-5288.0	2.27	0.0370	0.552	47.612	0.00	0.00	0	0
6286	-72.208	33.208	-5299.0	2.27	0.0380	0.628	47.618	0.00	0.00	0	0
6287	-72.125	33.208	-5307.0	2.27	0.0380	0.553	47.355	0.00	0.00	0	0
6288	-72.042	33.208	-5312.0	2.29	0.0380	0.460	47.410	0.00	0.00	0	0
6289	-71.958	33.208	-5323.0	2.29	0.0360	0.458	49.070	0.00	0.00	0	0
6290	-71.875	33.208	-5335.0	2.29	0.0320	0.470	49.006	0.00	0.00	0	0
6291	-71.792	33.208	-5348.0	2.27	0.0300	0.467	48.915	0.00	0.00	0	0
6292	-71.708	33.208	-5358.0	2.28	0.0290	0.455	48.950	0.00	0.00	0	0
6293	-71.625	33.208	-5361.0	2.28	0.0290	0.451	48.983	0.00	0.00	0	0
6294	-71.542	33.208	-5382.0	2.28	0.0290	0.384	50.298	0.00	0.00	0	0
6295	-71.458	33.208	-5395.0	2.28	0.0290	0.428	50.360	0.00	0.00	0	0
6296	-71.375	33.208	-5386.0	2.28	0.0290	0.368	49.372	0.00	0.00	0	0
6297	-71.292	33.208	-5388.0	2.28	0.0290	0.366	50.327	0.00	0.00	0	0
6298	-71.208	33.208	-5389.0	2.28	0.0290	0.363	50.428	0.00	0.00	0	0
6299	-71.125	33.208	-5396.0	2.28	0.0290	0.362	49.678	0.00	0.00	0	0
6300	-71.042	33.208	-5388.0	2.28	0.0290	0.365	50.453	0.00	0.00	0	0
6301	-77.958	33.292	-31.0	12.90	0.0320	0.174	54.182	0.00	0.16	42	35
6302	-77.875	33.292	-32.0	12.91	0.0350	0.150	54.897	0.00	0.00	0	0
6303	-77.792	33.292	-31.0	12.77	0.0390	0.194	55.597	0.00	6.92	51	42
6304	-77.708	33.292	-31.0	12.64	0.0430	0.180	55.603	0.00	1.58	51	45
6305	-77.625	33.292	-31.0	13.54	0.0470	0.224	54.009	0.00	21.31	61	57
6306	-77.542	33.292	-35.0	11.50	0.0470	0.290	54.026	0.00	58.32	76	52
6307	-77.458	33.292	-36.0	11.44	0.0460	0.230	57.200	0.00	29.35	58	49
6308	-77.375	33.292	-38.0	11.36	0.0500	0.260	55.405	0.00	50.83	61	42
6309	-77.292	33.292	-59.0	9.41	0.0600	0.167	53.356	0.00	46.08	39	29
6310	-77.208	33.292	-108.0	7.33	0.0730	0.169	53.323	0.00	26.75	17	10
6311	-77.125	33.292	-171.0	7.25	0.0820	0.192	50.241	0.00	28.34	9	3
6312	-77.042	33.292	-209.0	7.08	0.0800	0.060	48.057	0.00	0.00	0	0
6313	-76.958	33.292	-240.0	7.20	0.0850	0.287	48.072	0.00	63.78	12	6
6314	-76.875	33.292	-318.5	7.04	0.0920	0.290	54.004	0.00	66.76	12	7
6315	-76.792	33.292	-377.0	8.00	0.1080	0.281	53.941	0.00	103.94	14	4
6316	-76.708	33.292	-455.0	8.00	0.1240	0.328	53.922	0.00	107.38	16	5
6317	-76.625	33.292	-517.0	7.93	0.1380	0.282	50.572	0.00	41.69	6	0
6318	-76.542	33.292	-574.0	4.18	0.1510	0.358	49.082	7.60	152.55	18	6
6319	-76.458	33.292	-648.0	2.67	0.1640	0.582	49.680	189.91	511.60	39	25
6320	-76.375	33.292	-695.0	2.56	0.1680	0.616	48.577	310.33	524.35	39	26
6321	-76.292	33.292	-769.0	2.55	0.1560	0.949	47.545	643.96	765.84	60	36
6322	-76.208	33.292	-936.0	2.53	0.1380	0.986	48.763	897.83	766.17	53	32
6323	-76.125	33.292	-1381.0	2.59	0.1200	1.354	48.295	1550.19	608.96	55	34
6324	-76.042	33.292	-2035.5	2.59	0.1060	1.327	45.282	1543.06	287.45	27	17
6325	-75.958	33.292	-2578.5	2.58	0.1030	1.310	45.189	336.29	49.21	5	3
6326	-75.875	33.292	-2861.0	2.57	0.1030	1.326	45.373	362.34	43.49	3	2
6327	-75.792	33.292	-3021.5	2.50	0.1060	0.991	45.510	315.79	36.32	4	2
6328	-75.708	33.292	-3178.5	2.41	0.1100	0.964	45.793	340.23	40.75	4	2
6329	-75.625	33.292	-3280.0	2.38	0.1110	0.933	45.896	369.03	45.71	5	2
6330	-75.542	33.292	-3336.0	2.28	0.1090	0.807	47.536	101.88	10.15	1	1
6331	-75.458	33.292	-3449.0	2.26	0.1050	0.962	45.829	124.77	11.22	1	0
6332	-75.375	33.292	-3533.0	2.25	0.1020	0.924	45.827	112.79	9.74	1	0
6333	-75.292	33.292	-3615.0	2.25	0.0980	0.773	45.756	129.79	11.53	1	1
6334	-75.208	33.292	-3658.0	2.25	0.0940	0.892	45.785	285.93	24.79	2	2
6335	-75.125	33.292	-3712.0	2.25	0.0900	0.998	45.886	43.34	0.05	0	0
6336	-75.042	33.292	-3787.0	2.25	0.0860	1.002	46.010	175.13	15.35	2	0
6337	-74.958	33.292	-3874.5	2.25	0.0830	1.006	46.161	75.72	0.63	0	0
6338	-74.875	33.292	-3971.0	2.25	0.0810	1.011	46.193	10.63	0.07	0	0
6339	-74.792	33.292	-4048.0	2.25	0.0790	1.017	46.631	0.00	0.00	0	0
6340	-74.708	33.292	-4133.0	2.25	0.0760	0.857	47.037	0.00	0.00	0	0
6341	-74.625	33.292	-4212.0	2.28	0.0730	0.853	47.713	0.00	0.00	0	0
6342	-74.542	33.292	-4280.0	2.30	0.0700	0.853	47.070	0.00	0.00	0	0
6343	-74.458	33.292	-4344.0	2.30	0.0680	0.852	46.914	0.00	0.00	0	0
6344	-74.375	33.292	-4410.0	2.31	0.0670	0.850	47.923	0.00	0.00	0	0
6345	-74.292	33.292	-4457.0	2.31	0.0670	0.832	47.809	0.00	0.00	0	0
6346	-74.208	33.292	-4510.5	2.31	0.0660	0.720	47.652	0.00	0.00	0	0
6347	-74.125	33.292	-4567.0	2.31	0.0650	0.713	47.074	0.00	0.00	0	0
6348	-74.042	33.292	-4624.0	2.30	0.0640	0.805	47.713	0.00	0.00	0	0
6349	-73.958	33.292	-4669.0	2.27	0.0630	0.803	47.735	0.00	0.00	0	0
6350	-73.875	33.292	-4692.0	2.26	0.0620	0.795	47.165	0.00	0.00	0	0
6351	-73.792	33.292	-4727.0	2.26	0.0610	0.792	47.397	0.00	0.00	0	0
6352	-73.708	33.292	-4745.0	2.26	0.0580	0.787	47.306	0.00	0.00	0	0
6353	-73.625	33.292	-4767.5	2.26	0.0550	0.785	46.721	0.00	0.00	0	0
6354	-73.542	33.292	-4814.0	2.26	0.0510	0.783	46.631	0.00	0.00	0	0
6355	-73.458	33.292	-4861.0	2.26	0.0470	0.636	46.585	0.00	0.00	0	0
6356	-73.375	33.292	-4911.0	2.26	0.0440	0.634	46.507	0.00	0.00	0	0
6357	-73.292	33.292	-4976.0	2.27	0.0430	0.634	46.694	0.00	0.00	0	0
6358	-73.208	33.292	-5067.0	2.27	0.0430	0.437	46.510	0.00	0.00	0	0
6359	-73.125	33.292	-5263.5	2.26	0.0420	0.388	46.515	0.00	0.00	0	0
6360	-73.042	33.292	-5045.0	2.26	0.0410	0.393	46.713	0.00	0.00	0	0
6361	-72.958	33.292	-5052.0	2.26	0.0400	0.405	46.781	0.00	0.00	0	0
6362	-72.875	33.292	-5089.0	2.26	0.0390	0.405	46.764	0.00	0.00	0	0
6363	-72.792	33.292	-5120.0	2.26	0.0380	0.634	46.796	0.00	0.00	0	0
6364	-72.708	33.292	-5160.0	2.26	0.0370	0.636	46.832	0.00	0.00	0	0
6365	-72.625	33.292	-5198.0	2.27	0.0370	0.631	47.143	0.00	0.00	0	0
6366	-72.542	33.292	-5221.0	2.26	0.0370	0.538	47.801	0.00	0.00	0	0
6367	-72.458	33.292	-5248.0	2.26	0.0370	0.537	47.791	0.00	0.00	0	0
6368	-72.375	33.292	-5260.0	2.26	0.0370	0.537	47.662	0.00	0.00	0	0
6369	-72.292	33.292	-5263.0	2.26	0.0370	0.631	47.626	0.00	0.00	0	0
6370	-72.208	33.292	-5266.0	2.26	0.0380	0.631	47.580	0.00	0.00	0	0
6371	-72.125	33.292	-5281.5	2.27	0.0380	0.629	47.578	0.00	0.00	0	0
6372	-72.042	33.292	-5288.0	2.27	0.0360	0.627	47.366	0.00	0.00	0	0
6373	-71.958	33.292	-5298.0	2.28	0.0340	0.467	47.426	0.00	0.00	0	0
6374	-71.875	33.292	-5317.0	2.27	0.0310	0.472	47.472	0.00	0.00	0	0
6375	-71.792	33.292	-5333.0	2.27	0.0290	0.469	48.949	0.00	0.00	0	0
6376	-71.708	33.292	-5344.0	2.26	0.0280	0.468	48.927	0.00	0.00	0	0
6377	-71.625	33.292	-5354.0	2.27	0.0290	0.461	48.918	0.00	0.00	0	0
6378	-71.542	33.292	-5366.0	2.28	0.0290	0.461	48.946	0.00	0.00	0	0
6379	-71.458	33.292	-5377.0	2.28	0.0290	0.493	50.313	0.00	0.00	0	0
6380	-71.375	33.292	-5384.0	2.28	0.0290	0.388	49.851	0.00	0.00	0	0
6381	-71.292	33.292	-5386.5	2.28	0.0290	0.383	49.345	0.00	0.00	0	0
6382	-71.208	33.292	-5388.0	2.28	0.0290	0.291	50.317	0.00	0.00	0	0
6383	-71.125	33.292	-5395.0	2.28	0.0290	0.292	50.373	0.00	0.00	0	0
6384	-71.042	33.292	-5394.0	2.28	0.0290	0.291	49.985	0.00	0.00	0	0
6385	-77.958	33.375	-29.0	15.10	0.0290	0.176	53.731	0.00	1.38	49	36
6386	-77.875	33.375	-30.0	12.90	0.0310	0.200	57.939	0.00	2.47	53	45
6387	-77.792	33.375	-30.0	12.92	0.0350	0.200	54.880	0.00	7.27	54	45
6388	-77.708	33.375	-27.0	12.67	0.0440	0.227	55.565	0.00	16.40	64	53
6389	-77.625	33.375	-25.0	12.65	0.0480	0.237	55.577	0.00	47.48	76	66
6390	-77.542	33.375	-26.0	11.54	0.0480	0.236	57.878	0.00	20.84	58	45
6391	-77.458	33.375	-26.0	11.49	0.0470	0.228	58.411	0.00	56.89	68	58
6392	-77.375	33.375	-28.0	11.45	0.0450	0.225	53.227	0.00	31.24	65	53
6393	-77.292	33.375	-39.0	11.35	0.0540	0.228	54.065	0.00	31.05	54	40
6394	-77.208	33.375	-45.0	7.41	0.0670	0.160	54.815	0.00	71.22	35	27
6395	-77.125	33.375	-107.0	7.25	0.0750	0.155	53.969	0.00	21.29	10	4
6396	-77.042	33.375	-162.5	7.14	0.0800	0.152	54.103	0.00	7.31	3	2
6397	-76.958	33.375	-216.0	7.02	0.0780	0.157	56.464	0.00	5.82	4	0
6398	-76.875	33.375	-241.0	7.05	0.0860	0.348	56.444	0.00	49.19	12	7
6399	-76.792	33.375	-325.0	6.94	0.0990	0.351	53.968	0.00	127.13	18	8
6400	-76.708	33.375	-389.0	7.96	0.1150	0.225	54.002	0.00	29.73	3	0
6401	-76.625	33.375	-455.0	7.94	0.1280	0.325	53.464	0.00	70.71	10	3
6402	-76.542	33.375	-524.0	6.44	0.1400	0.280	50.627	0.00	43.54	5	0
6403	-76.458	33.375	-581.0	2.90	0.1530	0.327	48.867	23.10	153.09	19	5
6404	-76.375	33.375	-657.5	2.66	0.1630	0.832	49.664	427.72	837.49	55	35
6405	-76.292	33.375	-697.0	2.55	0.1610	0.676	47.617	313.01	533.92	42	26
6406	-76.208	33.375	-793.5	2.53	0.1420	0.960	47.518	697.46	649.45	69	49
6407	-76.125	33.375	-1155.0	2.59	0.1240	1.505	48.711	2093.41	1097.34	79	62
6408	-76.042	33.375	-1701.5	2.59	0.1100	1.090	48.194	888.28	190.85	24	6
6409	-75.958	33.375	-2447.0	2.58	0.0950	1.193	45.031	702.93	104.67	6	6
6410	-75.875	33.375	-2828.0	2.58	0.0930	1.171	45.233	431.29	65.73	4	3
6411	-75.792	33.375	-2989.0	2.56	0.0960	1.121	45.400	316.01	34.89	4	3
6412	-75.708	33.375	-3153.0	2.49	0.1010	1.139	45.752	442.70	43.16	5	2
6413	-75.625	33.375	-3212.5	2.39	0.1060	1.110	45.790	417.65	59.34	5	3
6414	-75.542	33.375	-3302.0	2.27	0.1050	0.809	45.982	87.57	10.14	1	1
6415	-75.458	33.375	-3399.0	2.26	0.1050	0.727	47.522	37.86	5.12	1	0
6416	-75.375	33.375	-3481.0	2.25	0.1030	0.555	47.741	35.58	4.84	1	0
6417	-75.292	33.375	-3542.0	2.24	0.1000	0.925	45.804	44.96	7.81	1	0
6418	-75.208	33.375	-3605.0	2.25	0.0960	1.015	45.689	170.88	12.52	1	1
6419	-75.125	33.375	-3677.0	2.25	0.0920	0.979	45.747	119.48	9.05	1	0
6420	-75.042	33.375	-3746.0	2.24	0.0870	0.985	45.856	168.69	12.76	2	0
6421	-74.958	33.375	-3829.0	2.25	0.0840	1.002	46.019	69.76	0.43	0	0
6422	-74.875	33.375	-3919.5	2.25	0.0820	1.001	46.188	42.21	0.18	0	0
6423	-74.792	33.375	-4002.0	2.25	0.0800	1.006	46.204	17.16	0.03	0	0
6424	-74.708	33.375	-4072.0	2.25	0.0770	1.148	46.831	0.00	0.00	0	0
6425	-74.625	33.375	-4156.0	2.25	0.0740	1.010	47.827	0.00	0.00	0	0
6426	-74.542	33.375	-4233.0	2.27	0.0710	0.853	47.338	0.00	0.00	0	0
6427	-74.458	33.375	-4304.0	2.30	0.0690	0.849	47.119	0.00	0.00	0	0
6428	-74.375	33.375	-4375.5	2.30	0.0680	0.847	46.893	0.00	0.00	0	0
6429	-74.292	33.375	-4434.0	2.31	0.0670	0.847	47.907	0.00	0.00	0	0
6430	-74.208	33.375	-4518.0	2.31	0.0670	0.829	47.810	0.00	0.00	0	0
6431	-74.125	33.375	-4577.0	2.31	0.0660	0.717	48.047	0.00	0.00	0	0
6432	-74.042	33.375	-4608.0	2.31	0.0650	0.716	47.776	0.00	0.00	0	0
6433	-73.958	33.375	-4623.0	2.30	0.0640	0.805	47.703	0.00	0.00	0	0
6434	-73.875	33.375	-4653.0	2.26	0.0630	0.801	47.885	0.00	0.00	0	0
6435	-73.792	33.375	-4670.0	2.26	0.0620	0.792	47.125	0.00	0.00	0	0
6436	-73.708	33.375	-4674.0	2.26	0.0600	0.789	47.375	0.00	0.00	0	0
6437	-73.625	33.375	-4721.0	2.26	0.0570	0.650	47.293	0.00	0.00	0	0
6438	-73.542	33.375	-4762.0	2.26	0.0530	0.786	46.703	0.00	0.00	0	0
6439	-73.458	33.375	-4805.0	2.26	0.0490	0.640	46.621	0.00	0.00	0	0
6440	-73.375	33.375	-4854.0	2.26	0.0460	0.637	46.586	0.00	0.00	0	0
6441	-73.292	33.375	-4907.0	2.26	0.0440	0.639	46.509	0.00	0.00	0	0
6442	-73.208	33.375	-4999.5	2.27	0.0430	0.633	46.715	0.00	0.00	0	0
6443	-73.125	33.375	-5114.0	2.26	0.0430	0.633	46.785	0.00	0.00	0	0
6444	-73.042	33.375	-4937.0	2.26	0.0420	0.630	46.573	0.00	0.00	0	0
6445	-72.958	33.375	-4961.0	2.26	0.0410	0.628	46.750	0.00	0.00	0	0
6446	-72.875	33.375	-5010.0	2.26	0.0400	0.631	46.818	0.00	0.00	0	0
6447	-72.792	33.375	-5069.0	2.26	0.0380	0.552	46.786	0.00	0.00	0	0
6448	-72.708	33.375	-5118.5	2.27	0.0370	0.552	46.826	0.00	0.00	0	0
6449	-72.625	33.375	-5161.0	2.26	0.0370	0.537	46.910	0.00	0.00	0	0
6450	-72.542	33.375	-5204.0	2.26	0.0370	0.539	46.902	0.00	0.00	0	0
6451	-72.458	33.375	-5228.0	2.27	0.0370	0.537	47.767	0.00	0.00	0	0
6452	-72.375	33.375	-5248.0	2.26	0.0370	0.538	47.633	0.00	0.00	0	0
6453	-72.292	33.375	-5257.0	2.27	0.0370	0.631	47.795	0.00	0.00	0	0
6454	-72.208	33.375	-5258.0	2.27	0.0370	0.632	47.612	0.00	0.00	0	0
6455	-72.125	33.375	-5262.0	2.27	0.0370	0.630	47.526	0.00	0.00	0	0
6456	-72.042	33.375	-5290.0	2.27	0.0350	0.629	47.087	0.00	0.00	0	0
6457	-71.958	33.375	-5302.0	2.28	0.0320	0.627	47.390	0.00	0.00	0	0
6458	-71.875	33.375	-5314.0	2.27	0.0280	0.453	47.441	0.00	0.00	0	0
6459	-71.792	33.375	-5324.0	2.27	0.0280	0.463	48.206	0.00	0.00	0	0
6460	-71.708	33.375	-5340.0	2.27	0.0280	0.453	48.239	0.00	0.00	0	0
6461	-71.625	33.375	-5346.0	2.27	0.0280	0.466	48.858	0.00	0.00	0	0
6462	-71.542	33.375	-5360.0	2.27	0.0290	0.463	48.273	0.00	0.00	0	0
6463	-71.458	33.375	-5369.0	2.28	0.0290	0.502	48.277	0.00	0.00	0	0
6464	-71.375	33.375	-5378.5	2.28	0.0290	0.449	48.723	0.00	0.00	0	0
6465	-71.292	33.375	-5382.0	2.28	0.0290	0.379	49.849	0.00	0.00	0	0
6466	-71.208	33.375	-5389.0	2.28	0.0290	0.378	49.914	0.00	0.00	0	0
6467	-71.125	33.375	-5390.0	2.28	0.0290	0.371	50.327	0.00	0.00	0	0
6468	-71.042	33.375	-5400.0	2.28	0.0290	0.290	49.909	0.00	0.00	0	0
6469	-77.958	33.458	-27.0	15.18	0.0270	0.193	55.878	0.00	0.00	0	0
6470	-77.875	33.458	-27.0	15.16	0.0280	0.196	55.889	0.00	1.95	57	51
6471	-77.792	33.458	-27.0	15.11	0.0310	0.206	53.688	0.00	5.15	51	47
6472	-77.708	33.458	-26.0	12.92	0.0350	0.213	54.866	0.00	0.00	0	0
6473	-77.625	33.458	-23.0	15.06	0.0410	0.240	56.705	0.00	0.00	0	0
6474	-77.542	33.458	-22.0	12.67	0.0460	0.300	56.783	0.00	0.00	0	0
6475	-77.458	33.458	-26.0	11.56	0.0470	0.229	53.926	0.00	27.96	62	49
6476	-77.375	33.458	-33.0	13.54	0.0450	0.220	60.028	0.00	0.00	0	0
6477	-77.292	33.458	-38.0	11.45	0.0450	0.227	59.942	0.00	10.99	48	35
6478	-77.208	33.458	-41.0	9.27	0.0590	0.154	56.716	0.00	46.16	45	37
6479	-77.125	33.458	-43.0	7.33	0.0690	0.146	56.964	0.00	34.81	38	28
6480	-77.042	33.458	-54.0	7.19	0.0740	0.060	56.973	0.00	0.00	4	4
6481	-76.958	33.458	-147.5	7.06	0.0800	0.145	61.282	0.00	19.47	5	2
6482	-76.875	33.458	-204.0	6.92	0.0830	0.209	56.550	0.00	4.88	7	1
6483	-76.792	33.458	-227.5	6.96	0.0950	0.350	56.510	0.00	83.91	13	10
6484	-76.708	33.458	-306.5	6.85	0.1070	0.355	56.703	0.00	91.73	12	5
6485	-76.625	33.458	-405.0	7.91	0.1200	0.227	56.503	0.00	18.98	2	0
6486	-76.542	33.458	-471.0	7.87	0.1320	0.322	52.132	0.00	69.76	10	2
6487	-76.458	33.458	-527.0	2.91	0.1450	0.230	50.292	0.00	1.23	0	0
6488	-76.375	33.458	-586.0	2.91	0.1540	0.645	48.925	145.60	615.46	43	29
6489	-76.292	33.458	-658.0	2.73	0.1540	0.898	49.674	304.79	832.00	59	35
6490	-76.208	33.458	-705.0	2.53	0.1440	0.971	47.503	638.04	817.53	60	35
6491	-76.125	33.458	-901.0	2.46	0.1260	1.262	45.562	1606.93	897.04	70	53
6492	-76.042	33.458	-1410.0	2.55	0.1100	1.345	48.180	1828.29	644.42	52	35
6493	-75.958	33.458	-2238.5	2.58	0.0930	1.458	45.515	1715.61	269.66	25	14
6494	-75.875	33.458	-2787.5	2.58	0.0850	1.461	45.072	373.21	53.66	3	3
6495	-75.792	33.458	-2960.0	2.57	0.0880	1.138	45.260	386.90	43.22	4	2
6496	-75.708	33.458	-3076.0	2.55	0.0930	1.130	45.431	419.90	48.95	4	3
6497	-75.625	33.458	-3188.0	2.47	0.0990	1.121	45.700	394.41	34.87	4	2
6498	-75.542	33.458	-3218.0	2.36	0.1030	1.007	47.337	369.45	30.40	3	2
6499	-75.458	33.458	-3301.5	2.27	0.1030	0.803	45.970	78.82	9.62	1	0
6500	-75.375	33.458	-3414.0	2.26	0.1030	0.943	47.506	41.54	6.22	1	0
6501	-75.292	33.458	-3482.5	2.25	0.1010	0.925	45.667	43.68	5.25	1	0
6502	-75.208	33.458	-3567.0	2.25	0.0980	0.925	45.775	45.67	5.98	1	0
6503	-75.125	33.458	-3648.0	2.25	0.0940	0.980	46.100	96.93	11.22	1	1
6504	-75.042	33.458	-3707.0	2.25	0.0890	0.983	45.676	190.61	20.03	2	1
6505	-74.958	33.458	-3782.0	2.25	0.0850	1.000	45.837	92.12	5.74	1	0
6506	-74.875	33.458	-3862.0	2.25	0.0820	1.003	45.993	50.46	0.30	0	0
6507	-74.792	33.458	-3937.5	2.25	0.0800	1.005	46.103	40.40	0.16	0	0
6508	-74.708	33.458	-4023.0	2.25	0.0780	1.007	46.297	7.71	0.01	0	0
6509	-74.625	33.458	-4099.0	2.25	0.0760	1.013	47.035	0.00	0.00	0	0
6510	-74.542	33.458	-4181.5	2.27	0.0730	0.939	48.073	0.00	0.00	0	0
6511	-74.458	33.458	-4268.0	2.27	0.0710	0.869	48.051	0.00	0.00	0	0
6512	-74.375	33.458	-4353.0	2.30	0.0690	0.846	47.106	0.00	0.00	0	0
6513	-74.292	33.458	-4429.0	2.30	0.0680	0.845	46.887	0.00	0.00	0	0
6514	-74.208	33.458	-4506.0	2.31	0.0680	0.845	47.857	0.00	0.00	0	0
6515	-74.125	33.458	-4559.0	2.31	0.0670	0.827	48.216	0.00	0.00	0	0
6516	-74.042	33.458	-4594.0	2.31	0.0660	0.714	48.427	0.00	0.00	0	0
6517	-73.958	33.458	-4593.0	2.30	0.0660	0.714	47.762	0.00	0.00	0	0
6518	-73.875	33.458	-4630.0	2.30	0.0650	0.803	47.699	0.00	0.00	0	0
6519	-73.792	33.458	-4593.0	2.26	0.0630	0.654	48.052	0.00	0.00	0	0
6520	-73.708	33.458	-4623.0	2.26	0.0620	0.653	47.091	0.00	0.00	0	0
6521	-73.625	33.458	-4671.0	2.26	0.0590	0.787	47.359	0.00	0.00	0	0
6522	-73.542	33.458	-4704.0	2.26	0.0540	0.786	47.283	0.00	0.00	0	0
6523	-73.458	33.458	-4751.0	2.26	0.0510	0.646	46.690	0.00	0.00	0	0
6524	-73.375	33.458	-4803.0	2.26	0.0480	0.642	46.623	0.00	0.00	0	0
6525	-73.292	33.458	-4854.5	2.26	0.0460	0.639	46.568	0.00	0.00	0	0
6526	-73.208	33.458	-4946.5	2.26	0.0450	0.634	46.740	0.00	0.00	0	0
6527	-73.125	33.458	-5075.5	2.27	0.0440	0.633	46.857	0.00	0.00	0	0
6528	-73.042	33.458	-4864.0	2.26	0.0440	0.632	46.826	0.00	0.00	0	0
6529	-72.958	33.458	-4871.0	2.26	0.0430	0.633	46.735	0.00	0.00	0	0
6530	-72.875	33.458	-4939.5	2.26	0.0410	0.638	46.828	0.00	0.00	0	0
6531	-72.792	33.458	-5004.0	2.26	0.0390	0.637	46.805	0.00	0.00	0	0
6532	-72.708	33.458	-5066.5	2.27	0.0370	0.634	46.805	0.00	0.00	0	0
6533	-72.625	33.458	-5112.0	2.27	0.0370	0.552	46.852	0.00	0.00	0	0
6534	-72.542	33.458	-5158.0	2.26	0.0370	0.537	47.337	0.00	0.00	0	0
6535	-72.458	33.458	-5210.0	2.26	0.0370	0.539	47.720	0.00	0.00	0	0
6536	-72.375	33.458	-5229.5	2.27	0.0370	0.632	47.752	0.00	0.00	0	0
6537	-72.292	33.458	-5245.5	2.26	0.0370	0.632	47.672	0.00	0.00	0	0
6538	-72.208	33.458	-5254.0	2.26	0.0370	0.634	47.841	0.00	0.00	0	0
6539	-72.125	33.458	-5260.0	2.26	0.0360	0.633	47.676	0.00	0.00	0	0
6540	-72.042	33.458	-5294.0	2.27	0.0340	0.632	47.033	0.00	0.00	0	0
6541	-71.958	33.458	-5311.0	2.26	0.0300	0.628	47.356	0.00	0.00	0	0
6542	-71.875	33.458	-5318.0	2.27	0.0280	0.629	47.412	0.00	0.00	0	0
6543	-71.792	33.458	-5322.0	2.27	0.0280	0.459	47.461	0.00	0.00	0	0
6544	-71.708	33.458	-5330.0	2.27	0.0280	0.451	48.229	0.00	0.00	0	0
6545	-71.625	33.458	-5340.0	2.27	0.0280	0.453	48.165	0.00	0.00	0	0
6546	-71.542	33.458	-5347.0	2.27	0.0280	0.461	48.242	0.00	0.00	0	0
6547	-71.458	33.458	-5362.0	2.27	0.0290	0.464	48.201	0.00	0.00	0	0
6548	-71.375	33.458	-5370.0	2.28	0.0290	0.448	48.252	0.00	0.00	0	0
6549	-71.292	33.458	-5379.0	2.28	0.0290	0.384	49.800	0.00	0.00	0	0
6550	-71.208	33.458	-5382.0	2.28	0.0290	0.381	49.847	0.00	0.00	0	0
6551	-71.125	33.458	-5388.0	2.28	0.0290	0.374	49.925	0.00	0.00	0	0
6552	-71.042	33.458	-5396.0	2.28	0.0280	0.373	50.328	0.00	0.00	0	0
6553	-77.958	33.542	-23.0	14.41	0.0270	0.092	57.278	0.00	0.00	0	0
6554	-77.875	33.542	-24.0	15.23	0.0270	0.121	55.869	0.00	0.00	57	54
6555	-77.792	33.542	-22.0	15.21	0.0260	0.157	55.882	0.00	6.90	0	0
6556	-77.708	33.542	-17.0	15.19	0.0310	0.166	55.887	0.00	0.00	0	0
6557	-77.625	33.542	-16.0	15.17	0.0340	0.186	58.867	0.00	0.00	0	0
6558	-77.542	33.542	-25.0	15.05	0.0380	0.193	57.925	0.00	0.00	0	0
6559	-77.458	33.542	-29.0	12.65	0.0400	0.215	53.000	0.00	7.16	54	45
6560	-77.375	33.542	-31.0	11.56	0.0420	0.201	56.632	0.00	4.78	39	34
6561	-77.292	33.542	-34.0	11.51	0.0430	0.190	57.433	0.00	4.36	51	47
6562	-77.208	33.542	-38.0	11.50	0.0560	0.102	57.613	0.00	5.41	33	30
6563	-77.125	33.542	-39.0	9.23	0.0610	0.086	56.913	0.00	0.84	25	23
6564	-77.042	33.542	-41.0	7.26	0.0640	0.146	58.253	0.00	27.49	36	27
6565	-76.958	33.542	-55.0	7.14	0.0680	0.190	61.072	0.00	0.00	12	8
6566	-76.875	33.542	-131.0	5.42	0.0750	0.090	59.510	0.00	0.00	0	0
6567	-76.792	33.542	-191.0	5.30	0.0870	0.191	58.640	0.00	11.36	2	1
6568	-76.708	33.542	-226.5	6.84	0.1010	0.430	57.835	0.00	27.49	7	0
6569	-76.625	33.542	-307.0	6.81	0.1140	0.203	56.345	0.00	20.76	4	0
6570	-76.542	33.542	-397.0	6.60	0.1270	0.355	56.455	0.00	72.72	13	3
6571	-76.458	33.542	-477.0	2.98	0.1390	0.269	47.500	0.00	17.04	1	0
6572	-76.375	33.542	-521.0	2.92	0.1500	0.423	50.162	22.68	255.23	25	13
6573	-76.292	33.542	-602.0	2.73	0.1520	0.736	48.923	154.83	528.81	44	30
6574	-76.208	33.542	-656.5	2.54	0.1420	1.029	48.711	463.13	850.85	61	35
6575	-76.125	33.542	-757.0	2.46	0.1280	1.344	47.385	1179.17	1103.06	73	53
6576	-76.042	33.542	-1100.0	2.74	0.1110	1.415	48.661	1625.53	941.91	66	45
6577	-75.958	33.542	-1787.5	2.67	0.0950	1.454	46.077	1987.78	404.18	35	22
6578	-75.875	33.542	-2679.5	2.58	0.0830	1.457	45.580	363.88	60.06	4	4
6579	-75.792	33.542	-2922.0	2.58	0.0830	1.463	45.732	355.16	51.52	3	2
6580	-75.708	33.542	-3038.5	2.56	0.0860	1.467	45.333	376.85	46.97	3	2
6581	-75.625	33.542	-3151.0	2.48	0.0920	1.433	45.434	432.76	47.94	3	2
6582	-75.542	33.542	-3173.0	2.39	0.0980	1.123	45.829	482.95	58.88	5	3
6583	-75.458	33.542	-3234.0	2.24	0.1000	1.015	47.500	0.00	0.00	0	0
6584	-75.375	33.542	-3348.5	2.27	0.1020	0.729	45.926	33.54	0.39	0	0
6585	-75.292	33.542	-3431.0	2.26	0.1030	0.944	47.494	41.99	5.30	1	0
6586	-75.208	33.542	-3514.0	2.25	0.1010	0.926	45.457	43.95	3.76	1	0
6587	-75.125	33.542	-3582.0	2.25	0.0970	0.862	45.559	0.00	0.00	0	0
6588	-75.042	33.542	-3657.0	2.24	0.0920	0.980	46.028	93.58	10.33	1	0
6589	-74.958	33.542	-3722.0	2.25	0.0880	0.983	46.157	0.00	0.00	0	0
6590	-74.875	33.542	-3797.0	2.25	0.0840	0.985	45.765	24.39	0.00	0	0
6591	-74.792	33.542	-3881.0	2.25	0.0820	1.004	45.960	60.65	1.27	0	0
6592	-74.708	33.542	-3970.0	2.25	0.0800	1.005	46.100	0.00	0.00	0	0
6593	-74.625	33.542	-4047.5	2.25	0.0780	1.004	46.309	5.33	0.01	0	0
6594	-74.542	33.542	-4143.0	2.25	0.0750	1.006	47.647	0.00	0.00	0	0
6595	-74.458	33.542	-4254.5	2.27	0.0720	0.848	50.000	0.00	0.00	0	0
6596	-74.375	33.542	-4367.0	2.28	0.0710	0.844	47.553	0.00	0.00	0	0
6597	-74.292	33.542	-4433.0	2.30	0.0690	0.841	47.278	0.00	0.00	0	0
6598	-74.208	33.542	-4494.0	2.31	0.0690	0.841	46.196	0.00	0.00	0	0
6599	-74.125	33.542	-4540.0	2.31	0.0680	0.841	47.853	0.00	0.00	0	0
6600	-74.042	33.542	-4542.0	2.31	0.0670	0.824	48.209	0.00	0.00	0	0
6601	-73.958	33.542	-4551.5	2.31	0.0670	0.710	47.841	0.00	0.00	0	0
6602	-73.875	33.542	-4584.0	2.30	0.0660	0.706	47.753	0.00	0.00	0	0
6603	-73.792	33.542	-4537.0	2.26	0.0650	0.707	47.768	0.00	0.00	0	0
6604	-73.708	33.542	-4573.0	2.26	0.0640	0.796	48.081	0.00	0.00	0	0
6605	-73.625	33.542	-4610.0	2.26	0.0610	0.792	47.425	0.00	0.00	0	0
6606	-73.542	33.542	-4653.0	2.26	0.0560	0.787	47.347	0.00	0.00	0	0
6607	-73.458	33.542	-4697.0	2.27	0.0520	0.649	47.261	0.00	0.00	0	0
6608	-73.375	33.542	-4755.5	2.26	0.0500	0.645	46.676	0.00	0.00	0	0
6609	-73.292	33.542	-4811.0	2.26	0.0480	0.642	46.622	0.00	0.00	0	0
6610	-73.208	33.542	-4866.0	2.26	0.0470	0.638	46.573	0.00	0.00	0	0
6611	-73.125	33.542	-5060.0	2.27	0.0460	0.541	46.777	0.00	0.00	0	0
6612	-73.042	33.542	-4804.5	2.26	0.0460	0.539	47.557	0.00	0.00	0	0
6613	-72.958	33.542	-4778.0	2.26	0.0450	0.629	46.881	0.00	0.00	0	0
6614	-72.875	33.542	-4839.0	2.26	0.0430	0.634	47.005	0.00	0.00	0	0
6615	-72.792	33.542	-4914.5	2.26	0.0410	0.539	46.819	0.00	0.00	0	0
6616	-72.708	33.542	-4984.0	2.27	0.0390	0.768	46.806	0.00	0.00	0	0
6617	-72.625	33.542	-5057.0	2.27	0.0380	0.690	46.834	0.00	0.00	0	0
6618	-72.542	33.542	-5109.0	2.27	0.0370	0.551	46.862	0.00	0.00	0	0
6619	-72.458	33.542	-5144.0	2.27	0.0370	0.552	47.908	0.00	0.00	0	0
6620	-72.375	33.542	-5187.5	2.26	0.0370	0.554	47.718	0.00	0.00	0	0
6621	-72.292	33.542	-5222.0	2.27	0.0370	0.632	47.125	0.00	0.00	0	0
6622	-72.208	33.542	-5229.0	2.26	0.0370	0.633	48.166	0.00	0.00	0	0
6623	-72.125	33.542	-5238.5	2.26	0.0360	0.633	48.074	0.00	0.00	0	0
6624	-72.042	33.542	-5276.0	2.26	0.0340	0.632	47.151	0.00	0.00	0	0
6625	-71.958	33.542	-5300.5	2.26	0.0310	0.632	47.109	0.00	0.00	0	0
6626	-71.875	33.542	-5317.0	2.26	0.0300	0.628	47.381	0.00	0.00	0	0
6627	-71.792	33.542	-5323.0	2.28	0.0290	0.628	47.440	0.00	0.00	0	0
6628	-71.708	33.542	-5329.0	2.27	0.0280	0.629	48.228	0.00	0.00	0	0
6629	-71.625	33.542	-5339.0	2.27	0.0280	0.464	48.165	0.00	0.00	0	0
6630	-71.542	33.542	-5343.0	2.27	0.0280	0.458	48.156	0.00	0.00	0	0
6631	-71.458	33.542	-5354.0	2.23	0.0290	0.452	47.500	0.00	0.00	0	0
6632	-71.375	33.542	-5362.0	2.28	0.0290	0.485	48.285	0.00	0.00	0	0
6633	-71.292	33.542	-5371.0	2.28	0.0290	0.468	48.391	0.00	0.00	0	0
6634	-71.208	33.542	-5375.0	2.28	0.0280	0.390	48.793	0.00	0.00	0	0
6635	-71.125	33.542	-5378.0	2.28	0.0280	0.384	49.882	0.00	0.00	0	0
6636	-71.042	33.542	-5382.0	2.28	0.0280	0.377	49.933	0.00	0.00	0	0
6637	-77.958	33.625	-17.0	14.47	0.0270	0.158	57.231	0.00	0.00	0	0
6638	-77.875	33.625	-11.0	14.56	0.0270	0.030	57.284	0.00	0.00	0	0
6639	-77.792	33.625	-11.0	14.52	0.0270	0.104	57.321	0.00	0.00	0	0
6640	-77.708	33.625	-15.0	15.50	0.0270	0.148	55.874	0.00	0.00	0	0
6641	-77.625	33.625	-23.0	15.55	0.0300	0.181	56.713	0.00	0.00	0	0
6642	-77.542	33.625	-26.0	15.18	0.0300	0.186	55.177	0.00	2.24	58	41
6643	-77.458	33.625	-32.0	15.17	0.0300	0.209	56.246	0.00	9.51	54	45
6644	-77.375	33.625	-31.0	15.10	0.0330	0.260	57.395	0.00	0.00	0	0
6645	-77.292	33.625	-32.0	13.55	0.0370	0.211	57.659	0.00	6.84	42	38
6646	-77.208	33.625	-34.0	11.51	0.0420	0.189	57.732	0.00	3.56	39	34
6647	-77.125	33.625	-37.0	11.45	0.0470	0.095	58.332	0.00	0.35	29	27
6648	-77.042	33.625	-39.0	11.26	0.0490	0.040	57.828	0.00	0.00	34	34
6649	-76.958	33.625	-40.0	7.18	0.0550	0.098	59.394	0.00	2.24	28	26
6650	-76.875	33.625	-61.0	7.06	0.0600	0.152	59.015	0.00	15.50	14	12
6651	-76.792	33.625	-128.0	5.35	0.0790	0.150	58.843	0.00	2.83	2	1
6652	-76.708	33.625	-182.0	5.21	0.0930	0.168	58.959	0.00	8.84	3	0
6653	-76.625	33.625	-225.0	6.59	0.1100	0.266	57.087	0.00	41.83	9	3
6654	-76.542	33.625	-309.5	6.63	0.1250	0.208	55.638	0.00	27.88	4	0
6655	-76.458	33.625	-404.0	4.39	0.1370	0.264	57.263	0.00	18.71	2	0
6656	-76.375	33.625	-476.0	2.98	0.1490	0.278	49.992	0.00	11.05	1	0
6657	-76.292	33.625	-533.0	2.97	0.1550	0.533	50.119	13.93	180.27	19	9
6658	-76.208	33.625	-614.0	2.61	0.1450	1.017	48.845	323.13	879.36	63	37
6659	-76.125	33.625	-685.0	2.59	0.1330	1.356	48.772	981.87	1229.32	72	58
6660	-76.042	33.625	-850.5	2.75	0.1160	1.554	47.417	1351.70	1206.78	75	62
6661	-75.958	33.625	-1383.0	2.73	0.1000	1.459	46.082	1706.23	507.38	38	32
6662	-75.875	33.625	-2244.5	2.68	0.0860	1.539	45.446	941.83	182.32	13	10
6663	-75.792	33.625	-2877.0	2.54	0.0840	1.330	45.678	603.97	53.25	5	4
6664	-75.708	33.625	-3013.0	2.57	0.0860	1.318	45.809	536.75	64.81	5	4
6665	-75.625	33.625	-3121.0	2.55	0.0900	1.473	45.327	444.90	50.98	3	3
6666	-75.542	33.625	-3137.0	2.39	0.0960	1.147	45.603	465.71	59.32	4	3
6667	-75.458	33.625	-3198.0	2.35	0.0990	1.023	45.821	298.23	41.36	4	3
6668	-75.375	33.625	-3288.0	2.27	0.1020	0.808	47.310	0.00	0.00	0	0
6669	-75.292	33.625	-3362.5	2.27	0.1030	0.943	47.299	37.31	0.38	0	0
6670	-75.208	33.625	-3444.0	2.25	0.1030	0.944	47.133	0.00	0.00	0	0
6671	-75.125	33.625	-3517.0	2.25	0.1000	0.926	45.309	44.08	2.61	0	0
6672	-75.042	33.625	-3600.0	2.24	0.0950	0.864	45.493	32.70	0.21	0	0
6673	-74.958	33.625	-3657.0	2.25	0.0900	0.981	45.846	61.02	8.12	1	0
6674	-74.875	33.625	-3731.0	2.25	0.0860	0.983	46.066	0.00	0.00	0	0
6675	-74.792	33.625	-3823.5	2.25	0.0840	0.999	46.265	65.36	5.53	1	0
6676	-74.708	33.625	-3920.0	2.25	0.0820	1.002	46.448	77.72	1.51	0	0
6677	-74.625	33.625	-4017.0	2.25	0.0800	1.144	46.110	38.88	0.14	0	0
6678	-74.542	33.625	-4135.0	2.25	0.0770	1.144	46.333	0.00	0.00	0	0
6679	-74.458	33.625	-4281.0	2.27	0.0740	0.872	47.911	0.00	0.00	0	0
6680	-74.375	33.625	-4370.5	2.27	0.0720	0.866	48.303	0.00	0.00	0	0
6681	-74.292	33.625	-4427.0	2.28	0.0710	0.841	47.347	0.00	0.00	0	0
6682	-74.208	33.625	-4440.0	2.30	0.0700	0.861	47.142	0.00	0.00	0	0
6683	-74.125	33.625	-4456.0	2.31	0.0700	0.839	46.392	0.00	0.00	0	0
6684	-74.042	33.625	-4487.0	2.31	0.0690	0.840	48.575	0.00	0.00	0	0
6685	-73.958	33.625	-4516.0	2.31	0.0680	0.822	48.580	0.00	0.00	0	0
6686	-73.875	33.625	-4502.0	2.31	0.0670	0.819	47.824	0.00	0.00	0	0
6687	-73.792	33.625	-4494.0	2.30	0.0660	0.707	47.738	0.00	0.00	0	0
6688	-73.708	33.625	-4527.0	2.26	0.0640	0.708	47.910	0.00	0.00	0	0
6689	-73.625	33.625	-4559.0	2.26	0.0620	0.799	48.076	0.00	0.00	0	0
6690	-73.542	33.625	-4607.0	2.26	0.0570	0.794	47.408	0.00	0.00	0	0
6691	-73.458	33.625	-4663.0	2.27	0.0540	0.789	47.330	0.00	0.00	0	0
6692	-73.375	33.625	-4724.0	2.26	0.0520	0.642	47.229	0.00	0.00	0	0
6693	-73.292	33.625	-4743.0	2.26	0.0500	0.643	47.190	0.00	0.00	0	0
6694	-73.208	33.625	-4803.0	2.26	0.0500	0.641	46.640	0.00	0.00	0	0
6695	-73.125	33.625	-5026.5	2.26	0.0490	0.436	46.803	0.00	0.00	0	0
6696	-73.042	33.625	-4982.0	2.26	0.0490	0.625	46.880	0.00	0.00	0	0
6697	-72.958	33.625	-4724.0	2.26	0.0480	0.631	47.599	0.00	0.00	0	0
6698	-72.875	33.625	-4740.5	2.26	0.0470	0.636	47.663	0.00	0.00	0	0
6699	-72.792	33.625	-4823.5	2.26	0.0440	0.765	47.366	0.00	0.00	0	0
6700	-72.708	33.625	-4892.0	2.26	0.0420	0.766	46.844	0.00	0.00	0	0
6701	-72.625	33.625	-4968.0	2.27	0.0390	0.771	46.835	0.00	0.00	0	0
6702	-72.542	33.625	-5032.0	2.27	0.0380	0.767	46.857	0.00	0.00	0	0
6703	-72.458	33.625	-5081.0	2.26	0.0370	0.552	47.322	0.00	0.00	0	0
6704	-72.375	33.625	-5131.0	2.26	0.0370	0.549	47.286	0.00	0.00	0	0
6705	-72.292	33.625	-5167.0	2.27	0.0370	0.555	47.678	0.00	0.00	0	0
6706	-72.208	33.625	-5184.0	2.26	0.0370	0.629	47.939	0.00	0.00	0	0
6707	-72.125	33.625	-5195.0	2.26	0.0360	0.630	47.757	0.00	0.00	0	0
6708	-72.042	33.625	-5245.0	2.26	0.0340	0.634	47.866	0.00	0.00	0	0
6709	-71.958	33.625	-5274.0	2.26	0.0320	0.629	47.033	0.00	0.00	0	0
6710	-71.875	33.625	-5299.0	2.26	0.0310	0.631	47.091	0.00	0.00	0	0
6711	-71.792	33.625	-5314.5	2.27	0.0300	0.631	47.418	0.00	0.00	0	0
6712	-71.708	33.625	-5321.0	2.27	0.0290	0.627	47.759	0.00	0.00	0	0
6713	-71.625	33.625	-5337.0	2.27	0.0280	0.459	48.214	0.00	0.00	0	0
6714	-71.542	33.625	-5344.0	2.27	0.0280	0.461	48.174	0.00	0.00	0	0
6715	-71.458	33.625	-5343.0	2.26	0.0280	0.450	48.155	0.00	0.00	0	0
6716	-71.375	33.625	-5350.0	2.27	0.0280	0.441	48.200	0.00	0.00	0	0
6717	-71.292	33.625	-5358.0	2.28	0.0280	0.440	48.350	0.00	0.00	0	0
6718	-71.208	33.625	-5364.0	2.28	0.0280	0.463	48.847	0.00	0.00	0	0
6719	-71.125	33.625	-5367.0	2.28	0.0280	0.383	48.813	0.00	0.00	0	0
6720	-71.042	33.625	-5371.0	2.28	0.0280	0.383	49.893	0.00	0.00	0	0
6721	-77.958	33.708	-12.0	15.13	0.0270	0.212	51.623	0.00	0.00	0	0
6722	-77.875	33.708	-11.0	14.80	0.0270	0.207	54.219	0.00	0.00	0	0
6723	-77.792	33.708	-15.0	14.78	0.0270	0.194	55.826	0.00	0.00	0	0
6724	-77.708	33.708	-22.0	14.83	0.0270	0.166	55.166	0.00	0.00	0	0
6725	-77.625	33.708	-25.0	14.65	0.0270	0.164	55.365	0.00	0.00	0	0
6726	-77.542	33.708	-29.0	15.52	0.0270	0.141	56.183	0.00	1.61	52	43
6727	-77.458	33.708	-29.0	15.33	0.0260	0.164	56.844	0.00	0.75	54	44
6728	-77.375	33.708	-29.0	15.30	0.0270	0.165	57.564	0.00	1.93	53	48
6729	-77.292	33.708	-32.0	15.13	0.0330	0.156	57.792	0.00	2.34	56	48
6730	-77.208	33.708	-34.0	14.21	0.0360	0.169	57.348	0.00	0.49	44	43
6731	-77.125	33.708	-35.0	11.54	0.0400	0.092	58.130	0.00	0.00	39	38
6732	-77.042	33.708	-37.0	11.35	0.0420	0.092	57.512	0.00	2.04	37	35
6733	-76.958	33.708	-40.0	9.05	0.0450	0.080	57.987	0.00	0.00	23	20
6734	-76.875	33.708	-42.0	9.72	0.0530	0.094	57.336	0.00	0.92	26	25
6735	-76.792	33.708	-47.0	6.86	0.0690	0.150	56.900	0.00	19.88	20	15
6736	-76.708	33.708	-88.5	3.12	0.0900	0.175	57.736	0.00	17.08	5	3
6737	-76.625	33.708	-172.0	3.12	0.1070	0.194	58.280	0.00	9.44	3	1
6738	-76.542	33.708	-221.0	3.11	0.1220	0.239	56.428	0.00	30.08	6	1
6739	-76.458	33.708	-280.0	6.55	0.1340	0.227	55.558	0.00	16.83	2	0
6740	-76.375	33.708	-421.0	2.98	0.1480	0.280	55.962	0.00	26.75	3	0
6741	-76.292	33.708	-491.0	2.87	0.1540	0.514	50.664	10.01	198.51	20	8
6742	-76.208	33.708	-540.0	2.86	0.1540	0.991	50.155	167.00	863.76	51	32
6743	-76.125	33.708	-625.0	2.60	0.1400	1.243	48.715	493.87	1116.63	64	45
6744	-76.042	33.708	-717.0	2.74	0.1230	1.360	48.493	847.84	1158.10	73	53
6745	-75.958	33.708	-1044.5	2.74	0.1070	1.471	48.605	1367.79	842.01	65	43
6746	-75.875	33.708	-1641.5	2.68	0.0930	1.601	45.985	1753.52	359.84	32	24
6747	-75.792	33.708	-2714.5	2.55	0.0880	1.503	45.533	484.83	65.87	4	4
6748	-75.708	33.708	-2963.0	2.54	0.0870	1.560	45.653	467.40	49.08	4	4
6749	-75.625	33.708	-3080.0	2.56	0.0900	1.313	45.130	673.39	80.80	5	5
6750	-75.542	33.708	-3098.0	2.48	0.0950	1.184	45.279	674.01	76.95	5	4
6751	-75.458	33.708	-3146.0	2.38	0.0980	1.432	45.591	624.95	66.53	5	5
6752	-75.375	33.708	-3208.0	2.27	0.1020	0.818	47.251	39.94	0.00	0	0
6753	-75.292	33.708	-3302.0	2.27	0.1030	0.745	47.262	0.00	0.00	0	0
6754	-75.208	33.708	-3379.0	2.26	0.1030	0.943	47.246	40.77	3.25	0	0
6755	-75.125	33.708	-3450.5	2.25	0.1020	0.944	47.263	41.05	1.30	0	0
6756	-75.042	33.708	-3537.0	2.24	0.0980	0.926	45.334	42.15	0.75	0	0
6757	-74.958	33.708	-3607.5	2.24	0.0930	0.980	45.306	60.39	5.45	1	0
6758	-74.875	33.708	-3674.0	2.25	0.0880	0.980	45.757	61.17	4.61	1	0
6759	-74.792	33.708	-3782.5	2.24	0.0860	1.000	46.021	18.05	0.00	0	0
6760	-74.708	33.708	-3906.0	2.25	0.0840	1.003	46.188	41.68	0.19	0	0
6761	-74.625	33.708	-4038.0	2.25	0.0820	1.003	46.451	57.46	0.44	0	0
6762	-74.542	33.708	-4159.0	2.25	0.0790	1.006	46.134	0.00	0.00	0	0
6763	-74.458	33.708	-4270.5	2.25	0.0770	1.003	46.454	0.00	0.00	0	0
6764	-74.375	33.708	-4329.0	2.27	0.0750	0.849	47.879	0.00	0.00	0	0
6765	-74.292	33.708	-4349.0	2.27	0.0730	0.844	47.260	0.00	0.00	0	0
6766	-74.208	33.708	-4359.0	2.28	0.0720	0.841	47.230	0.00	0.00	0	0
6767	-74.125	33.708	-4401.0	2.30	0.0710	0.837	46.169	0.00	0.00	0	0
6768	-74.042	33.708	-4430.0	2.31	0.0700	0.835	46.385	0.00	0.00	0	0
6769	-73.958	33.708	-4445.5	2.31	0.0690	0.834	48.622	0.00	0.00	0	0
6770	-73.875	33.708	-4435.0	2.31	0.0680	0.833	48.419	0.00	0.00	0	0
6771	-73.792	33.708	-4458.0	2.31	0.0660	0.817	47.804	0.00	0.00	0	0
6772	-73.708	33.708	-4493.0	2.30	0.0640	0.707	47.717	0.00	0.00	0	0
6773	-73.625	33.708	-4534.0	2.26	0.0620	0.705	48.133	0.00	0.00	0	0
6774	-73.542	33.708	-4594.5	2.26	0.0590	0.650	47.440	0.00	0.00	0	0
6775	-73.458	33.708	-4641.0	2.26	0.0560	0.794	47.396	0.00	0.00	0	0
6776	-73.375	33.708	-4640.0	2.26	0.0540	0.791	47.324	0.00	0.00	0	0
6777	-73.292	33.708	-4693.5	2.26	0.0530	0.645	47.218	0.00	0.00	0	0
6778	-73.208	33.708	-4788.5	2.26	0.0520	0.783	47.208	0.00	0.00	0	0
6779	-73.125	33.708	-4783.5	2.26	0.0520	0.629	46.625	0.00	0.00	0	0
6780	-73.042	33.708	-4871.5	2.26	0.0520	0.628	46.840	0.00	0.00	0	0
6781	-72.958	33.708	-4850.5	2.26	0.0510	0.631	46.909	0.00	0.00	0	0
6782	-72.875	33.708	-4673.5	2.26	0.0500	0.629	47.654	0.00	0.00	0	0
6783	-72.792	33.708	-4725.0	2.26	0.0470	0.765	47.667	0.00	0.00	0	0
6784	-72.708	33.708	-4799.0	2.26	0.0450	0.537	47.394	0.00	0.00	0	0
6785	-72.625	33.708	-4873.0	2.26	0.0410	0.769	47.397	0.00	0.00	0	0
6786	-72.542	33.708	-4947.0	2.26	0.0390	0.765	47.406	0.00	0.00	0	0
6787	-72.458	33.708	-5013.0	2.26	0.0370	0.636	47.345	0.00	0.00	0	0
6788	-72.375	33.708	-5049.0	2.26	0.0370	0.630	47.360	0.00	0.00	0	0
6789	-72.292	33.708	-5118.0	2.26	0.0370	0.396	47.340	0.00	0.00	0	0
6790	-72.208	33.708	-5129.5	2.26	0.0370	0.398	47.295	0.00	0.00	0	0
6791	-72.125	33.708	-5142.0	2.26	0.0360	0.408	48.065	0.00	0.00	0	0
6792	-72.042	33.708	-5184.0	2.26	0.0350	0.411	48.074	0.00	0.00	0	0
6793	-71.958	33.708	-5238.5	2.27	0.0330	0.630	47.666	0.00	0.00	0	0
6794	-71.875	33.708	-5271.0	2.26	0.0320	0.628	46.907	0.00	0.00	0	0
6795	-71.792	33.708	-5293.0	2.27	0.0310	0.628	47.660	0.00	0.00	0	0
6796	-71.708	33.708	-5311.0	2.27	0.0300	0.629	47.742	0.00	0.00	0	0
6797	-71.625	33.708	-5321.5	2.27	0.0290	0.630	47.777	0.00	0.00	0	0
6798	-71.542	33.708	-5331.5	2.27	0.0290	0.454	48.225	0.00	0.00	0	0
6799	-71.458	33.708	-5338.0	2.27	0.0280	0.447	48.180	0.00	0.00	0	0
6800	-71.375	33.708	-5342.0	2.27	0.0280	0.442	48.201	0.00	0.00	0	0
6801	-71.292	33.708	-5342.0	2.27	0.0280	0.437	48.318	0.00	0.00	0	0
6802	-71.208	33.708	-5351.0	2.30	0.0280	0.434	48.619	0.00	0.00	0	0
6803	-71.125	33.708	-5351.0	2.27	0.0280	0.385	48.872	0.00	0.00	0	0
6804	-71.042	33.708	-5357.0	2.28	0.0270	0.385	48.889	0.00	0.00	0	0
6805	-77.958	33.792	-7.0	14.38	0.0280	0.158	51.526	0.00	0.00	0	0
6806	-77.875	33.792	-12.0	15.11	0.0270	0.240	51.518	0.00	0.00	0	0
6807	-77.792	33.792	-18.0	13.39	0.0270	0.143	54.895	0.00	0.00	0	0
6808	-77.708	33.792	-22.0	14.77	0.0270	0.246	55.298	0.00	0.00	0	0
6809	-77.625	33.792	-24.0	14.89	0.0270	0.259	57.160	0.00	0.00	0	0
6810	-77.542	33.792	-28.0	14.61	0.0270	0.102	56.256	0.00	0.23	54	50
6811	-77.458	33.792	-29.0	14.62	0.0260	0.151	56.631	0.00	1.95	49	37
6812	-77.375	33.792	-28.0	16.70	0.0270	0.270	57.672	0.00	0.00	0	0
6813	-77.292	33.792	-33.0	16.60	0.0290	0.137	57.854	0.00	3.97	58	45
6814	-77.208	33.792	-34.0	16.54	0.0330	0.133	57.363	0.00	3.80	51	43
6815	-77.125	33.792	-35.0	14.23	0.0350	0.135	58.258	0.00	1.13	34	30
6816	-77.042	33.792	-37.0	12.78	0.0370	0.070	58.660	0.00	0.00	31	30
6817	-76.958	33.792	-39.0	11.27	0.0410	0.075	57.671	0.00	0.00	25	22
6818	-76.875	33.792	-42.0	9.84	0.0530	0.082	56.920	0.00	0.53	20	20
6819	-76.792	33.792	-42.0	9.67	0.0710	0.147	56.334	0.00	14.15	34	29
6820	-76.708	33.792	-43.0	8.01	0.0870	0.151	55.920	0.00	23.74	35	27
6821	-76.625	33.792	-60.0	3.12	0.1040	0.160	56.862	0.00	23.33	16	10
6822	-76.542	33.792	-151.0	3.13	0.1160	0.188	57.874	0.00	23.16	5	1
6823	-76.458	33.792	-220.0	3.12	0.1290	0.183	58.225	0.00	27.57	3	0
6824	-76.375	33.792	-248.0	2.90	0.1420	0.276	55.480	0.00	21.86	3	0
6825	-76.292	33.792	-418.0	2.88	0.1520	0.285	55.281	0.00	18.49	1	0
6826	-76.208	33.792	-503.0	2.86	0.1550	0.683	50.910	39.83	415.81	31	21
6827	-76.125	33.792	-566.0	2.79	0.1500	1.033	50.207	183.83	697.21	45	28
6828	-76.042	33.792	-632.0	2.60	0.1310	1.192	48.549	516.24	963.86	60	35
6829	-75.958	33.792	-789.0	2.74	0.1150	1.527	51.305	1396.61	1011.84	63	47
6830	-75.875	33.792	-1269.5	2.74	0.1010	1.617	46.031	2073.75	684.88	55	38
6831	-75.792	33.792	-1977.5	2.55	0.0930	1.170	45.388	276.68	39.43	5	1
6832	-75.708	33.792	-2908.0	2.54	0.0900	1.587	45.491	338.03	43.69	3	2
6833	-75.625	33.792	-3038.0	2.56	0.0920	1.601	44.929	594.90	61.42	4	4
6834	-75.542	33.792	-3050.5	2.54	0.0940	1.600	45.071	788.59	69.47	5	4
6835	-75.458	33.792	-3090.0	2.46	0.0970	1.439	45.223	673.03	71.74	5	5
6836	-75.375	33.792	-3147.0	2.33	0.1010	1.288	45.514	471.10	55.76	4	4
6837	-75.292	33.792	-3236.5	2.27	0.1030	0.887	45.821	37.31	5.50	1	0
6838	-75.208	33.792	-3314.0	2.27	0.1030	0.943	45.679	20.64	0.00	0	0
6839	-75.125	33.792	-3389.0	2.26	0.1030	0.944	47.380	41.36	7.95	1	0
6840	-75.042	33.792	-3481.5	2.24	0.1020	0.914	47.416	0.00	0.00	0	0
6841	-74.958	33.792	-3559.0	2.24	0.0970	0.867	45.165	40.60	0.35	0	0
6842	-74.875	33.792	-3644.0	2.24	0.0920	0.980	45.571	59.51	5.31	1	0
6843	-74.792	33.792	-3788.0	2.24	0.0900	1.000	45.792	0.00	0.00	0	0
6844	-74.708	33.792	-3916.5	2.24	0.0870	1.001	45.986	53.67	0.35	0	0
6845	-74.625	33.792	-4030.0	2.25	0.0840	1.007	46.196	28.53	0.08	0	0
6846	-74.542	33.792	-4129.0	2.25	0.0820	1.003	46.195	0.00	0.00	0	0
6847	-74.458	33.792	-4206.5	2.25	0.0790	1.015	46.843	22.28	0.05	0	0
6848	-74.375	33.792	-4234.0	2.26	0.0770	0.879	46.747	26.15	0.00	0	0
6849	-74.292	33.792	-4232.0	2.27	0.0750	0.852	47.206	0.00	0.00	0	0
6850	-74.208	33.792	-4274.5	2.27	0.0740	0.865	47.182	0.00	0.00	0	0
6851	-74.125	33.792	-4322.0	2.29	0.0730	0.840	47.024	0.00	0.00	0	0
6852	-74.042	33.792	-4319.0	2.30	0.0720	0.836	46.490	0.00	0.00	0	0
6853	-73.958	33.792	-4352.0	2.31	0.0710	0.832	48.590	0.00	0.00	0	0
6854	-73.875	33.792	-4391.5	2.31	0.0690	0.830	48.607	0.00	0.00	0	0
6855	-73.792	33.792	-4425.0	2.31	0.0670	0.831	48.461	0.00	0.00	0	0
6856	-73.708	33.792	-4469.0	2.30	0.0640	0.834	47.782	0.00	0.00	0	0
6857	-73.625	33.792	-4522.0	2.26	0.0620	0.706	47.969	0.00	0.00	0	0
6858	-73.542	33.792	-4560.0	2.26	0.0590	0.702	48.097	0.00	0.00	0	0
6859	-73.458	33.792	-4565.5	2.26	0.0570	0.704	47.069	0.00	0.00	0	0
6860	-73.375	33.792	-4612.0	2.26	0.0550	0.796	47.388	0.00	0.00	0	0
6861	-73.292	33.792	-4698.0	2.26	0.0550	0.791	47.331	0.00	0.00	0	0
6862	-73.208	33.792	-4720.0	2.26	0.0540	0.692	47.214	0.00	0.00	0	0
6863	-73.125	33.792	-4695.0	2.26	0.0540	0.629	47.215	0.00	0.00	0	0
6864	-73.042	33.792	-4749.0	2.26	0.0540	0.681	46.633	0.00	0.00	0	0
6865	-72.958	33.792	-4927.5	2.26	0.0540	0.627	47.172	0.00	0.00	0	0
6866	-72.875	33.792	-4702.0	2.26	0.0520	0.601	47.709	0.00	0.00	0	0
6867	-72.792	33.792	-4629.0	2.26	0.0500	0.551	47.732	0.00	0.00	0	0
6868	-72.708	33.792	-4707.5	2.26	0.0470	0.782	47.707	0.00	0.00	0	0
6869	-72.625	33.792	-4780.0	2.26	0.0430	0.769	47.332	0.00	0.00	0	0
6870	-72.542	33.792	-4855.0	2.26	0.0410	0.540	47.424	0.00	0.00	0	0
6871	-72.458	33.792	-4926.5	2.27	0.0390	0.635	47.352	0.00	0.00	0	0
6872	-72.375	33.792	-4983.5	2.26	0.0390	0.625	47.357	0.00	0.00	0	0
6873	-72.292	33.792	-5027.0	2.27	0.0380	0.397	47.365	0.00	0.00	0	0
6874	-72.208	33.792	-5078.5	2.26	0.0380	0.393	47.241	0.00	0.00	0	0
6875	-72.125	33.792	-5110.0	2.26	0.0370	0.398	47.127	0.00	0.00	0	0
6876	-72.042	33.792	-5118.5	2.26	0.0350	0.395	47.926	0.00	0.00	0	0
6877	-71.958	33.792	-5164.0	2.27	0.0340	0.407	47.903	0.00	0.00	0	0
6878	-71.875	33.792	-5224.0	2.27	0.0320	0.450	47.010	0.00	0.00	0	0
6879	-71.792	33.792	-5249.0	2.27	0.0310	0.466	46.982	0.00	0.00	0	0
6880	-71.708	33.792	-5277.0	2.27	0.0300	0.467	47.758	0.00	0.00	0	0
6881	-71.625	33.792	-5306.0	2.27	0.0290	0.476	47.811	0.00	0.00	0	0
6882	-71.542	33.792	-5320.0	2.27	0.0290	0.472	48.268	0.00	0.00	0	0
6883	-71.458	33.792	-5323.0	2.27	0.0280	0.457	48.198	0.00	0.00	0	0
6884	-71.375	33.792	-5323.0	2.27	0.0280	0.454	48.212	0.00	0.00	0	0
6885	-71.292	33.792	-5327.0	2.28	0.0280	0.447	48.310	0.00	0.00	0	0
6886	-71.208	33.792	-5331.0	2.28	0.0280	0.433	48.385	0.00	0.00	0	0
6887	-71.125	33.792	-5336.0	2.29	0.0270	0.386	48.883	0.00	0.00	0	0
6888	-71.042	33.792	-5341.0	2.28	0.0270	0.385	48.905	0.00	0.00	0	0
6889	-77.958	33.875	-3.0	21.07	0.0280	0.158	55.748	0.00	0.00	0	0
6890	-77.875	33.875	-13.0	14.26	0.0280	0.148	51.502	0.00	0.00	0	0
6891	-77.792	33.875	-17.0	14.24	0.0270	0.156	49.226	0.00	0.00	0	0
6892	-77.708	33.875	-20.0	14.39	0.0270	0.136	54.526	0.00	0.00	0	0
6893	-77.625	33.875	-24.0	14.44	0.0270	0.156	57.723	0.00	0.94	50	38
6894	-77.542	33.875	-26.0	14.84	0.0270	0.139	56.284	0.00	1.44	51	39
6895	-77.458	33.875	-27.0	14.65	0.0260	0.202	56.675	0.00	14.09	64	52
6896	-77.375	33.875	-28.0	14.60	0.0260	0.132	57.454	0.00	2.03	63	54
6897	-77.292	33.875	-31.0	16.70	0.0290	0.118	57.869	0.00	2.28	51	40
6898	-77.208	33.875	-33.0	16.72	0.0300	0.115	57.425	0.00	2.35	46	40
6899	-77.125	33.875	-32.0	13.72	0.0320	0.109	58.329	0.00	0.00	0	0
6900	-77.042	33.875	-35.0	12.84	0.0350	0.084	58.742	0.00	0.09	34	32
6901	-76.958	33.875	-36.0	12.70	0.0410	0.078	57.658	0.00	0.00	30	29
6902	-76.875	33.875	-38.0	11.86	0.0540	0.080	56.761	0.00	1.03	36	35
6903	-76.792	33.875	-41.0	9.79	0.0730	0.084	56.336	0.00	0.00	27	26
6904	-76.708	33.875	-41.0	9.59	0.0890	0.090	56.036	0.00	3.90	22	20
6905	-76.625	33.875	-43.0	5.98	0.0980	0.094	56.273	0.00	5.56	16	15
6906	-76.542	33.875	-54.0	3.22	0.1100	0.168	56.433	0.00	37.54	21	9
6907	-76.458	33.875	-119.5	3.12	0.1190	0.104	57.706	0.00	2.93	1	0
6908	-76.375	33.875	-206.5	3.12	0.1330	0.169	58.162	0.00	24.47	3	0
6909	-76.292	33.875	-275.0	2.92	0.1440	0.243	55.432	0.00	23.46	2	0
6910	-76.208	33.875	-402.5	2.88	0.1530	0.361	53.593	0.00	85.22	10	2
6911	-76.125	33.875	-508.0	2.87	0.1480	0.849	51.200	61.32	566.80	35	22
6912	-76.042	33.875	-560.0	2.61	0.1460	1.011	49.171	243.11	760.94	43	28
6913	-75.958	33.875	-659.0	2.60	0.1270	1.459	49.895	680.39	1012.85	65	48
6914	-75.875	33.875	-968.5	2.57	0.1140	1.700	51.256	2045.45	985.70	66	55
6915	-75.792	33.875	-1502.5	2.57	0.1030	1.900	45.999	3083.56	649.04	47	36
6916	-75.708	33.875	-2350.5	2.56	0.0980	1.554	45.333	572.51	91.52	6	5
6917	-75.625	33.875	-2990.0	2.54	0.0930	1.583	45.436	396.83	50.89	3	3
6918	-75.542	33.875	-3011.0	2.56	0.0910	1.604	44.869	0.00	0.00	0	0
6919	-75.458	33.875	-3027.0	2.48	0.0940	1.440	45.013	586.11	62.95	5	4
6920	-75.375	33.875	-3102.0	2.34	0.0980	1.429	45.160	668.17	71.58	5	5
6921	-75.292	33.875	-3172.5	2.28	0.1010	1.146	45.375	406.28	47.31	4	2
6922	-75.208	33.875	-3255.0	2.27	0.1010	0.961	45.729	38.58	0.21	0	0
6923	-75.125	33.875	-3329.0	2.28	0.1020	0.946	45.631	41.27	8.50	1	0
6924	-75.042	33.875	-3423.0	2.26	0.1020	0.946	47.388	0.00	0.00	0	0
6925	-74.958	33.875	-3530.0	2.24	0.1010	0.914	47.402	42.34	3.81	1	0
6926	-74.875	33.875	-3673.0	2.24	0.0960	0.914	47.497	32.39	0.21	0	0
6927	-74.792	33.875	-3778.5	2.24	0.0930	0.980	45.518	88.14	4.65	1	0
6928	-74.708	33.875	-3894.0	2.24	0.0900	0.986	45.754	0.00	0.00	0	0
6929	-74.625	33.875	-3984.0	2.25	0.0870	1.003	45.679	45.98	0.19	0	0
6930	-74.542	33.875	-4042.5	2.25	0.0840	1.064	46.199	13.90	0.02	0	0
6931	-74.458	33.875	-4093.5	2.25	0.0810	1.158	46.217	0.00	0.00	0	0
6932	-74.375	33.875	-4098.0	2.25	0.0790	1.162	46.837	32.83	0.12	0	0
6933	-74.292	33.875	-4113.0	2.27	0.0780	1.020	46.499	0.00	0.00	0	0
6934	-74.208	33.875	-4193.5	2.27	0.0760	0.938	47.404	93.89	9.04	1	0
6935	-74.125	33.875	-4215.5	2.28	0.0750	0.854	47.150	0.00	0.00	0	0
6936	-74.042	33.875	-4259.5	2.30	0.0740	0.847	47.320	0.00	0.00	0	0
6937	-73.958	33.875	-4310.0	2.31	0.0720	0.838	46.352	0.00	0.00	0	0
6938	-73.875	33.875	-4353.0	2.31	0.0700	0.832	48.648	0.00	0.00	0	0
6939	-73.792	33.875	-4395.5	2.31	0.0680	0.829	48.607	0.00	0.00	0	0
6940	-73.708	33.875	-4435.0	2.31	0.0650	0.828	48.454	0.00	0.00	0	0
6941	-73.625	33.875	-4489.0	2.30	0.0620	0.648	47.760	0.00	0.00	0	0
6942	-73.542	33.875	-4501.0	2.26	0.0600	0.697	47.944	0.00	0.00	0	0
6943	-73.458	33.875	-4529.5	2.26	0.0580	0.703	48.094	0.00	0.00	0	0
6944	-73.375	33.875	-4614.5	2.26	0.0570	0.701	47.435	0.00	0.00	0	0
6945	-73.292	33.875	-4651.0	2.26	0.0560	0.693	47.383	0.00	0.00	0	0
6946	-73.208	33.875	-4627.0	2.26	0.0560	0.692	47.333	0.00	0.00	0	0
6947	-73.125	33.875	-4619.0	2.26	0.0550	0.686	47.259	0.00	0.00	0	0
6948	-73.042	33.875	-4660.5	2.26	0.0550	0.684	47.194	0.00	0.00	0	0
6949	-72.958	33.875	-4858.5	2.26	0.0550	0.676	47.196	0.00	0.00	0	0
6950	-72.875	33.875	-4779.5	2.26	0.0540	0.596	47.227	0.00	0.00	0	0
6951	-72.792	33.875	-4651.0	2.26	0.0510	0.546	47.842	0.00	0.00	0	0
6952	-72.708	33.875	-4600.0	2.26	0.0480	0.547	47.739	0.00	0.00	0	0
6953	-72.625	33.875	-4696.0	2.26	0.0460	0.696	47.469	0.00	0.00	0	0
6954	-72.542	33.875	-4761.5	2.26	0.0440	0.552	47.352	0.00	0.00	0	0
6955	-72.458	33.875	-4831.5	2.27	0.0420	0.630	47.374	0.00	0.00	0	0
6956	-72.375	33.875	-4894.0	2.26	0.0410	0.633	47.383	0.00	0.00	0	0
6957	-72.292	33.875	-4941.0	2.26	0.0400	0.633	47.377	0.00	0.00	0	0
6958	-72.208	33.875	-4984.0	2.27	0.0380	0.429	47.385	0.00	0.00	0	0
6959	-72.125	33.875	-5025.0	2.27	0.0370	0.401	47.231	0.00	0.00	0	0
6960	-72.042	33.875	-5049.0	2.26	0.0360	0.393	46.988	0.00	0.00	0	0
6961	-71.958	33.875	-5072.0	2.27	0.0340	0.635	47.227	0.00	0.00	0	0
6962	-71.875	33.875	-5146.0	2.27	0.0330	0.406	47.146	0.00	0.00	0	0
6963	-71.792	33.875	-5206.0	2.27	0.0320	0.453	46.826	0.00	0.00	0	0
6964	-71.708	33.875	-5232.0	2.27	0.0310	0.461	46.947	0.00	0.00	0	0
6965	-71.625	33.875	-5265.0	2.27	0.0300	0.474	47.983	0.00	0.00	0	0
6966	-71.542	33.875	-5288.0	2.27	0.0290	0.475	47.823	0.00	0.00	0	0
6967	-71.458	33.875	-5306.0	2.27	0.0280	0.473	48.257	0.00	0.00	0	0
6968	-71.375	33.875	-5310.0	2.27	0.0280	0.459	48.180	0.00	0.00	0	0
6969	-71.292	33.875	-5314.0	2.28	0.0270	0.447	48.315	0.00	0.00	0	0
6970	-71.208	33.875	-5320.0	2.28	0.0270	0.484	48.377	0.00	0.00	0	0
6971	-71.125	33.875	-5331.0	2.29	0.0270	0.474	48.413	0.00	0.00	0	0
6972	-71.042	33.875	-5331.0	2.28	0.0270	0.372	48.423	0.00	0.00	0	0
6973	-77.958	33.958	nan	nan	nan	nan	nan	0.00	0.00	0	0
6974	-77.875	33.958	-12.0	21.34	0.0280	0.099	55.799	0.00	0.00	0	0
6975	-77.792	33.958	-16.0	21.03	0.0280	0.100	55.780	0.00	0.00	0	0
6976	-77.708	33.958	-18.0	14.23	0.0270	0.095	52.898	0.00	0.00	0	0
6977	-77.625	33.958	-20.0	14.17	0.0270	0.075	61.513	0.00	0.00	0	0
6978	-77.542	33.958	-24.0	14.15	0.0270	0.198	56.272	0.00	0.00	0	0
6979	-77.458	33.958	-26.0	14.38	0.0270	0.214	56.636	0.00	7.46	72	57
6980	-77.375	33.958	-28.0	14.66	0.0270	0.189	57.424	0.00	0.00	0	0
6981	-77.292	33.958	-29.0	14.58	0.0270	0.163	57.836	0.00	2.59	65	53
6982	-77.208	33.958	-30.0	16.83	0.0290	0.040	57.541	0.00	0.00	0	0
6983	-77.125	33.958	-32.0	16.74	0.0310	0.101	58.492	0.00	0.00	0	0
6984	-77.042	33.958	-33.0	12.92	0.0340	0.040	57.776	0.00	0.00	41	40
6985	-76.958	33.958	-34.0	12.81	0.0390	0.084	57.764	0.00	3.00	43	40
6986	-76.875	33.958	-35.0	12.63	0.0530	0.078	56.856	0.00	2.15	37	37
6987	-76.792	33.958	-37.0	11.80	0.0700	0.081	56.318	0.00	0.64	32	31
6988	-76.708	33.958	-40.0	9.71	0.0910	0.083	56.243	0.00	6.69	19	18
6989	-76.625	33.958	-41.0	7.35	0.1000	0.088	56.513	0.00	4.64	22	21
6990	-76.542	33.958	-41.0	6.10	0.0990	0.089	56.140	0.00	5.34	20	19
6991	-76.458	33.958	-48.0	3.22	0.1080	0.101	56.363	0.00	6.56	7	5
6992	-76.375	33.958	-101.0	3.12	0.1200	0.099	57.764	0.00	4.39	2	2
6993	-76.292	33.958	-204.0	3.12	0.1300	0.216	57.837	0.00	30.65	7	1
6994	-76.208	33.958	-298.0	2.92	0.1400	0.298	55.390	0.00	56.95	8	1
6995	-76.125	33.958	-387.0	2.88	0.1510	0.612	53.544	1.78	405.34	30	22
6996	-76.042	33.958	-456.0	2.86	0.1570	0.809	51.544	29.72	553.73	36	23
6997	-75.958	33.958	-562.0	2.61	0.1420	0.910	49.159	112.81	309.76	41	4
6998	-75.875	33.958	-737.0	2.61	0.1310	1.820	47.639	1396.34	1331.62	81	67
6999	-75.792	33.958	-1200.0	2.60	0.1210	1.574	51.376	1460.05	569.67	44	26
7000	-75.708	33.958	-1874.0	2.57	0.1050	1.568	45.979	841.47	178.24	12	9
7001	-75.625	33.958	-2946.5	2.55	0.0980	1.524	45.282	444.65	54.09	4	3
7002	-75.542	33.958	-2972.0	2.53	0.0900	1.600	44.649	372.98	43.89	3	2
7003	-75.458	33.958	-2982.0	2.55	0.0910	1.605	44.806	386.57	46.93	3	2
7004	-75.375	33.958	-3042.0	2.47	0.0930	1.182	44.950	367.26	34.67	2	2
7005	-75.292	33.958	-3112.0	2.34	0.0950	1.001	45.109	396.24	48.13	4	3
7006	-75.208	33.958	-3184.5	2.27	0.0970	1.023	45.480	64.29	0.00	0	0
7007	-75.125	33.958	-3290.0	2.28	0.0990	0.946	47.140	37.46	0.00	0	0
7008	-75.042	33.958	-3400.0	2.27	0.1010	0.946	45.591	78.88	8.71	1	0
7009	-74.958	33.958	-3489.0	2.26	0.1000	0.945	47.378	0.00	0.00	0	0
7010	-74.875	33.958	-3642.0	2.24	0.0990	0.925	47.202	45.01	3.06	0	0
7011	-74.792	33.958	-3754.0	2.24	0.0970	1.017	45.021	59.84	7.33	1	0
7012	-74.708	33.958	-3822.5	2.24	0.0930	0.983	45.469	90.34	5.13	1	0
7013	-74.625	33.958	-3894.0	2.24	0.0890	0.986	45.489	50.44	0.26	0	0
7014	-74.542	33.958	-3917.0	2.25	0.0860	1.138	45.667	30.63	0.09	0	0
7015	-74.458	33.958	-3947.0	2.25	0.0830	1.014	46.216	21.75	0.05	0	0
7016	-74.375	33.958	-3977.0	2.25	0.0810	1.014	46.216	1.92	0.01	0	0
7017	-74.292	33.958	-4041.0	2.25	0.0790	1.019	46.828	0.00	0.00	0	0
7018	-74.208	33.958	-4088.0	2.27	0.0780	0.943	46.995	29.93	0.00	0	0
7019	-74.125	33.958	-4160.0	2.27	0.0770	1.021	47.359	8.63	0.03	0	0
7020	-74.042	33.958	-4222.0	2.28	0.0750	0.859	47.444	24.80	0.00	0	0
7021	-73.958	33.958	-4266.0	2.30	0.0730	0.849	46.441	0.00	0.00	0	0
7022	-73.875	33.958	-4314.0	2.31	0.0710	0.840	46.327	0.00	0.00	0	0
7023	-73.792	33.958	-4361.0	2.31	0.0680	0.832	48.629	0.00	0.00	0	0
7024	-73.708	33.958	-4420.0	2.31	0.0660	0.829	48.595	0.00	0.00	0	0
7025	-73.625	33.958	-4432.0	2.31	0.0630	0.825	48.444	0.00	0.00	0	0
7026	-73.542	33.958	-4448.0	2.30	0.0610	0.645	47.908	0.00	0.00	0	0
7027	-73.458	33.958	-4539.0	2.26	0.0590	0.650	48.145	0.00	0.00	0	0
7028	-73.375	33.958	-4568.0	2.26	0.0580	0.697	48.087	0.00	0.00	0	0
7029	-73.292	33.958	-4565.0	2.26	0.0580	0.695	47.428	0.00	0.00	0	0
7030	-73.208	33.958	-4552.0	2.26	0.0570	0.693	47.382	0.00	0.00	0	0
7031	-73.125	33.958	-4569.0	2.26	0.0570	0.691	47.390	0.00	0.00	0	0
7032	-73.042	33.958	-4616.0	2.26	0.0560	0.684	47.253	0.00	0.00	0	0
7033	-72.958	33.958	-4700.0	2.25	0.0560	0.680	47.411	0.00	0.00	0	0
7034	-72.875	33.958	-4833.0	2.25	0.0550	0.596	47.299	0.00	0.00	0	0
7035	-72.792	33.958	-4723.0	2.26	0.0520	0.598	47.613	0.00	0.00	0	0
7036	-72.708	33.958	-4630.0	2.26	0.0500	0.604	47.845	0.00	0.00	0	0
7037	-72.625	33.958	-4579.5	2.26	0.0480	0.687	47.807	0.00	0.00	0	0
7038	-72.542	33.958	-4673.0	2.26	0.0460	0.553	47.384	0.00	0.00	0	0
7039	-72.458	33.958	-4733.0	2.26	0.0450	0.629	47.381	0.00	0.00	0	0
7040	-72.375	33.958	-4786.0	2.26	0.0430	0.625	47.447	0.00	0.00	0	0
7041	-72.292	33.958	-4852.0	2.26	0.0420	0.625	47.495	0.00	0.00	0	0
7042	-72.208	33.958	-4886.0	2.27	0.0400	0.636	47.430	0.00	0.00	0	0
7043	-72.125	33.958	-4938.0	2.27	0.0380	0.395	47.512	0.00	0.00	0	0
7044	-72.042	33.958	-4988.0	2.27	0.0360	0.392	46.891	0.00	0.00	0	0
7045	-71.958	33.958	-4995.0	2.27	0.0350	0.476	46.882	0.00	0.00	0	0
7046	-71.875	33.958	-5037.0	2.27	0.0340	0.460	47.074	0.00	0.00	0	0
7047	-71.792	33.958	-5135.0	2.27	0.0320	0.408	46.925	0.00	0.00	0	0
7048	-71.708	33.958	-5186.5	2.27	0.0310	0.401	46.667	0.00	0.00	0	0
7049	-71.625	33.958	-5209.0	2.27	0.0300	0.453	47.680	0.00	0.00	0	0
7050	-71.542	33.958	-5229.0	2.27	0.0290	0.444	47.805	0.00	0.00	0	0
7051	-71.458	33.958	-5253.0	2.27	0.0280	0.450	48.209	0.00	0.00	0	0
7052	-71.375	33.958	-5267.5	2.27	0.0280	0.465	48.226	0.00	0.00	0	0
7053	-71.292	33.958	-5276.0	2.27	0.0270	0.470	48.261	0.00	0.00	0	0
7054	-71.208	33.958	-5294.0	2.28	0.0270	0.459	48.388	0.00	0.00	0	0
7055	-71.125	33.958	-5316.0	2.28	0.0270	0.482	48.507	0.00	0.00	0	0
7056	-71.042	33.958	-5328.0	2.29	0.0270	0.370	48.428	0.00	0.00	0	0
7057	-77.958	34.042	nan	nan	nan	nan	nan	0.00	0.00	0	0
7058	-77.875	34.042	-7.5	9.22	0.0300	0.135	49.242	0.00	0.00	0	0
7059	-77.792	34.042	-14.5	19.59	0.0280	0.082	55.775	0.00	0.00	0	0
7060	-77.708	34.042	-17.0	18.39	0.0280	0.085	54.017	0.00	0.00	0	0
7061	-77.625	34.042	-19.0	20.97	0.0270	0.078	54.611	0.00	0.00	0	0
7062	-77.542	34.042	-21.0	14.12	0.0270	0.090	58.118	0.00	0.00	50	49
7063	-77.458	34.042	-23.0	14.19	0.0270	0.066	56.530	0.00	0.00	0	0
7064	-77.375	34.042	-26.0	14.37	0.0270	0.103	57.017	0.00	0.00	50	44
7065	-77.292	34.042	-28.0	14.63	0.0270	0.085	57.831	0.00	0.17	43	39
7066	-77.208	34.042	-30.0	14.62	0.0270	0.162	57.653	0.00	7.11	59	48
7067	-77.125	34.042	-32.0	15.89	0.0280	0.103	58.648	0.00	0.34	50	44
7068	-77.042	34.042	-33.0	16.73	0.0310	0.105	57.986	0.00	0.90	42	34
7069	-76.958	34.042	-34.0	12.90	0.0370	0.053	58.342	0.00	0.00	33	31
7070	-76.875	34.042	-35.0	12.75	0.0430	0.086	56.956	0.00	1.32	35	30
7071	-76.792	34.042	-36.0	12.59	0.0580	0.104	56.358	0.00	14.30	36	32
7072	-76.708	34.042	-37.0	10.51	0.0790	0.081	56.245	0.00	12.39	26	23
7073	-76.625	34.042	-39.0	11.60	0.0960	0.084	56.667	0.00	11.70	27	26
7074	-76.542	34.042	-40.0	6.06	0.0960	0.081	56.409	0.00	2.69	24	23
7075	-76.458	34.042	-42.0	6.12	0.0990	0.079	55.970	0.00	2.19	16	16
7076	-76.375	34.042	-43.0	3.22	0.1110	0.090	56.507	0.00	6.43	10	8
7077	-76.292	34.042	-84.0	3.01	0.1170	0.133	57.601	0.00	25.54	5	2
7078	-76.208	34.042	-192.5	2.93	0.1270	0.176	57.820	0.00	15.04	4	0
7079	-76.125	34.042	-327.0	2.89	0.1370	0.260	57.294	0.00	3.91	0	0
7080	-76.042	34.042	-425.0	2.87	0.1460	0.400	53.576	0.00	8.94	0	0
7081	-75.958	34.042	-472.5	2.87	0.1520	0.897	51.864	38.43	594.55	35	21
7082	-75.875	34.042	-616.0	2.61	0.1450	1.356	50.308	357.20	896.19	57	35
7083	-75.792	34.042	-1006.5	2.61	0.1310	1.577	48.536	1091.16	638.31	47	29
7084	-75.708	34.042	-1635.5	2.60	0.1180	1.566	51.374	1103.53	247.20	17	10
7085	-75.625	34.042	-2776.0	2.56	0.1030	1.541	46.004	363.89	52.12	3	2
7086	-75.542	34.042	-2915.5	2.58	0.0900	1.614	44.746	344.11	42.31	3	2
7087	-75.458	34.042	-2950.0	2.57	0.0870	1.605	44.600	337.35	39.03	3	2
7088	-75.375	34.042	-3003.0	2.49	0.0880	1.606	44.755	401.00	49.11	3	2
7089	-75.292	34.042	-3063.0	2.35	0.0900	1.017	44.921	241.55	30.63	2	2
7090	-75.208	34.042	-3161.0	2.34	0.0930	1.147	45.151	190.76	11.66	1	1
7091	-75.125	34.042	-3251.0	2.27	0.0960	1.022	45.498	42.15	0.99	0	0
7092	-75.042	34.042	-3356.0	2.28	0.0980	0.946	45.507	0.00	0.00	0	0
7093	-74.958	34.042	-3459.0	2.26	0.1010	0.945	45.662	45.64	8.69	1	0
7094	-74.875	34.042	-3581.0	2.26	0.1000	0.925	47.372	43.79	5.63	1	0
7095	-74.792	34.042	-3673.5	2.24	0.1000	0.914	47.697	42.84	4.73	1	0
7096	-74.708	34.042	-3736.0	2.24	0.0960	1.014	45.316	30.78	0.00	0	0
7097	-74.625	34.042	-3745.0	2.24	0.0920	0.980	45.417	88.53	5.68	1	0
7098	-74.542	34.042	-3786.0	2.24	0.0870	0.999	45.458	21.25	0.00	0	0
7099	-74.458	34.042	-3855.0	2.25	0.0840	1.081	45.666	0.00	0.00	0	0
7100	-74.375	34.042	-3945.0	2.25	0.0820	1.147	46.219	1.39	0.00	0	0
7101	-74.292	34.042	-3975.0	2.25	0.0810	1.151	46.203	0.00	0.00	0	0
7102	-74.208	34.042	-4045.0	2.25	0.0800	1.021	46.938	0.00	0.00	0	0
7103	-74.125	34.042	-4100.0	2.27	0.0790	0.942	47.029	19.41	0.00	0	0
7104	-74.042	34.042	-4153.5	2.28	0.0770	0.940	47.398	25.61	0.00	0	0
7105	-73.958	34.042	-4210.5	2.28	0.0750	0.862	47.284	22.53	0.00	0	0
7106	-73.875	34.042	-4269.0	2.30	0.0720	0.854	46.422	0.00	0.00	0	0
7107	-73.792	34.042	-4308.0	2.31	0.0690	0.842	48.595	0.00	0.00	0	0
7108	-73.708	34.042	-4351.5	2.31	0.0670	0.834	48.625	0.00	0.00	0	0
7109	-73.625	34.042	-4380.0	2.31	0.0640	0.826	48.473	0.00	0.00	0	0
7110	-73.542	34.042	-4417.5	2.30	0.0620	0.821	48.440	0.00	0.00	0	0
7111	-73.458	34.042	-4488.5	2.26	0.0610	0.823	47.883	0.00	0.00	0	0
7112	-73.375	34.042	-4476.0	2.26	0.0600	0.644	48.143	0.00	0.00	0	0
7113	-73.292	34.042	-4467.5	2.26	0.0590	0.641	47.437	0.00	0.00	0	0
7114	-73.208	34.042	-4499.0	2.26	0.0580	0.689	47.425	0.00	0.00	0	0
7115	-73.125	34.042	-4538.0	2.26	0.0570	0.696	47.383	0.00	0.00	0	0
7116	-73.042	34.042	-4574.0	2.26	0.0570	0.688	47.386	0.00	0.00	0	0
7117	-72.958	34.042	-4620.0	2.25	0.0560	0.688	47.403	0.00	0.00	0	0
7118	-72.875	34.042	-4729.0	2.25	0.0550	0.601	47.644	0.00	0.00	0	0
7119	-72.792	34.042	-4777.0	2.25	0.0530	0.597	47.304	0.00	0.00	0	0
7120	-72.708	34.042	-4704.5	2.26	0.0510	0.601	47.925	0.00	0.00	0	0
7121	-72.625	34.042	-4609.0	2.26	0.0490	0.604	47.872	0.00	0.00	0	0
7122	-72.542	34.042	-4572.0	2.26	0.0480	0.604	47.527	0.00	0.00	0	0
7123	-72.458	34.042	-4647.0	2.26	0.0470	0.400	47.416	0.00	0.00	0	0
7124	-72.375	34.042	-4698.0	2.26	0.0460	0.417	47.403	0.00	0.00	0	0
7125	-72.292	34.042	-4747.0	2.26	0.0440	0.544	47.517	0.00	0.00	0	0
7126	-72.208	34.042	-4812.0	2.27	0.0420	0.454	47.453	0.00	0.00	0	0
7127	-72.125	34.042	-4854.0	2.27	0.0390	0.389	47.452	0.00	0.00	0	0
7128	-72.042	34.042	-4927.0	2.27	0.0370	0.433	47.527	0.00	0.00	0	0
7129	-71.958	34.042	-4960.0	2.27	0.0360	0.402	46.788	0.00	0.00	0	0
7130	-71.875	34.042	-4966.0	2.27	0.0340	0.449	46.768	0.00	0.00	0	0
7131	-71.792	34.042	-4992.0	2.27	0.0330	0.440	46.886	0.00	0.00	0	0
7132	-71.708	34.042	-5108.5	2.27	0.0320	0.415	46.730	0.00	0.00	0	0
7133	-71.625	34.042	-5138.5	2.27	0.0300	0.439	46.616	0.00	0.00	0	0
7134	-71.542	34.042	-5149.0	2.27	0.0290	0.333	47.739	0.00	0.00	0	0
7135	-71.458	34.042	-5185.0	2.27	0.0280	0.335	47.761	0.00	0.00	0	0
7136	-71.375	34.042	-5226.5	2.27	0.0270	0.437	48.224	0.00	0.00	0	0
7137	-71.292	34.042	-5236.0	2.27	0.0270	0.438	48.262	0.00	0.00	0	0
7138	-71.208	34.042	-5252.0	2.27	0.0270	0.435	48.313	0.00	0.00	0	0
7139	-71.125	34.042	-5277.0	2.28	0.0270	0.446	48.466	0.00	0.00	0	0
7140	-71.042	34.042	-5314.0	2.28	0.0270	0.367	48.415	0.00	0.00	0	0
7141	-77.958	34.125	nan	nan	nan	nan	nan	0.00	0.00	0	0
7142	-77.875	34.125	nan	nan	nan	nan	nan	0.00	0.00	0	0
7143	-77.792	34.125	-14.0	11.99	0.0300	0.091	45.515	0.00	0.00	0	0
7144	-77.708	34.125	-17.0	21.15	0.0280	0.090	55.786	0.00	0.00	0	0
7145	-77.625	34.125	-18.0	21.36	0.0280	0.090	55.827	0.00	0.00	0	0
7146	-77.542	34.125	-20.0	20.79	0.0280	0.091	59.466	0.00	0.00	0	0
7147	-77.458	34.125	-21.0	14.12	0.0270	0.099	57.099	0.00	0.00	47	43
7148	-77.375	34.125	-24.0	14.11	0.0260	0.084	56.935	0.00	0.00	0	0
7149	-77.292	34.125	-27.0	14.35	0.0260	0.180	57.697	0.00	0.00	0	0
7150	-77.208	34.125	-28.0	13.51	0.0260	0.181	58.073	0.00	0.00	0	0
7151	-77.125	34.125	-29.0	13.88	0.0250	0.147	57.446	0.00	1.42	57	50
7152	-77.042	34.125	-30.0	14.53	0.0280	0.060	58.081	0.00	0.00	41	38
7153	-76.958	34.125	-32.0	16.78	0.0320	0.115	58.583	0.00	2.56	49	41
7154	-76.875	34.125	-33.0	12.85	0.0390	0.092	57.023	0.00	5.66	37	31
7155	-76.792	34.125	-35.0	12.75	0.0510	0.088	56.308	0.00	5.74	44	39
7156	-76.708	34.125	-36.0	14.91	0.0610	0.196	56.152	0.00	31.24	80	65
7157	-76.625	34.125	-37.0	11.76	0.0790	0.114	56.574	0.00	18.53	44	38
7158	-76.542	34.125	-37.0	8.20	0.0930	0.081	56.571	0.00	2.85	28	26
7159	-76.458	34.125	-38.0	7.23	0.0970	0.058	56.111	0.00	0.00	19	19
7160	-76.375	34.125	-41.0	5.83	0.1010	0.091	55.710	0.00	3.90	21	19
7161	-76.292	34.125	-43.0	3.01	0.1080	0.060	56.844	0.00	0.00	7	7
7162	-76.208	34.125	-78.5	3.01	0.1130	0.060	57.644	0.00	0.00	1	1
7163	-76.125	34.125	-186.0	2.92	0.1230	0.260	57.578	0.00	63.56	13	4
7164	-76.042	34.125	-321.5	2.91	0.1330	0.321	56.718	0.00	111.00	16	3
7165	-75.958	34.125	-393.0	2.86	0.1430	0.595	53.714	0.38	364.27	27	18
7166	-75.875	34.125	-548.0	2.61	0.1420	1.072	52.136	127.39	742.13	48	29
7167	-75.792	34.125	-736.5	2.61	0.1410	1.544	50.357	649.95	924.18	63	44
7168	-75.708	34.125	-1413.5	2.58	0.1280	1.559	48.743	531.57	161.70	12	7
7169	-75.625	34.125	-2458.0	2.58	0.1130	1.547	48.546	114.43	6.99	1	0
7170	-75.542	34.125	-2842.5	2.57	0.0970	1.547	46.055	135.72	3.62	1	0
7171	-75.458	34.125	-2933.0	2.58	0.0870	1.527	44.720	79.26	0.00	0	0
7172	-75.375	34.125	-2975.0	2.57	0.0860	1.387	44.562	412.82	41.51	3	2
7173	-75.292	34.125	-3041.0	2.49	0.0870	1.439	44.722	321.88	33.74	3	2
7174	-75.208	34.125	-3149.0	2.35	0.0890	1.292	44.901	325.17	32.00	3	2
7175	-75.125	34.125	-3225.0	2.28	0.0930	0.936	45.141	0.00	0.00	0	0
7176	-75.042	34.125	-3313.0	2.28	0.0960	0.911	45.466	17.67	0.00	0	0
7177	-74.958	34.125	-3401.0	2.27	0.0990	0.945	45.468	60.99	0.42	0	0
7178	-74.875	34.125	-3476.5	2.26	0.1020	0.945	47.346	107.88	9.42	1	0
7179	-74.792	34.125	-3567.0	2.25	0.1020	0.913	47.364	42.81	7.92	1	0
7180	-74.708	34.125	-3601.0	2.24	0.0980	0.864	44.790	46.06	2.65	0	0
7181	-74.625	34.125	-3651.0	2.24	0.0930	0.974	45.271	32.46	0.00	0	0
7182	-74.542	34.125	-3737.0	2.24	0.0880	0.979	45.272	58.18	1.73	0	0
7183	-74.458	34.125	-3829.0	2.24	0.0850	0.981	45.420	0.00	0.00	0	0
7184	-74.375	34.125	-3865.0	2.25	0.0840	1.000	45.963	23.25	0.07	0	0
7185	-74.292	34.125	-3927.0	2.25	0.0820	1.095	46.245	0.00	0.00	0	0
7186	-74.208	34.125	-3950.5	2.25	0.0810	1.012	46.203	0.00	0.00	0	0
7187	-74.125	34.125	-4008.5	2.27	0.0800	1.017	46.897	3.74	0.00	0	0
7188	-74.042	34.125	-4092.0	2.27	0.0780	0.942	46.969	17.15	0.02	0	0
7189	-73.958	34.125	-4157.5	2.28	0.0760	0.868	47.311	19.58	0.00	0	0
7190	-73.875	34.125	-4202.0	2.30	0.0730	0.863	46.282	0.00	0.00	0	0
7191	-73.792	34.125	-4239.5	2.31	0.0710	0.853	46.279	0.00	0.00	0	0
7192	-73.708	34.125	-4285.0	2.31	0.0680	0.844	48.641	0.00	0.00	0	0
7193	-73.625	34.125	-4333.0	2.31	0.0650	0.832	48.608	0.00	0.00	0	0
7194	-73.542	34.125	-4389.5	2.31	0.0630	0.825	48.465	0.00	0.00	0	0
7195	-73.458	34.125	-4379.0	2.30	0.0620	0.821	47.938	0.00	0.00	0	0
7196	-73.375	34.125	-4370.0	2.26	0.0610	0.820	47.623	0.00	0.00	0	0
7197	-73.292	34.125	-4416.0	2.26	0.0600	0.816	48.138	0.00	0.00	0	0
7198	-73.208	34.125	-4464.0	2.26	0.0590	0.642	47.464	0.00	0.00	0	0
7199	-73.125	34.125	-4496.0	2.26	0.0580	0.643	47.426	0.00	0.00	0	0
7200	-73.042	34.125	-4537.0	2.26	0.0570	0.688	47.442	0.00	0.00	0	0
7201	-72.958	34.125	-4583.0	2.25	0.0560	0.694	47.443	0.00	0.00	0	0
7202	-72.875	34.125	-4653.0	2.25	0.0550	0.684	47.446	0.00	0.00	0	0
7203	-72.792	34.125	-4735.5	2.25	0.0540	0.520	47.377	0.00	0.00	0	0
7204	-72.708	34.125	-4706.0	2.25	0.0520	0.595	47.683	0.00	0.00	0	0
7205	-72.625	34.125	-4675.5	2.26	0.0510	0.686	47.707	0.00	0.00	0	0
7206	-72.542	34.125	-4561.0	2.26	0.0490	0.603	47.903	0.00	0.00	0	0
7207	-72.458	34.125	-4550.0	2.26	0.0480	0.440	47.540	0.00	0.00	0	0
7208	-72.375	34.125	-4626.0	2.26	0.0470	0.405	47.459	0.00	0.00	0	0
7209	-72.292	34.125	-4673.5	2.26	0.0450	0.544	47.460	0.00	0.00	0	0
7210	-72.208	34.125	-4725.0	2.26	0.0440	0.544	47.551	0.00	0.00	0	0
7211	-72.125	34.125	-4776.0	2.27	0.0420	0.425	47.570	0.00	0.00	0	0
7212	-72.042	34.125	-4813.5	2.27	0.0390	0.386	47.618	0.00	0.00	0	0
7213	-71.958	34.125	-4847.0	2.27	0.0370	0.395	47.289	0.00	0.00	0	0
7214	-71.875	34.125	-4859.0	2.27	0.0360	0.437	46.738	0.00	0.00	0	0
7215	-71.792	34.125	-4896.0	2.27	0.0350	0.413	46.610	0.00	0.00	0	0
7216	-71.708	34.125	-4948.0	2.27	0.0330	0.407	46.635	0.00	0.00	0	0
7217	-71.625	34.125	-5038.5	2.27	0.0310	0.391	46.857	0.00	0.00	0	0
7218	-71.542	34.125	-5083.0	2.27	0.0300	0.338	47.714	0.00	0.00	0	0
7219	-71.458	34.125	-5112.0	2.27	0.0280	0.335	47.728	0.00	0.00	0	0
7220	-71.375	34.125	-5149.0	2.27	0.0270	0.331	47.779	0.00	0.00	0	0
7221	-71.292	34.125	-5190.0	2.27	0.0270	0.334	47.833	0.00	0.00	0	0
7222	-71.208	34.125	-5205.0	2.27	0.0270	0.383	48.305	0.00	0.00	0	0
7223	-71.125	34.125	-5236.0	2.27	0.0270	0.436	48.368	0.00	0.00	0	0
7224	-71.042	34.125	-5263.0	2.29	0.0270	0.442	48.409	0.00	0.00	0	0
7225	-77.958	34.208	nan	nan	nan	nan	nan	0.00	0.00	0	0
7226	-77.875	34.208	nan	nan	nan	nan	nan	0.00	0.00	0	0
7227	-77.792	34.208	-2.0	12.66	0.0300	0.090	53.594	0.00	0.00	0	0
7228	-77.708	34.208	-15.0	19.85	0.0290	0.082	55.106	0.00	0.00	0	0
7229	-77.625	34.208	-16.0	20.10	0.0280	0.087	54.547	0.00	0.00	0	0
7230	-77.542	34.208	-18.0	21.32	0.0280	0.094	58.730	0.00	0.00	0	0
7231	-77.458	34.208	-20.0	16.78	0.0270	0.093	60.129	0.00	0.00	0	0
7232	-77.375	34.208	-22.0	14.10	0.0260	0.086	56.881	0.00	0.00	0	0
7233	-77.292	34.208	-24.0	14.10	0.0250	0.098	57.720	0.00	0.00	0	0
7234	-77.208	34.208	-26.0	14.40	0.0250	0.081	58.261	0.00	0.00	40	40
7235	-77.125	34.208	-27.0	14.45	0.0240	0.101	57.703	0.00	0.00	0	0
7236	-77.042	34.208	-29.0	12.76	0.0250	0.161	58.275	0.00	6.93	59	54
7237	-76.958	34.208	-30.0	12.77	0.0290	0.107	58.489	0.00	0.32	54	52
7238	-76.875	34.208	-31.0	13.64	0.0350	0.707	58.189	0.00	0.00	0	0
7239	-76.792	34.208	-31.0	11.61	0.0490	0.747	56.558	0.00	0.00	0	0
7240	-76.708	34.208	-33.0	12.72	0.0580	0.853	56.011	0.00	0.00	0	0
7241	-76.625	34.208	-32.0	12.04	0.0700	0.865	56.473	0.00	0.00	0	0
7242	-76.542	34.208	-32.0	11.88	0.0830	0.082	56.334	0.00	17.30	42	37
7243	-76.458	34.208	-32.0	7.39	0.0920	0.058	56.040	0.00	0.00	23	22
7244	-76.375	34.208	-33.0	6.22	0.0950	0.093	55.601	0.00	15.09	36	32
7245	-76.292	34.208	-33.0	3.01	0.0970	0.137	56.078	0.00	18.53	37	29
7246	-76.208	34.208	-47.0	3.01	0.1010	0.127	57.301	0.00	30.12	20	12
7247	-76.125	34.208	-73.5	2.93	0.1090	0.154	57.668	0.00	29.87	14	5
7248	-76.042	34.208	-193.0	2.92	0.1180	0.285	56.484	0.00	71.80	15	4
7249	-75.958	34.208	-293.0	2.90	0.1290	0.620	54.542	0.00	635.71	33	24
7250	-75.875	34.208	-431.0	2.87	0.1410	0.995	53.878	16.53	819.97	53	33
7251	-75.792	34.208	-597.0	2.84	0.1410	1.398	58.253	144.06	1003.83	57	36
7252	-75.708	34.208	-1305.0	2.61	0.1340	1.545	50.420	1068.97	455.40	36	19
7253	-75.625	34.208	-2270.5	2.61	0.1200	1.548	48.877	399.17	85.70	6	3
7254	-75.542	34.208	-2750.0	2.58	0.1050	1.543	48.675	151.36	8.36	1	0
7255	-75.458	34.208	-2888.5	2.59	0.0950	1.534	46.083	74.82	0.00	0	0
7256	-75.375	34.208	-2978.0	2.58	0.0890	1.618	44.701	55.78	0.00	0	0
7257	-75.292	34.208	-3038.0	2.56	0.0860	1.376	44.544	205.37	20.89	1	1
7258	-75.208	34.208	-3133.0	2.47	0.0870	1.438	44.726	228.57	12.40	2	1
7259	-75.125	34.208	-3213.0	2.35	0.0910	1.154	44.903	197.47	23.34	2	1
7260	-75.042	34.208	-3251.0	2.28	0.0950	0.935	45.265	0.00	0.00	0	0
7261	-74.958	34.208	-3305.0	2.28	0.0980	0.961	45.335	0.00	0.00	0	0
7262	-74.875	34.208	-3391.5	2.27	0.1010	0.945	45.455	65.42	1.49	0	0
7263	-74.792	34.208	-3452.0	2.25	0.1020	0.944	47.345	70.58	1.74	0	0
7264	-74.708	34.208	-3514.0	2.25	0.0990	0.913	45.225	0.00	0.00	0	0
7265	-74.625	34.208	-3607.0	2.24	0.0950	1.012	45.050	86.31	9.70	1	0
7266	-74.542	34.208	-3713.0	2.23	0.0900	0.976	45.121	88.36	6.52	1	0
7267	-74.458	34.208	-3766.0	2.24	0.0870	0.980	45.245	55.69	0.68	0	0
7268	-74.375	34.208	-3790.5	2.24	0.0850	0.996	45.417	44.72	0.24	0	0
7269	-74.292	34.208	-3828.5	2.25	0.0840	1.001	45.965	0.00	0.00	0	0
7270	-74.208	34.208	-3881.0	2.25	0.0820	0.997	46.253	0.00	0.00	0	0
7271	-74.125	34.208	-3941.0	2.25	0.0810	0.924	46.212	33.69	0.09	0	0
7272	-74.042	34.208	-4030.0	2.27	0.0790	0.882	46.896	0.00	0.00	0	0
7273	-73.958	34.208	-4086.5	2.27	0.0770	0.865	46.894	0.00	0.00	0	0
7274	-73.875	34.208	-4114.0	2.28	0.0740	0.866	47.170	0.00	0.00	0	0
7275	-73.792	34.208	-4179.0	2.30	0.0720	0.862	46.364	0.00	0.00	0	0
7276	-73.708	34.208	-4245.0	2.31	0.0690	0.857	48.600	0.00	0.00	0	0
7277	-73.625	34.208	-4275.0	2.31	0.0670	0.847	48.634	0.00	0.00	0	0
7278	-73.542	34.208	-4274.0	2.31	0.0650	0.837	48.487	0.00	0.00	0	0
7279	-73.458	34.208	-4269.0	2.30	0.0630	0.831	47.992	0.00	0.00	0	0
7280	-73.375	34.208	-4320.0	2.26	0.0620	0.825	47.915	0.00	0.00	0	0
7281	-73.292	34.208	-4379.0	2.26	0.0610	0.814	48.184	0.00	0.00	0	0
7282	-73.208	34.208	-4424.0	2.26	0.0600	0.635	48.136	0.00	0.00	0	0
7283	-73.125	34.208	-4466.0	2.26	0.0590	0.638	47.465	0.00	0.00	0	0
7284	-73.042	34.208	-4507.0	2.26	0.0580	0.634	47.433	0.00	0.00	0	0
7285	-72.958	34.208	-4538.0	2.25	0.0570	0.692	47.476	0.00	0.00	0	0
7286	-72.875	34.208	-4585.0	2.25	0.0550	0.689	47.532	0.00	0.00	0	0
7287	-72.792	34.208	-4672.0	2.25	0.0540	0.561	47.691	0.00	0.00	0	0
7288	-72.708	34.208	-4692.0	2.25	0.0530	0.586	47.693	0.00	0.00	0	0
7289	-72.625	34.208	-4664.0	2.24	0.0510	0.683	47.799	0.00	0.00	0	0
7290	-72.542	34.208	-4638.0	2.26	0.0500	0.525	47.768	0.00	0.00	0	0
7291	-72.458	34.208	-4517.0	2.26	0.0490	0.438	47.901	0.00	0.00	0	0
7292	-72.375	34.208	-4538.0	2.26	0.0480	0.445	47.610	0.00	0.00	0	0
7293	-72.292	34.208	-4603.0	2.27	0.0470	0.432	47.483	0.00	0.00	0	0
7294	-72.208	34.208	-4650.0	2.26	0.0450	0.629	47.465	0.00	0.00	0	0
7295	-72.125	34.208	-4694.5	2.26	0.0440	0.544	47.593	0.00	0.00	0	0
7296	-72.042	34.208	-4723.0	2.27	0.0420	0.433	47.617	0.00	0.00	0	0
7297	-71.958	34.208	-4761.5	2.28	0.0400	0.450	47.687	0.00	0.00	0	0
7298	-71.875	34.208	-4777.0	2.27	0.0380	0.451	47.910	0.00	0.00	0	0
7299	-71.792	34.208	-4808.0	2.27	0.0370	0.444	46.365	0.00	0.00	0	0
7300	-71.708	34.208	-4846.0	2.27	0.0350	0.412	46.432	0.00	0.00	0	0
7301	-71.625	34.208	-4922.0	2.27	0.0330	0.387	46.513	0.00	0.00	0	0
7302	-71.542	34.208	-4998.0	2.27	0.0310	0.328	46.884	0.00	0.00	0	0
7303	-71.458	34.208	-5037.0	2.27	0.0290	0.327	47.735	0.00	0.00	0	0
7304	-71.375	34.208	-5064.0	2.27	0.0280	0.327	47.801	0.00	0.00	0	0
7305	-71.292	34.208	-5114.0	2.27	0.0270	0.332	47.863	0.00	0.00	0	0
7306	-71.208	34.208	-5162.5	2.27	0.0270	0.331	47.874	0.00	0.00	0	0
7307	-71.125	34.208	-5185.0	2.27	0.0270	0.324	48.343	0.00	0.00	0	0
7308	-71.042	34.208	-5211.0	2.29	0.0270	0.366	48.135	0.00	0.00	0	0
7309	-77.958	34.292	nan	nan	nan	nan	nan	0.00	0.00	0	0
7310	-77.875	34.292	nan	nan	nan	nan	nan	0.00	0.00	0	0
7311	-77.792	34.292	nan	nan	nan	nan	nan	0.00	0.00	0	0
7312	-77.708	34.292	-6.0	12.55	0.0300	0.095	51.882	0.00	0.00	0	0
7313	-77.625	34.292	-14.0	12.58	0.0290	0.080	52.807	0.00	0.00	0	0
7314	-77.542	34.292	-16.0	20.09	0.0290	0.060	58.521	0.00	0.00	0	0
7315	-77.458	34.292	-18.0	21.29	0.0280	0.093	59.661	0.00	0.00	0	0
7316	-77.375	34.292	-19.0	24.31	0.0270	0.112	60.570	0.00	0.00	0	0
7317	-77.292	34.292	-21.0	14.08	0.0260	0.092	57.722	0.00	0.00	0	0
7318	-77.208	34.292	-23.0	14.01	0.0250	0.111	58.250	0.00	0.00	0	0
7319	-77.125	34.292	-25.0	13.94	0.0240	0.096	58.150	0.00	0.00	47	44
7320	-77.042	34.292	-26.0	10.99	0.0250	0.079	58.491	0.00	0.00	29	27
7321	-76.958	34.292	-28.0	12.72	0.0240	0.181	57.671	0.00	0.00	0	0
7322	-76.875	34.292	-28.0	12.62	0.0310	0.085	57.836	0.00	0.00	46	42
7323	-76.792	34.292	-28.0	8.27	0.0470	0.848	55.601	0.00	0.00	0	0
7324	-76.708	34.292	-30.0	8.36	0.0580	0.870	55.052	0.00	0.00	0	0
7325	-76.625	34.292	-30.0	7.12	0.0640	0.846	55.644	0.00	0.00	0	0
7326	-76.542	34.292	-29.0	10.78	0.0770	0.920	55.784	0.00	0.00	0	0
7327	-76.458	34.292	-30.0	8.41	0.0850	0.058	55.592	0.00	0.00	24	24
7328	-76.375	34.292	-31.0	8.31	0.0880	0.058	55.376	0.00	0.39	30	27
7329	-76.292	34.292	-31.0	7.21	0.0930	0.094	55.379	0.00	12.75	37	31
7330	-76.208	34.292	-33.0	3.00	0.0960	0.148	56.547	0.00	54.08	36	26
7331	-76.125	34.292	-58.0	3.01	0.0950	0.158	57.436	0.00	56.48	22	11
7332	-76.042	34.292	-75.0	2.93	0.1040	0.179	57.665	0.00	21.78	18	8
7333	-75.958	34.292	-183.0	2.91	0.1170	0.320	56.460	0.00	144.66	21	11
7334	-75.875	34.292	-276.0	2.89	0.1320	0.663	54.522	0.00	722.02	41	27
7335	-75.792	34.292	-386.5	2.86	0.1370	1.042	53.994	7.76	970.73	50	35
7336	-75.708	34.292	-1027.5	2.61	0.1330	1.390	58.268	268.19	364.20	24	14
7337	-75.625	34.292	-2011.5	2.62	0.1240	1.531	50.746	679.59	167.63	13	7
7338	-75.542	34.292	-2679.0	2.60	0.1120	1.538	48.963	72.63	2.66	0	0
7339	-75.458	34.292	-2810.5	2.60	0.1010	1.529	48.700	117.02	2.85	1	0
7340	-75.375	34.292	-2965.0	2.58	0.0900	1.518	46.056	0.00	0.00	0	0
7341	-75.292	34.292	-3039.0	2.57	0.0870	1.617	44.681	44.61	0.00	0	0
7342	-75.208	34.292	-3097.0	2.55	0.0870	1.502	44.557	72.87	0.00	0	0
7343	-75.125	34.292	-3142.0	2.35	0.0900	1.326	44.744	103.99	8.99	1	0
7344	-75.042	34.292	-3162.0	2.35	0.0930	0.937	44.966	0.00	0.00	0	0
7345	-74.958	34.292	-3225.5	2.28	0.0980	0.960	45.287	0.00	0.00	0	0
7346	-74.875	34.292	-3296.5	2.28	0.1010	0.946	47.079	0.00	0.00	0	0
7347	-74.792	34.292	-3373.0	2.26	0.1020	0.944	46.902	41.02	0.30	0	0
7348	-74.708	34.292	-3475.5	2.25	0.1010	0.924	47.342	69.67	1.37	0	0
7349	-74.625	34.292	-3591.0	2.25	0.0970	0.867	45.009	70.19	8.73	1	0
7350	-74.542	34.292	-3672.0	2.24	0.0930	0.861	44.997	43.83	0.66	0	0
7351	-74.458	34.292	-3662.5	2.23	0.0890	0.978	45.082	83.60	3.89	1	0
7352	-74.375	34.292	-3692.5	2.24	0.0880	0.978	45.224	81.25	3.49	1	0
7353	-74.292	34.292	-3746.0	2.25	0.0850	0.995	45.701	53.22	0.45	0	0
7354	-74.208	34.292	-3814.0	2.25	0.0840	0.997	45.972	0.00	0.00	0	0
7355	-74.125	34.292	-3892.0	2.25	0.0820	0.999	46.019	0.00	0.00	0	0
7356	-74.042	34.292	-3955.5	2.27	0.0800	0.870	46.262	0.00	0.00	0	0
7357	-73.958	34.292	-3986.5	2.27	0.0780	0.876	46.789	0.00	0.00	0	0
7358	-73.875	34.292	-4071.0	2.28	0.0750	0.861	46.989	0.00	0.00	0	0
7359	-73.792	34.292	-4129.0	2.30	0.0730	0.878	46.557	0.00	0.00	0	0
7360	-73.708	34.292	-4184.0	2.30	0.0700	0.857	46.347	0.00	0.00	0	0
7361	-73.625	34.292	-4170.0	2.31	0.0680	0.855	48.607	0.00	0.00	0	0
7362	-73.542	34.292	-4158.5	2.31	0.0660	0.849	48.614	0.00	0.00	0	0
7363	-73.458	34.292	-4215.5	2.31	0.0650	0.840	48.480	0.00	0.00	0	0
7364	-73.375	34.292	-4287.0	2.30	0.0630	0.832	47.964	0.00	0.00	0	0
7365	-73.292	34.292	-4350.0	2.26	0.0620	0.818	47.650	0.00	0.00	0	0
7366	-73.208	34.292	-4403.0	2.26	0.0610	0.816	48.187	0.00	0.00	0	0
7367	-73.125	34.292	-4436.5	2.26	0.0590	0.633	47.475	0.00	0.00	0	0
7368	-73.042	34.292	-4471.0	2.26	0.0580	0.812	47.470	0.00	0.00	0	0
7369	-72.958	34.292	-4502.0	2.26	0.0570	0.633	47.496	0.00	0.00	0	0
7370	-72.875	34.292	-4535.0	2.25	0.0560	0.555	47.530	0.00	0.00	0	0
7371	-72.792	34.292	-4626.0	2.25	0.0540	0.554	47.508	0.00	0.00	0	0
7372	-72.708	34.292	-4656.0	2.25	0.0530	0.588	47.736	0.00	0.00	0	0
7373	-72.625	34.292	-4646.0	2.24	0.0520	0.673	47.832	0.00	0.00	0	0
7374	-72.542	34.292	-4627.5	2.26	0.0510	0.676	47.808	0.00	0.00	0	0
7375	-72.458	34.292	-4605.0	2.26	0.0500	0.438	47.861	0.00	0.00	0	0
7376	-72.375	34.292	-4504.0	2.26	0.0490	0.442	48.004	0.00	0.00	0	0
7377	-72.292	34.292	-4521.0	2.26	0.0480	0.417	47.630	0.00	0.00	0	0
7378	-72.208	34.292	-4580.0	2.27	0.0470	0.636	47.517	0.00	0.00	0	0
7379	-72.125	34.292	-4617.0	2.26	0.0460	0.633	47.510	0.00	0.00	0	0
7380	-72.042	34.292	-4646.0	2.26	0.0450	0.552	47.632	0.00	0.00	0	0
7381	-71.958	34.292	-4678.5	2.28	0.0430	0.544	47.680	0.00	0.00	0	0
7382	-71.875	34.292	-4688.0	2.28	0.0410	0.465	47.979	0.00	0.00	0	0
7383	-71.792	34.292	-4722.0	2.28	0.0390	0.473	47.360	0.00	0.00	0	0
7384	-71.708	34.292	-4746.0	2.27	0.0370	0.472	46.627	0.00	0.00	0	0
7385	-71.625	34.292	-4785.5	2.27	0.0350	0.383	46.624	0.00	0.00	0	0
7386	-71.542	34.292	-4871.0	2.27	0.0320	0.383	46.521	0.00	0.00	0	0
7387	-71.458	34.292	-4933.0	2.27	0.0300	0.390	46.884	0.00	0.00	0	0
7388	-71.375	34.292	-4977.0	2.27	0.0280	0.332	47.760	0.00	0.00	0	0
7389	-71.292	34.292	-5021.0	2.27	0.0270	0.323	47.830	0.00	0.00	0	0
7390	-71.208	34.292	-5074.0	2.27	0.0270	0.318	47.818	0.00	0.00	0	0
7391	-71.125	34.292	-5123.5	2.27	0.0270	0.317	48.292	0.00	0.00	0	0
7392	-71.042	34.292	-5148.0	2.29	0.0270	0.428	48.033	0.00	0.00	0	0
7393	-77.958	34.375	nan	nan	nan	nan	nan	0.00	0.00	0	0
7394	-77.875	34.375	nan	nan	nan	nan	nan	0.00	0.00	0	0
7395	-77.792	34.375	nan	nan	nan	nan	nan	0.00	0.00	0	0
7396	-77.708	34.375	nan	nan	nan	nan	nan	0.00	0.00	0	0
7397	-77.625	34.375	-2.0	12.82	0.0290	0.122	50.396	0.00	0.00	0	0
7398	-77.542	34.375	-13.0	12.53	0.0290	0.127	56.049	0.00	0.00	0	0
7399	-77.458	34.375	-15.0	16.48	0.0290	0.090	58.102	0.00	0.00	0	0
7400	-77.375	34.375	-16.0	19.47	0.0270	0.100	60.092	0.00	0.00	0	0
7401	-77.292	34.375	-18.0	16.41	0.0260	0.101	60.307	0.00	0.00	0	0
7402	-77.208	34.375	-20.0	16.12	0.0250	0.109	58.243	0.00	0.00	0	0
7403	-77.125	34.375	-22.0	13.97	0.0240	0.118	60.620	0.00	0.00	0	0
7404	-77.042	34.375	-23.0	14.00	0.0230	0.115	57.814	0.00	0.00	45	43
7405	-76.958	34.375	-25.0	6.67	0.0210	0.068	60.618	0.00	0.00	27	25
7406	-76.875	34.375	-25.0	6.44	0.0230	0.106	58.188	0.00	0.00	0	0
7407	-76.792	34.375	-26.0	5.39	0.0390	0.106	56.284	0.00	8.12	39	34
7408	-76.708	34.375	-27.0	5.45	0.0540	0.993	54.652	0.00	0.00	0	0
7409	-76.625	34.375	-26.0	7.13	0.0600	1.144	54.725	0.00	0.00	0	0
7410	-76.542	34.375	-22.0	5.50	0.0700	1.023	55.639	0.00	0.00	0	0
7411	-76.458	34.375	-17.0	5.96	0.0800	0.921	55.654	0.00	0.00	0	0
7412	-76.375	34.375	-23.0	8.57	0.0880	0.206	55.588	0.00	0.00	0	0
7413	-76.292	34.375	-29.0	7.32	0.0940	0.232	54.694	0.00	135.85	76	60
7414	-76.208	34.375	-31.0	6.23	0.0940	0.094	56.051	0.00	16.84	42	35
7415	-76.125	34.375	-45.0	3.00	0.0930	0.163	56.691	0.00	68.85	30	21
7416	-76.042	34.375	-58.0	3.01	0.0990	0.169	57.483	0.00	49.66	29	17
7417	-75.958	34.375	-84.0	2.92	0.1040	0.302	58.516	0.00	151.34	39	29
7418	-75.875	34.375	-185.5	2.90	0.1210	0.663	56.447	0.00	761.94	51	40
7419	-75.792	34.375	-272.5	2.87	0.1350	0.981	54.513	0.00	1083.21	62	43
7420	-75.708	34.375	-667.5	2.85	0.1330	1.364	57.253	283.94	1153.03	63	48
7421	-75.625	34.375	-1808.0	2.62	0.1320	1.372	58.263	878.04	402.45	22	16
7422	-75.542	34.375	-2589.0	2.63	0.1200	1.522	50.488	367.99	75.79	5	3
7423	-75.458	34.375	-2769.0	2.61	0.1080	1.523	49.427	187.86	14.53	1	0
7424	-75.375	34.375	-2863.0	2.59	0.0970	1.527	48.578	98.32	0.39	0	0
7425	-75.292	34.375	-2998.0	2.58	0.0930	1.621	45.960	69.77	0.00	0	0
7426	-75.208	34.375	-3025.5	2.57	0.0910	1.378	44.415	163.60	19.38	1	1
7427	-75.125	34.375	-3033.5	2.49	0.0910	1.014	44.586	28.09	0.00	0	0
7428	-75.042	34.375	-3083.0	2.36	0.0920	1.159	44.770	0.00	0.00	0	0
7429	-74.958	34.375	-3128.5	2.29	0.0960	0.936	45.012	0.00	0.00	0	0
7430	-74.875	34.375	-3202.5	2.28	0.1010	0.960	45.191	0.00	0.00	0	0
7431	-74.792	34.375	-3342.0	2.28	0.1030	0.944	45.367	39.51	2.26	0	0
7432	-74.708	34.375	-3442.0	2.25	0.1030	0.944	46.691	43.38	6.59	1	0
7433	-74.625	34.375	-3528.0	2.25	0.1000	0.925	45.190	122.36	9.94	1	0
7434	-74.542	34.375	-3545.0	2.25	0.0960	0.866	44.930	27.31	0.00	0	0
7435	-74.458	34.375	-3575.0	2.23	0.0930	0.978	44.951	193.06	21.47	2	1
7436	-74.375	34.375	-3620.0	2.24	0.0890	0.985	45.045	89.15	8.57	1	0
7437	-74.292	34.375	-3679.0	2.24	0.0870	0.997	45.461	138.08	12.17	2	0
7438	-74.208	34.375	-3773.5	2.25	0.0850	1.141	45.707	56.81	0.57	0	0
7439	-74.125	34.375	-3842.0	2.25	0.0830	0.996	45.997	40.04	0.19	0	0
7440	-74.042	34.375	-3853.0	2.25	0.0810	1.003	46.018	1.39	0.00	0	0
7441	-73.958	34.375	-3935.0	2.27	0.0790	0.879	46.263	11.47	0.01	0	0
7442	-73.875	34.375	-3994.0	2.27	0.0760	0.856	46.756	0.00	0.00	0	0
7443	-73.792	34.375	-4104.0	2.29	0.0740	0.852	46.908	0.00	0.00	0	0
7444	-73.708	34.375	-4065.5	2.30	0.0710	0.853	46.580	0.00	0.00	0	0
7445	-73.625	34.375	-4053.5	2.31	0.0690	0.852	48.623	0.00	0.00	0	0
7446	-73.542	34.375	-4099.0	2.31	0.0670	0.847	48.634	2.60	0.00	0	0
7447	-73.458	34.375	-4186.0	2.31	0.0660	0.841	48.496	0.00	0.00	0	0
7448	-73.375	34.375	-4253.5	2.30	0.0640	0.833	48.009	0.00	0.00	0	0
7449	-73.292	34.375	-4313.0	2.26	0.0630	0.819	47.942	0.00	0.00	0	0
7450	-73.208	34.375	-4362.0	2.26	0.0610	0.817	47.645	0.00	0.00	0	0
7451	-73.125	34.375	-4407.0	2.26	0.0600	0.805	48.188	0.00	0.00	0	0
7452	-73.042	34.375	-4445.0	2.26	0.0580	0.659	47.477	0.00	0.00	0	0
7453	-72.958	34.375	-4486.0	2.25	0.0570	0.613	47.499	0.00	0.00	0	0
7454	-72.875	34.375	-4569.0	2.25	0.0560	0.567	47.528	0.00	0.00	0	0
7455	-72.792	34.375	-4604.0	2.25	0.0540	0.581	47.587	0.00	0.00	0	0
7456	-72.708	34.375	-4611.5	2.25	0.0530	0.674	47.177	0.00	0.00	0	0
7457	-72.625	34.375	-4626.0	2.24	0.0520	0.586	47.568	0.00	0.00	0	0
7458	-72.542	34.375	-4611.0	2.24	0.0510	0.580	47.855	0.00	0.00	0	0
7459	-72.458	34.375	-4595.0	2.24	0.0510	0.677	47.832	0.00	0.00	0	0
7460	-72.375	34.375	-4569.0	2.25	0.0500	0.440	48.415	0.00	0.00	0	0
7461	-72.292	34.375	-4488.0	2.26	0.0490	0.413	48.053	0.00	0.00	0	0
7462	-72.208	34.375	-4491.5	2.26	0.0490	0.633	47.979	0.00	0.00	0	0
7463	-72.125	34.375	-4549.0	2.27	0.0480	0.640	47.617	0.00	0.00	0	0
7464	-72.042	34.375	-4589.0	2.26	0.0470	0.643	47.651	0.00	0.00	0	0
7465	-71.958	34.375	-4609.0	2.27	0.0460	0.637	47.679	0.00	0.00	0	0
7466	-71.875	34.375	-4626.0	2.28	0.0440	0.471	47.752	0.00	0.00	0	0
7467	-71.792	34.375	-4640.0	2.28	0.0420	0.451	47.769	0.00	0.00	0	0
7468	-71.708	34.375	-4652.0	2.28	0.0400	0.468	47.598	0.00	0.00	0	0
7469	-71.625	34.375	-4686.0	2.27	0.0380	0.413	46.513	0.00	0.00	0	0
7470	-71.542	34.375	-4748.0	2.27	0.0350	0.418	46.571	0.00	0.00	0	0
7471	-71.458	34.375	-4830.0	2.27	0.0320	0.385	46.434	0.00	0.00	0	0
7472	-71.375	34.375	-4895.5	2.27	0.0300	0.326	47.706	0.00	0.00	0	0
7473	-71.292	34.375	-4944.0	2.27	0.0280	0.321	47.789	0.00	0.00	0	0
7474	-71.208	34.375	-4987.5	2.27	0.0270	0.314	47.792	0.00	0.00	0	0
7475	-71.125	34.375	-5035.5	2.27	0.0270	0.317	47.846	0.00	0.00	0	0
7476	-71.042	34.375	-5074.0	2.27	0.0270	0.432	48.316	0.00	0.00	0	0
7477	-77.958	34.458	nan	nan	nan	nan	nan	0.00	0.00	0	0
7478	-77.875	34.458	nan	nan	nan	nan	nan	0.00	0.00	0	0
7479	-77.792	34.458	nan	nan	nan	nan	nan	0.00	0.00	0	0
7480	-77.708	34.458	nan	nan	nan	nan	nan	0.00	0.00	0	0
7481	-77.625	34.458	nan	nan	nan	nan	nan	0.00	0.00	0	0
7482	-77.542	34.458	nan	nan	nan	nan	nan	0.00	0.00	0	0
7483	-77.458	34.458	-11.0	12.46	0.0290	1.251	60.083	0.00	0.00	0	0
7484	-77.375	34.458	-12.0	16.05	0.0280	0.080	62.885	0.00	0.00	0	0
7485	-77.292	34.458	-14.0	16.90	0.0270	0.091	58.503	0.00	0.00	0	0
7486	-77.208	34.458	-17.0	20.01	0.0260	0.120	60.763	0.00	0.00	0	0
7487	-77.125	34.458	-19.0	15.08	0.0240	0.109	58.562	0.00	0.00	0	0
7488	-77.042	34.458	-20.0	6.99	0.0230	0.112	60.259	0.00	0.00	40	37
7489	-76.958	34.458	-22.0	14.05	0.0200	0.105	58.719	0.00	0.00	0	0
7490	-76.875	34.458	-23.0	6.58	0.0200	0.121	57.897	0.00	0.00	30	25
7491	-76.792	34.458	-22.0	5.01	0.0320	0.700	57.729	0.00	0.00	0	0
7492	-76.708	34.458	-23.0	5.27	0.0410	1.197	55.613	0.00	0.00	0	0
7493	-76.625	34.458	-20.0	1.80	0.0560	1.323	54.803	0.00	0.00	0	0
7494	-76.542	34.458	-17.0	1.76	0.0670	1.115	54.414	0.00	0.00	0	0
7495	-76.458	34.458	-15.0	3.61	0.0760	0.958	55.604	0.00	0.00	0	0
7496	-76.375	34.458	-18.0	3.58	0.0820	0.928	55.598	0.00	0.00	0	0
7497	-76.292	34.458	-31.0	2.38	0.0880	0.202	55.597	0.00	95.52	61	47
7498	-76.208	34.458	-37.0	0.12	0.0910	0.211	55.580	0.00	0.00	0	0
7499	-76.125	34.458	-41.0	2.02	0.0930	0.126	56.313	0.00	19.41	11	8
7500	-76.042	34.458	-45.0	3.00	0.0950	0.169	57.050	0.00	79.16	37	28
7501	-75.958	34.458	-61.0	2.92	0.1010	0.187	58.701	0.00	46.15	32	25
7502	-75.875	34.458	-104.0	2.91	0.1100	0.345	55.534	0.00	154.32	37	29
7503	-75.792	34.458	-191.0	2.89	0.1240	0.670	56.432	0.00	771.49	54	42
7504	-75.708	34.458	-293.5	2.87	0.1330	1.028	54.506	0.00	1013.43	62	47
7505	-75.625	34.458	-1201.0	2.83	0.1360	1.360	57.250	727.73	839.15	54	30
7506	-75.542	34.458	-2337.0	2.63	0.1300	1.526	58.225	1044.13	271.74	18	11
7507	-75.458	34.458	-2596.0	2.60	0.1170	1.523	50.459	479.86	95.09	6	4
7508	-75.375	34.458	-2707.0	2.60	0.1080	1.519	49.198	316.91	53.01	4	2
7509	-75.292	34.458	-2846.0	2.59	0.0990	1.523	51.362	113.35	5.62	1	0
7510	-75.208	34.458	-2954.0	2.58	0.0960	1.516	45.221	82.91	0.00	0	0
7511	-75.125	34.458	-2975.0	2.56	0.0920	1.616	44.450	77.46	0.00	0	0
7512	-75.042	34.458	-3014.0	2.37	0.0890	1.011	44.629	19.79	0.00	0	0
7513	-74.958	34.458	-3063.0	2.36	0.0970	1.147	44.809	58.88	7.19	1	0
7514	-74.875	34.458	-3190.5	2.28	0.1020	0.822	45.173	0.00	0.00	0	0
7515	-74.792	34.458	-3264.5	2.28	0.1060	0.960	47.037	0.00	0.00	0	0
7516	-74.708	34.458	-3346.5	2.27	0.1060	0.884	46.862	40.39	3.88	0	0
7517	-74.625	34.458	-3460.0	2.25	0.1040	0.934	46.688	42.80	5.60	1	0
7518	-74.542	34.458	-3450.0	2.24	0.1000	0.936	44.909	104.17	9.59	1	0
7519	-74.458	34.458	-3488.0	2.24	0.0960	1.012	44.864	261.46	26.76	3	2
7520	-74.375	34.458	-3559.0	2.23	0.0920	1.020	44.894	215.81	22.25	2	1
7521	-74.292	34.458	-3645.5	2.24	0.0890	0.985	45.008	96.44	9.47	1	0
7522	-74.208	34.458	-3700.0	2.24	0.0860	0.998	45.452	17.77	0.00	0	0
7523	-74.125	34.458	-3745.0	2.25	0.0840	1.001	45.710	51.51	0.39	0	0
7524	-74.042	34.458	-3800.5	2.25	0.0820	0.996	45.990	27.71	0.11	0	0
7525	-73.958	34.458	-3864.0	2.25	0.0800	1.005	46.017	7.24	0.01	0	0
7526	-73.875	34.458	-3975.0	2.27	0.0770	0.877	46.249	0.00	0.00	0	0
7527	-73.792	34.458	-3971.0	2.27	0.0750	0.874	46.695	0.00	0.00	0	0
7528	-73.708	34.458	-3953.0	2.29	0.0720	0.851	46.835	0.00	0.00	0	0
7529	-73.625	34.458	-3984.0	2.30	0.0700	0.846	46.641	0.00	0.00	0	0
7530	-73.542	34.458	-4068.0	2.31	0.0680	0.841	48.608	0.00	0.00	0	0
7531	-73.458	34.458	-4143.0	2.31	0.0660	0.835	48.618	0.00	0.00	0	0
7532	-73.375	34.458	-4205.5	2.31	0.0650	0.827	48.041	0.00	0.00	0	0
7533	-73.292	34.458	-4277.5	2.30	0.0640	0.818	47.988	0.00	0.00	0	0
7534	-73.208	34.458	-4334.0	2.26	0.0620	0.809	47.679	0.00	0.00	0	0
7535	-73.125	34.458	-4392.0	2.26	0.0610	0.809	48.230	0.00	0.00	0	0
7536	-73.042	34.458	-4436.0	2.26	0.0590	0.805	48.149	0.00	0.00	0	0
7537	-72.958	34.458	-4528.0	2.25	0.0570	0.591	48.213	0.00	0.00	0	0
7538	-72.875	34.458	-4559.0	2.25	0.0550	0.669	47.552	0.00	0.00	0	0
7539	-72.792	34.458	-4578.0	2.25	0.0540	0.584	47.582	0.00	0.00	0	0
7540	-72.708	34.458	-4595.0	2.25	0.0530	0.586	47.570	0.00	0.00	0	0
7541	-72.625	34.458	-4581.5	2.24	0.0530	0.675	47.201	0.00	0.00	0	0
7542	-72.542	34.458	-4583.0	2.24	0.0520	0.582	47.593	0.00	0.00	0	0
7543	-72.458	34.458	-4578.0	2.24	0.0510	0.672	47.819	0.00	0.00	0	0
7544	-72.375	34.458	-4563.0	2.24	0.0510	0.441	47.922	0.00	0.00	0	0
7545	-72.292	34.458	-4534.0	2.25	0.0500	0.538	48.079	0.00	0.00	0	0
7546	-72.208	34.458	-4479.0	2.26	0.0500	0.543	48.013	0.00	0.00	0	0
7547	-72.125	34.458	-4469.0	2.26	0.0490	0.633	47.970	0.00	0.00	0	0
7548	-72.042	34.458	-4517.5	2.27	0.0490	0.641	47.649	0.00	0.00	0	0
7549	-71.958	34.458	-4544.5	2.27	0.0480	0.628	47.721	0.00	0.00	0	0
7550	-71.875	34.458	-4555.0	2.27	0.0470	0.647	47.748	0.00	0.00	0	0
7551	-71.792	34.458	-4568.0	2.28	0.0450	0.468	47.829	0.00	0.00	0	0
7552	-71.708	34.458	-4582.0	2.28	0.0430	0.457	48.083	0.00	0.00	0	0
7553	-71.625	34.458	-4601.0	2.28	0.0400	0.537	47.613	0.00	0.00	0	0
7554	-71.542	34.458	-4643.5	2.28	0.0380	0.437	46.365	0.00	0.00	0	0
7555	-71.458	34.458	-4720.0	2.27	0.0350	0.379	46.252	0.00	0.00	0	0
7556	-71.375	34.458	-4787.0	2.27	0.0320	0.375	46.247	0.00	0.00	0	0
7557	-71.292	34.458	-4850.0	2.27	0.0300	0.407	47.750	0.00	0.00	0	0
7558	-71.208	34.458	-4906.0	2.27	0.0280	0.386	47.744	0.00	0.00	0	0
7559	-71.125	34.458	-4948.0	2.27	0.0280	0.314	47.808	0.00	0.00	0	0
7560	-71.042	34.458	-5023.5	2.27	0.0280	0.428	48.292	0.00	0.00	0	0
7561	-77.958	34.542	nan	nan	nan	nan	nan	0.00	0.00	0	0
7562	-77.875	34.542	nan	nan	nan	nan	nan	0.00	0.00	0	0
7563	-77.792	34.542	nan	nan	nan	nan	nan	0.00	0.00	0	0
7564	-77.708	34.542	nan	nan	nan	nan	nan	0.00	0.00	0	0
7565	-77.625	34.542	nan	nan	nan	nan	nan	0.00	0.00	0	0
7566	-77.542	34.542	nan	nan	nan	nan	nan	0.00	0.00	0	0
7567	-77.458	34.542	nan	nan	nan	nan	nan	0.00	0.00	0	0
7568	-77.375	34.542	nan	nan	nan	nan	nan	0.00	0.00	0	0
7569	-77.292	34.542	-5.0	19.80	0.0280	0.107	59.003	0.00	0.00	0	0
7570	-77.208	34.542	-14.0	20.02	0.0270	0.117	58.012	0.00	0.00	0	0
7571	-77.125	34.542	-16.0	19.44	0.0250	0.106	56.164	0.00	0.00	0	0
7572	-77.042	34.542	-17.0	15.31	0.0240	0.111	58.769	0.00	0.00	0	0
7573	-76.958	34.542	-18.0	6.23	0.0220	0.115	60.181	0.00	0.00	0	0
7574	-76.875	34.542	-19.0	9.77	0.0220	0.128	58.581	0.00	0.00	0	0
7575	-76.792	34.542	-20.0	9.59	0.0280	0.128	57.874	0.00	0.00	0	0
7576	-76.708	34.542	-18.0	6.44	0.0330	0.138	57.963	0.00	3.05	42	39
7577	-76.625	34.542	-18.0	3.18	0.0470	3.500	55.855	0.00	0.00	0	0
7578	-76.542	34.542	-14.0	3.20	0.0610	1.237	54.213	0.00	0.00	0	0
7579	-76.458	34.542	-14.0	6.08	0.0710	1.005	49.500	0.00	0.00	0	0
7580	-76.375	34.542	-22.0	1.67	0.0760	0.692	55.689	0.00	0.00	0	0
7581	-76.292	34.542	-30.0	0.47	0.0800	0.134	55.540	0.00	3.15	22	20
7582	-76.208	34.542	-37.0	0.21	0.0870	0.132	56.510	0.00	7.46	6	5
7583	-76.125	34.542	-38.0	0.13	0.0890	0.124	56.507	0.00	1.91	6	4
7584	-76.042	34.542	-41.0	0.69	0.0910	0.101	56.319	0.00	0.29	10	7
7585	-75.958	34.542	-47.0	2.99	0.0970	0.192	57.278	0.00	62.16	36	30
7586	-75.875	34.542	-59.0	2.92	0.1040	0.200	58.753	0.00	71.35	32	19
7587	-75.792	34.542	-106.0	2.91	0.1180	0.675	55.544	0.00	1097.05	81	68
7588	-75.708	34.542	-203.0	2.89	0.1300	1.003	56.411	0.00	1353.84	68	57
7589	-75.625	34.542	-422.5	2.85	0.1400	1.367	55.073	0.00	0.00	0	0
7590	-75.542	34.542	-1308.5	2.82	0.1330	1.525	59.895	980.04	1030.45	66	40
7591	-75.458	34.542	-1980.0	2.69	0.1260	1.520	52.663	1542.75	486.83	33	22
7592	-75.375	34.542	-2564.0	2.60	0.1180	1.528	50.351	741.51	140.36	9	6
7593	-75.292	34.542	-2687.5	2.60	0.1090	1.518	47.605	409.78	67.05	4	4
7594	-75.208	34.542	-2845.5	2.58	0.0990	1.622	46.011	118.28	8.57	1	0
7595	-75.125	34.542	-2924.0	2.57	0.0900	1.389	44.340	142.76	19.51	1	1
7596	-75.042	34.542	-2963.5	2.45	0.0870	1.181	44.493	14.69	0.00	0	0
7597	-74.958	34.542	-3060.5	2.36	0.0920	1.165	44.678	45.00	0.36	0	0
7598	-74.875	34.542	-3109.0	2.35	0.1000	0.877	44.850	0.00	0.00	0	0
7599	-74.792	34.542	-3183.0	2.28	0.1040	0.909	45.097	5.01	0.01	0	0
7600	-74.708	34.542	-3284.5	2.28	0.1130	0.822	47.027	0.00	0.00	0	0
7601	-74.625	34.542	-3393.0	2.27	0.1110	0.934	46.649	39.21	4.05	0	0
7602	-74.542	34.542	-3362.0	2.25	0.1040	0.936	44.798	40.86	4.95	1	0
7603	-74.458	34.542	-3434.0	2.22	0.1000	0.866	44.914	43.82	7.19	1	0
7604	-74.375	34.542	-3522.0	2.23	0.0940	1.015	44.785	255.51	23.92	2	1
7605	-74.292	34.542	-3565.0	2.24	0.0910	0.983	44.829	275.26	26.36	2	2
7606	-74.208	34.542	-3620.0	2.24	0.0870	0.997	45.207	170.53	19.95	2	1
7607	-74.125	34.542	-3681.5	2.24	0.0850	0.996	45.425	74.03	1.68	0	0
7608	-74.042	34.542	-3746.5	2.25	0.0820	1.141	45.707	0.00	0.00	0	0
7609	-73.958	34.542	-3840.0	2.25	0.0800	1.143	46.003	24.76	0.08	0	0
7610	-73.875	34.542	-3862.0	2.25	0.0780	0.939	46.047	10.09	0.01	0	0
7611	-73.792	34.542	-3848.0	2.27	0.0760	0.853	46.246	0.00	0.00	0	0
7612	-73.708	34.542	-3878.0	2.29	0.0730	0.852	46.754	0.00	0.00	0	0
7613	-73.625	34.542	-3948.0	2.30	0.0710	0.867	46.514	0.00	0.00	0	0
7614	-73.542	34.542	-4024.0	2.31	0.0690	0.843	48.620	0.00	0.00	0	0
7615	-73.458	34.542	-4105.0	2.31	0.0670	0.839	48.625	0.00	0.00	0	0
7616	-73.375	34.542	-4185.0	2.31	0.0660	0.831	48.504	0.00	0.00	0	0
7617	-73.292	34.542	-4259.0	2.31	0.0640	0.815	48.023	0.00	0.00	0	0
7618	-73.208	34.542	-4316.0	2.26	0.0630	0.805	47.970	0.00	0.00	0	0
7619	-73.125	34.542	-4392.0	2.26	0.0610	0.807	47.676	0.00	0.00	0	0
7620	-73.042	34.542	-4484.0	2.26	0.0590	0.719	48.231	0.00	0.00	0	0
7621	-72.958	34.542	-4509.0	2.25	0.0570	0.587	47.513	0.00	0.00	0	0
7622	-72.875	34.542	-4533.0	2.25	0.0550	0.549	47.540	0.00	0.00	0	0
7623	-72.792	34.542	-4561.5	2.25	0.0540	0.516	47.790	0.00	0.00	0	0
7624	-72.708	34.542	-4551.0	2.25	0.0530	0.686	47.383	0.00	0.00	0	0
7625	-72.625	34.542	-4538.0	2.24	0.0530	0.519	47.357	0.00	0.00	0	0
7626	-72.542	34.542	-4543.0	2.24	0.0520	0.580	47.613	0.00	0.00	0	0
7627	-72.458	34.542	-4554.0	2.25	0.0520	0.652	47.667	0.00	0.00	0	0
7628	-72.375	34.542	-4550.0	2.24	0.0510	0.650	47.867	0.00	0.00	0	0
7629	-72.292	34.542	-4536.0	2.25	0.0510	0.536	47.951	0.00	0.00	0	0
7630	-72.208	34.542	-4500.0	2.26	0.0510	0.409	48.120	0.00	0.00	0	0
7631	-72.125	34.542	-4463.0	2.26	0.0510	0.635	48.053	0.00	0.00	0	0
7632	-72.042	34.542	-4449.0	2.27	0.0510	0.636	48.010	0.00	0.00	0	0
7633	-71.958	34.542	-4464.0	2.27	0.0500	0.648	48.021	0.00	0.00	0	0
7634	-71.875	34.542	-4484.5	2.27	0.0490	0.644	47.781	0.00	0.00	0	0
7635	-71.792	34.542	-4509.5	2.27	0.0480	0.645	47.824	0.00	0.00	0	0
7636	-71.708	34.542	-4528.5	2.28	0.0450	0.629	48.056	0.00	0.00	0	0
7637	-71.625	34.542	-4542.0	2.28	0.0430	0.710	47.821	0.00	0.00	0	0
7638	-71.542	34.542	-4574.0	2.28	0.0410	0.634	47.619	0.00	0.00	0	0
7639	-71.458	34.542	-4620.0	2.29	0.0380	0.425	43.000	0.00	0.00	0	0
7640	-71.375	34.542	-4702.0	2.27	0.0350	0.382	46.254	0.00	0.00	0	0
7641	-71.292	34.542	-4752.5	2.27	0.0320	0.374	47.015	0.00	0.00	0	0
7642	-71.208	34.542	-4817.0	2.27	0.0300	0.391	47.723	0.00	0.00	0	0
7643	-71.125	34.542	-4874.5	2.27	0.0280	0.316	47.773	0.00	0.00	0	0
7644	-71.042	34.542	-4932.5	2.27	0.0280	0.314	47.885	0.00	0.00	0	0
7645	-77.958	34.625	nan	nan	nan	nan	nan	0.00	0.00	0	0
7646	-77.875	34.625	nan	nan	nan	nan	nan	0.00	0.00	0	0
7647	-77.792	34.625	nan	nan	nan	nan	nan	0.00	0.00	0	0
7648	-77.708	34.625	nan	nan	nan	nan	nan	0.00	0.00	0	0
7649	-77.625	34.625	nan	nan	nan	nan	nan	0.00	0.00	0	0
7650	-77.542	34.625	nan	nan	nan	nan	nan	0.00	0.00	0	0
7651	-77.458	34.625	nan	nan	nan	nan	nan	0.00	0.00	0	0
7652	-77.375	34.625	nan	nan	nan	nan	nan	0.00	0.00	0	0
7653	-77.292	34.625	nan	nan	nan	nan	nan	0.00	0.00	0	0
7654	-77.208	34.625	nan	nan	nan	nan	nan	0.00	0.00	0	0
7655	-77.125	34.625	-13.0	11.70	0.0300	0.132	57.510	0.00	0.00	0	0
7656	-77.042	34.625	-14.0	11.62	0.0260	0.220	59.361	0.00	0.00	0	0
7657	-76.958	34.625	-15.0	11.46	0.0250	0.133	58.374	0.00	0.00	0	0
7658	-76.875	34.625	-16.0	6.09	0.0250	0.130	57.549	0.00	0.00	0	0
7659	-76.792	34.625	-15.5	6.06	0.0290	0.145	57.248	0.00	0.00	42	39
7660	-76.708	34.625	-16.0	7.22	0.0330	0.140	58.651	0.00	0.00	0	0
7661	-76.625	34.625	-15.0	10.16	0.0690	0.693	57.576	0.00	0.00	0	0
7662	-76.542	34.625	-5.0	8.51	0.0510	0.120	57.136	0.00	0.00	0	0
7663	-76.458	34.625	-14.0	2.36	0.0650	0.778	55.962	0.00	0.00	0	0
7664	-76.375	34.625	-20.0	1.93	0.0700	0.170	55.677	0.00	17.84	37	33
7665	-76.292	34.625	-27.0	1.64	0.0730	0.594	56.100	0.00	0.00	0	0
7666	-76.208	34.625	-33.0	0.57	0.0760	0.131	56.140	0.00	4.67	24	21
7667	-76.125	34.625	-36.0	0.22	0.0800	0.129	56.619	0.00	3.80	11	8
7668	-76.042	34.625	-37.0	0.13	0.0860	0.124	56.428	0.00	4.29	6	5
7669	-75.958	34.625	-40.0	3.29	0.0930	0.119	55.605	0.00	8.60	16	12
7670	-75.875	34.625	-45.0	2.92	0.0970	0.193	58.627	0.00	65.30	36	27
7671	-75.792	34.625	-56.0	2.91	0.1080	0.200	56.560	0.00	78.86	32	23
7672	-75.708	34.625	-104.0	2.90	0.1240	0.684	55.507	0.00	1250.18	81	72
7673	-75.625	34.625	-222.0	2.87	0.1370	1.021	56.383	0.00	1357.31	74	62
7674	-75.542	34.625	-390.0	2.84	0.1370	1.368	57.202	12.80	1940.08	74	63
7675	-75.458	34.625	-1311.0	2.63	0.1320	1.517	59.865	1092.55	1033.21	63	39
7676	-75.375	34.625	-2078.0	2.68	0.1260	1.514	50.809	1863.29	445.31	33	22
7677	-75.292	34.625	-2473.5	2.59	0.1170	1.513	49.399	970.14	176.51	11	7
7678	-75.208	34.625	-2695.0	2.60	0.1090	1.520	48.448	443.15	79.21	4	4
7679	-75.125	34.625	-2862.5	2.58	0.0970	1.518	45.198	359.16	46.53	3	2
7680	-75.042	34.625	-2916.0	2.57	0.0860	1.615	44.382	45.94	0.00	0	0
7681	-74.958	34.625	-2965.5	2.38	0.0850	1.323	44.548	0.00	0.00	0	0
7682	-74.875	34.625	-3034.0	2.36	0.0940	1.095	44.727	0.00	0.00	0	0
7683	-74.792	34.625	-3146.0	2.29	0.1040	0.875	45.086	0.00	0.00	0	0
7684	-74.708	34.625	-3245.5	2.28	0.1160	0.881	45.170	0.00	0.00	0	0
7685	-74.625	34.625	-3259.0	2.28	0.1170	0.881	46.404	31.84	0.25	0	0
7686	-74.542	34.625	-3299.0	2.27	0.1120	0.932	46.636	0.00	0.00	0	0
7687	-74.458	34.625	-3403.0	2.24	0.1030	0.937	44.705	39.99	0.96	0	0
7688	-74.375	34.625	-3434.0	2.24	0.0970	1.011	44.675	27.85	0.00	0	0
7689	-74.292	34.625	-3490.0	2.23	0.0910	0.979	44.681	210.76	21.76	2	1
7690	-74.208	34.625	-3541.5	2.24	0.0880	0.983	44.778	261.34	26.19	2	2
7691	-74.125	34.625	-3613.0	2.24	0.0850	1.000	45.213	149.84	9.69	1	0
7692	-74.042	34.625	-3701.0	2.25	0.0830	0.995	45.416	76.99	2.58	1	0
7693	-73.958	34.625	-3753.0	2.25	0.0810	0.997	45.703	40.88	0.22	0	0
7694	-73.875	34.625	-3748.5	2.25	0.0790	0.933	45.815	0.00	0.00	0	0
7695	-73.792	34.625	-3755.0	2.25	0.0770	0.940	46.085	0.00	0.00	0	0
7696	-73.708	34.625	-3826.5	2.28	0.0750	0.934	46.370	0.00	0.00	0	0
7697	-73.625	34.625	-3920.0	2.30	0.0720	0.937	46.701	0.00	0.00	0	0
7698	-73.542	34.625	-4005.0	2.30	0.0700	0.847	46.604	0.00	0.00	0	0
7699	-73.458	34.625	-4097.5	2.31	0.0680	0.841	48.606	0.00	0.00	0	0
7700	-73.375	34.625	-4199.0	2.31	0.0660	0.834	48.620	0.00	0.00	0	0
7701	-73.292	34.625	-4264.0	2.31	0.0640	0.818	48.052	0.00	0.00	0	0
7702	-73.208	34.625	-4340.5	2.30	0.0630	0.807	48.010	0.00	0.00	0	0
7703	-73.125	34.625	-4418.5	2.26	0.0610	0.806	47.959	0.00	0.00	0	0
7704	-73.042	34.625	-4459.0	2.26	0.0590	0.800	47.671	0.00	0.00	0	0
7705	-72.958	34.625	-4494.0	2.25	0.0570	0.582	48.197	0.00	0.00	0	0
7706	-72.875	34.625	-4523.0	2.25	0.0550	0.666	48.849	0.00	0.00	0	0
7707	-72.792	34.625	-4512.0	2.25	0.0540	0.674	48.926	0.00	0.00	0	0
7708	-72.708	34.625	-4504.0	2.24	0.0530	0.797	47.388	0.00	0.00	0	0
7709	-72.625	34.625	-4518.0	2.24	0.0530	0.686	47.421	0.00	0.00	0	0
7710	-72.542	34.625	-4521.0	2.24	0.0530	0.572	47.649	0.00	0.00	0	0
7711	-72.458	34.625	-4531.0	2.24	0.0520	0.657	47.627	0.00	0.00	0	0
7712	-72.375	34.625	-4530.5	2.25	0.0520	0.646	47.894	0.00	0.00	0	0
7713	-72.292	34.625	-4523.0	2.24	0.0520	0.444	47.938	0.00	0.00	0	0
7714	-72.208	34.625	-4505.0	2.25	0.0520	0.446	48.011	0.00	0.00	0	0
7715	-72.125	34.625	-4478.0	2.26	0.0520	0.434	48.047	0.00	0.00	0	0
7716	-72.042	34.625	-4447.5	2.26	0.0520	0.434	48.093	0.00	0.00	0	0
7717	-71.958	34.625	-4426.0	2.27	0.0520	0.635	48.063	0.00	0.00	0	0
7718	-71.875	34.625	-4420.5	2.27	0.0530	0.629	48.066	0.00	0.00	0	0
7719	-71.792	34.625	-4445.0	2.27	0.0520	0.632	47.819	0.00	0.00	0	0
7720	-71.708	34.625	-4467.0	2.28	0.0470	0.654	47.858	0.00	0.00	0	0
7721	-71.625	34.625	-4488.0	2.28	0.0450	0.632	48.096	0.00	0.00	0	0
7722	-71.542	34.625	-4514.5	2.28	0.0420	0.622	47.799	0.00	0.00	0	0
7723	-71.458	34.625	-4551.0	2.28	0.0400	0.632	47.564	0.00	0.00	0	0
7724	-71.375	34.625	-4611.0	2.28	0.0380	0.378	46.836	0.00	0.00	0	0
7725	-71.292	34.625	-4675.0	2.27	0.0350	0.379	47.029	0.00	0.00	0	0
7726	-71.208	34.625	-4724.5	2.27	0.0330	0.410	47.785	0.00	0.00	0	0
7727	-71.125	34.625	-4784.0	2.27	0.0310	0.421	47.830	0.00	0.00	0	0
7728	-71.042	34.625	-4846.0	2.27	0.0300	0.393	47.903	0.00	0.00	0	0
7729	-77.958	34.708	nan	nan	nan	nan	nan	0.00	0.00	0	0
7730	-77.875	34.708	nan	nan	nan	nan	nan	0.00	0.00	0	0
7731	-77.792	34.708	nan	nan	nan	nan	nan	0.00	0.00	0	0
7732	-77.708	34.708	nan	nan	nan	nan	nan	0.00	0.00	0	0
7733	-77.625	34.708	nan	nan	nan	nan	nan	0.00	0.00	0	0
7734	-77.542	34.708	nan	nan	nan	nan	nan	0.00	0.00	0	0
7735	-77.458	34.708	nan	nan	nan	nan	nan	0.00	0.00	0	0
7736	-77.375	34.708	nan	nan	nan	nan	nan	0.00	0.00	0	0
7737	-77.292	34.708	nan	nan	nan	nan	nan	0.00	0.00	0	0
7738	-77.208	34.708	nan	nan	nan	nan	nan	0.00	0.00	0	0
7739	-77.125	34.708	nan	nan	nan	nan	nan	0.00	0.00	0	0
7740	-77.042	34.708	nan	nan	nan	nan	nan	0.00	0.00	0	0
7741	-76.958	34.708	nan	nan	nan	nan	nan	0.00	0.00	0	0
7742	-76.875	34.708	nan	nan	nan	nan	nan	0.00	0.00	0	0
7743	-76.792	34.708	nan	nan	nan	nan	nan	0.00	0.00	0	0
7744	-76.708	34.708	-1.5	6.81	0.0350	0.151	57.555	0.00	0.00	0	0
7745	-76.625	34.708	nan	nan	nan	nan	nan	0.00	0.00	0	0
7746	-76.542	34.708	nan	nan	nan	nan	nan	0.00	0.00	0	0
7747	-76.458	34.708	-2.0	11.15	0.0590	0.870	57.972	0.00	0.00	0	0
7748	-76.375	34.708	-17.0	2.61	0.0650	0.636	55.951	0.00	0.00	0	0
7749	-76.292	34.708	-22.0	0.58	0.0670	0.124	55.811	0.00	5.66	27	26
7750	-76.208	34.708	-25.0	0.58	0.0670	0.124	55.961	0.00	5.64	32	29
7751	-76.125	34.708	-32.0	0.57	0.0680	0.128	56.373	0.00	7.52	20	19
7752	-76.042	34.708	-33.0	0.22	0.0740	0.123	56.499	0.00	6.60	19	17
7753	-75.958	34.708	-35.0	0.13	0.0820	0.230	56.365	0.00	70.54	45	36
7754	-75.875	34.708	-38.0	3.91	0.0870	0.132	57.202	0.00	4.93	16	12
7755	-75.792	34.708	-41.0	3.00	0.1010	0.193	58.707	0.00	0.00	0	0
7756	-75.708	34.708	-52.0	2.91	0.1150	0.200	56.584	0.00	100.22	35	24
7757	-75.625	34.708	-102.5	2.90	0.1300	0.672	56.438	0.00	1146.92	83	75
7758	-75.542	34.708	-251.0	2.86	0.1380	0.712	55.930	0.00	1023.08	65	49
7759	-75.458	34.708	-405.0	2.83	0.1330	1.357	57.230	25.85	1668.95	72	63
7760	-75.375	34.708	-1676.0	2.71	0.1290	1.359	52.566	1503.84	772.04	46	31
7761	-75.292	34.708	-2338.0	2.67	0.1250	1.516	50.430	1791.02	358.32	30	18
7762	-75.208	34.708	-2576.0	2.66	0.1170	1.520	48.980	1022.30	149.70	10	6
7763	-75.125	34.708	-2756.5	2.58	0.1060	1.522	46.036	474.28	75.33	4	4
7764	-75.042	34.708	-2875.0	2.48	0.0940	1.505	43.777	398.45	42.12	3	2
7765	-74.958	34.708	-2917.0	2.46	0.0860	1.321	44.422	0.00	0.00	0	0
7766	-74.875	34.708	-3038.0	2.38	0.0930	1.139	44.605	57.69	1.57	0	0
7767	-74.792	34.708	-3148.0	2.36	0.1030	0.875	44.781	0.00	0.00	0	0
7768	-74.708	34.708	-3129.0	2.30	0.1150	0.872	45.021	0.00	0.00	0	0
7769	-74.625	34.708	-3189.0	2.28	0.1200	0.795	46.359	0.00	0.00	0	0
7770	-74.542	34.708	-3280.0	2.27	0.1140	0.881	46.594	0.00	0.00	0	0
7771	-74.458	34.708	-3311.0	2.26	0.1070	0.937	44.592	10.52	0.06	0	0
7772	-74.375	34.708	-3369.5	2.24	0.0990	0.865	44.645	26.43	0.16	0	0
7773	-74.292	34.708	-3424.0	2.23	0.0930	0.865	44.568	13.84	0.06	0	0
7774	-74.208	34.708	-3498.0	2.24	0.0890	0.981	44.593	80.87	6.16	1	0
7775	-74.125	34.708	-3567.0	2.24	0.0860	0.999	44.716	219.82	23.17	2	2
7776	-74.042	34.708	-3664.0	2.24	0.0840	0.996	45.179	273.38	28.52	3	2
7777	-73.958	34.708	-3632.0	2.25	0.0820	0.998	45.434	96.36	8.80	1	0
7778	-73.875	34.708	-3631.0	2.25	0.0810	0.999	45.743	0.00	0.00	0	0
7779	-73.792	34.708	-3694.0	2.25	0.0780	0.939	45.866	46.94	0.31	0	0
7780	-73.708	34.708	-3797.0	2.25	0.0760	0.934	46.137	0.00	0.00	0	0
7781	-73.625	34.708	-3891.5	2.29	0.0730	0.933	46.410	0.00	0.00	0	0
7782	-73.542	34.708	-3995.0	2.30	0.0710	0.936	46.673	0.00	0.00	0	0
7783	-73.458	34.708	-4112.5	2.31	0.0680	0.846	46.696	0.00	0.00	0	0
7784	-73.375	34.708	-4198.0	2.31	0.0660	0.835	48.628	0.00	0.00	0	0
7785	-73.292	34.708	-4278.0	2.31	0.0650	0.819	48.077	0.00	0.00	0	0
7786	-73.208	34.708	-4340.0	2.30	0.0630	0.812	48.039	0.00	0.00	0	0
7787	-73.125	34.708	-4383.0	2.26	0.0610	0.804	47.995	0.00	0.00	0	0
7788	-73.042	34.708	-4425.0	2.26	0.0590	0.723	47.704	0.00	0.00	0	0
7789	-72.958	34.708	-4461.5	2.26	0.0570	0.587	48.275	0.00	0.00	0	0
7790	-72.875	34.708	-4446.5	2.25	0.0550	0.578	48.892	0.00	0.00	0	0
7791	-72.792	34.708	-4441.0	2.25	0.0540	0.674	48.951	0.00	0.00	0	0
7792	-72.708	34.708	-4452.0	2.24	0.0530	0.680	48.961	0.00	0.00	0	0
7793	-72.625	34.708	-4469.0	2.24	0.0530	0.680	47.429	0.00	0.00	0	0
7794	-72.542	34.708	-4493.0	2.24	0.0530	0.673	47.439	0.00	0.00	0	0
7795	-72.458	34.708	-4505.0	2.24	0.0530	0.591	47.660	0.00	0.00	0	0
7796	-72.375	34.708	-4512.0	2.25	0.0520	0.646	47.645	0.00	0.00	0	0
7797	-72.292	34.708	-4506.0	2.25	0.0520	0.640	47.957	0.00	0.00	0	0
7798	-72.208	34.708	-4496.0	2.24	0.0530	0.528	48.014	0.00	0.00	0	0
7799	-72.125	34.708	-4481.0	2.26	0.0530	0.410	48.063	0.00	0.00	0	0
7800	-72.042	34.708	-4460.0	2.26	0.0540	0.401	48.101	0.00	0.00	0	0
7801	-71.958	34.708	-4437.0	2.26	0.0540	0.457	48.125	0.00	0.00	0	0
7802	-71.875	34.708	-4417.0	2.27	0.0550	0.450	48.105	0.00	0.00	0	0
7803	-71.792	34.708	-4401.0	2.27	0.0530	0.636	48.109	0.00	0.00	0	0
7804	-71.708	34.708	-4412.0	2.27	0.0500	0.643	48.105	0.00	0.00	0	0
7805	-71.625	34.708	-4438.0	2.28	0.0450	0.631	48.043	0.00	0.00	0	0
7806	-71.542	34.708	-4460.0	2.28	0.0420	0.632	48.092	0.00	0.00	0	0
7807	-71.458	34.708	-4494.0	2.28	0.0410	0.625	47.769	0.00	0.00	0	0
7808	-71.375	34.708	-4537.0	2.28	0.0390	0.652	47.601	0.00	0.00	0	0
7809	-71.292	34.708	-4600.0	2.28	0.0380	0.432	47.697	0.00	0.00	0	0
7810	-71.208	34.708	-4655.0	2.27	0.0360	0.392	47.303	0.00	0.00	0	0
7811	-71.125	34.708	-4715.0	2.27	0.0350	0.391	47.807	0.00	0.00	0	0
7812	-71.042	34.708	-4776.0	2.27	0.0330	0.370	47.879	0.00	0.00	0	0
7813	-77.958	34.792	nan	nan	nan	nan	nan	0.00	0.00	0	0
7814	-77.875	34.792	nan	nan	nan	nan	nan	0.00	0.00	0	0
7815	-77.792	34.792	nan	nan	nan	nan	nan	0.00	0.00	0	0
7816	-77.708	34.792	nan	nan	nan	nan	nan	0.00	0.00	0	0
7817	-77.625	34.792	nan	nan	nan	nan	nan	0.00	0.00	0	0
7818	-77.542	34.792	nan	nan	nan	nan	nan	0.00	0.00	0	0
7819	-77.458	34.792	nan	nan	nan	nan	nan	0.00	0.00	0	0
7820	-77.375	34.792	nan	nan	nan	nan	nan	0.00	0.00	0	0
7821	-77.292	34.792	nan	nan	nan	nan	nan	0.00	0.00	0	0
7822	-77.208	34.792	nan	nan	nan	nan	nan	0.00	0.00	0	0
7823	-77.125	34.792	nan	nan	nan	nan	nan	0.00	0.00	0	0
7824	-77.042	34.792	nan	nan	nan	nan	nan	0.00	0.00	0	0
7825	-76.958	34.792	nan	nan	nan	nan	nan	0.00	0.00	0	0
7826	-76.875	34.792	nan	nan	nan	nan	nan	0.00	0.00	0	0
7827	-76.792	34.792	nan	nan	nan	nan	nan	0.00	0.00	0	0
7828	-76.708	34.792	nan	nan	nan	nan	nan	0.00	0.00	0	0
7829	-76.625	34.792	nan	nan	nan	nan	nan	0.00	0.00	0	0
7830	-76.542	34.792	nan	nan	nan	nan	nan	0.00	0.00	0	0
7831	-76.458	34.792	nan	nan	nan	nan	nan	0.00	0.00	0	0
7832	-76.375	34.792	-3.0	6.40	0.0580	0.277	57.082	0.00	0.00	0	0
7833	-76.292	34.792	-19.0	5.64	0.0600	0.230	55.897	0.00	0.00	0	0
7834	-76.208	34.792	-21.0	1.85	0.0590	0.080	55.897	0.00	0.00	0	0
7835	-76.125	34.792	-26.0	0.57	0.0580	0.124	56.192	0.00	0.00	0	0
7836	-76.042	34.792	-30.0	0.57	0.0590	0.128	56.551	0.00	0.00	0	0
7837	-75.958	34.792	-30.0	0.22	0.0670	0.124	56.426	0.00	0.00	0	0
7838	-75.875	34.792	-32.0	2.13	0.0780	0.234	56.153	0.00	0.00	0	0
7839	-75.792	34.792	-33.0	2.99	0.0930	0.227	57.487	0.00	0.00	0	0
7840	-75.708	34.792	-42.0	2.92	0.1090	0.192	58.785	0.00	89.59	45	32
7841	-75.625	34.792	-49.0	2.91	0.1180	0.506	55.506	0.00	0.00	0	0
7842	-75.542	34.792	-106.0	2.89	0.1260	0.667	56.417	0.00	1193.71	80	69
7843	-75.458	34.792	-250.0	2.85	0.1310	1.342	57.158	0.00	1910.21	72	66
7844	-75.375	34.792	-535.0	2.83	0.1280	1.362	59.849	173.87	1731.84	75	65
7845	-75.292	34.792	-1998.5	2.70	0.1250	1.510	53.549	1997.83	763.28	52	32
7846	-75.208	34.792	-2351.5	2.67	0.1230	1.525	49.527	1863.54	326.44	29	15
7847	-75.125	34.792	-2569.0	2.57	0.1110	1.523	48.546	1038.41	108.61	7	6
7848	-75.042	34.792	-2792.5	2.55	0.1020	1.621	45.180	584.21	61.74	4	3
7849	-74.958	34.792	-2941.0	2.53	0.0940	1.510	44.318	406.01	46.77	3	2
7850	-74.875	34.792	-3005.0	2.39	0.0940	1.101	44.501	39.70	0.00	0	0
7851	-74.792	34.792	-3001.5	2.37	0.1040	1.090	44.678	135.80	10.33	1	0
7852	-74.708	34.792	-3063.0	2.30	0.1120	0.873	44.915	0.00	0.00	0	0
7853	-74.625	34.792	-3139.5	2.28	0.1170	0.795	46.306	0.00	0.00	0	0
7854	-74.542	34.792	-3186.0	2.28	0.1180	0.880	46.337	16.73	0.07	0	0
7855	-74.458	34.792	-3227.0	2.27	0.1100	0.883	46.584	0.00	0.00	0	0
7856	-74.375	34.792	-3286.0	2.25	0.1020	0.924	44.985	0.00	0.00	0	0
7857	-74.292	34.792	-3366.0	2.25	0.0960	1.011	44.425	22.60	0.09	0	0
7858	-74.208	34.792	-3417.0	2.23	0.0920	0.977	44.466	49.29	0.50	0	0
7859	-74.125	34.792	-3541.0	2.24	0.0880	0.981	44.523	0.00	0.00	0	0
7860	-74.042	34.792	-3535.0	2.24	0.0850	1.000	44.978	84.61	7.70	1	0
7861	-73.958	34.792	-3522.0	2.25	0.0840	1.140	45.177	253.97	27.26	3	2
7862	-73.875	34.792	-3560.5	2.25	0.0820	0.994	45.467	165.09	19.43	2	1
7863	-73.792	34.792	-3652.5	2.25	0.0800	1.005	45.823	55.31	0.70	0	0
7864	-73.708	34.792	-3779.0	2.25	0.0770	0.939	45.974	0.00	0.00	0	0
7865	-73.625	34.792	-3895.0	2.29	0.0740	0.935	46.261	0.00	0.00	0	0
7866	-73.542	34.792	-3985.0	2.30	0.0710	0.855	46.599	0.00	0.00	0	0
7867	-73.458	34.792	-4081.0	2.30	0.0690	0.936	46.634	0.00	0.00	0	0
7868	-73.375	34.792	-4182.0	2.31	0.0670	0.843	48.604	0.00	0.00	0	0
7869	-73.292	34.792	-4260.0	2.31	0.0650	0.822	48.627	0.00	0.00	0	0
7870	-73.208	34.792	-4302.0	2.30	0.0630	0.818	48.065	0.00	0.00	0	0
7871	-73.125	34.792	-4345.0	2.30	0.0610	0.805	48.029	0.00	0.00	0	0
7872	-73.042	34.792	-4383.0	2.26	0.0590	0.800	48.092	0.00	0.00	0	0
7873	-72.958	34.792	-4363.5	2.26	0.0570	0.670	48.304	0.00	0.00	0	0
7874	-72.875	34.792	-4353.0	2.25	0.0560	0.632	48.912	0.00	0.00	0	0
7875	-72.792	34.792	-4373.0	2.25	0.0540	0.677	48.979	0.00	0.00	0	0
7876	-72.708	34.792	-4408.0	2.24	0.0540	0.682	48.978	0.00	0.00	0	0
7877	-72.625	34.792	-4440.0	2.24	0.0530	0.682	49.001	0.00	0.00	0	0
7878	-72.542	34.792	-4467.0	2.24	0.0530	0.677	47.455	0.00	0.00	0	0
7879	-72.458	34.792	-4483.0	2.24	0.0530	0.549	47.682	0.00	0.00	0	0
7880	-72.375	34.792	-4495.0	2.25	0.0530	0.706	47.678	0.00	0.00	0	0
7881	-72.292	34.792	-4492.0	2.25	0.0530	0.656	48.004	0.00	0.00	0	0
7882	-72.208	34.792	-4480.0	2.24	0.0530	0.642	48.061	0.00	0.00	0	0
7883	-72.125	34.792	-4468.0	2.25	0.0540	0.437	48.068	0.00	0.00	0	0
7884	-72.042	34.792	-4459.0	2.26	0.0540	0.400	48.107	0.00	0.00	0	0
7885	-71.958	34.792	-4439.0	2.26	0.0550	0.401	48.655	0.00	0.00	0	0
7886	-71.875	34.792	-4430.0	2.27	0.0550	0.537	48.282	0.00	0.00	0	0
7887	-71.792	34.792	-4414.0	2.27	0.0530	0.479	48.271	0.00	0.00	0	0
7888	-71.708	34.792	-4386.0	2.27	0.0490	0.643	48.145	0.00	0.00	0	0
7889	-71.625	34.792	-4387.0	2.27	0.0450	0.649	48.149	0.00	0.00	0	0
7890	-71.542	34.792	-4413.0	2.27	0.0430	0.622	48.093	0.00	0.00	0	0
7891	-71.458	34.792	-4442.0	2.28	0.0420	0.642	48.056	0.00	0.00	0	0
7892	-71.375	34.792	-4477.5	2.28	0.0410	0.650	47.900	0.00	0.00	0	0
7893	-71.292	34.792	-4526.0	2.28	0.0400	0.482	47.875	0.00	0.00	0	0
7894	-71.208	34.792	-4578.0	2.27	0.0390	0.370	47.389	0.00	0.00	0	0
7895	-71.125	34.792	-4637.0	2.27	0.0370	0.377	47.419	0.00	0.00	0	0
7896	-71.042	34.792	-4683.0	2.27	0.0360	0.387	47.854	0.00	0.00	0	0
7897	-77.958	34.875	nan	nan	nan	nan	nan	0.00	0.00	0	0
7898	-77.875	34.875	nan	nan	nan	nan	nan	0.00	0.00	0	0
7899	-77.792	34.875	nan	nan	nan	nan	nan	0.00	0.00	0	0
7900	-77.708	34.875	nan	nan	nan	nan	nan	0.00	0.00	0	0
7901	-77.625	34.875	nan	nan	nan	nan	nan	0.00	0.00	0	0
7902	-77.542	34.875	nan	nan	nan	nan	nan	0.00	0.00	0	0
7903	-77.458	34.875	nan	nan	nan	nan	nan	0.00	0.00	0	0
7904	-77.375	34.875	nan	nan	nan	nan	nan	0.00	0.00	0	0
7905	-77.292	34.875	nan	nan	nan	nan	nan	0.00	0.00	0	0
7906	-77.208	34.875	nan	nan	nan	nan	nan	0.00	0.00	0	0
7907	-77.125	34.875	nan	nan	nan	nan	nan	0.00	0.00	0	0
7908	-77.042	34.875	nan	nan	nan	nan	nan	0.00	0.00	0	0
7909	-76.958	34.875	nan	nan	nan	nan	nan	0.00	0.00	0	0
7910	-76.875	34.875	nan	nan	nan	nan	nan	0.00	0.00	0	0
7911	-76.792	34.875	nan	nan	nan	nan	nan	0.00	0.00	0	0
7912	-76.708	34.875	nan	nan	nan	nan	nan	0.00	0.00	0	0
7913	-76.625	34.875	nan	nan	nan	nan	nan	0.00	0.00	0	0
7914	-76.542	34.875	nan	nan	nan	nan	nan	0.00	0.00	0	0
7915	-76.458	34.875	nan	nan	nan	nan	nan	0.00	0.00	0	0
7916	-76.375	34.875	nan	nan	nan	nan	nan	0.00	0.00	0	0
7917	-76.292	34.875	-2.0	4.91	0.0540	0.253	56.868	0.00	0.00	0	0
7918	-76.208	34.875	-17.0	1.87	0.0540	0.247	56.155	0.00	0.00	0	0
7919	-76.125	34.875	-21.0	0.58	0.0540	0.125	56.040	0.00	0.00	0	0
7920	-76.042	34.875	-25.0	0.57	0.0560	0.135	56.443	0.00	0.00	0	0
7921	-75.958	34.875	-27.0	0.57	0.0600	0.214	56.440	0.00	0.00	0	0
7922	-75.875	34.875	-26.0	0.99	0.0710	0.234	56.240	0.00	0.00	0	0
7923	-75.792	34.875	-26.0	5.24	0.0860	0.225	54.475	0.00	0.00	0	0
7924	-75.708	34.875	-34.0	3.00	0.1000	0.149	58.695	0.00	0.00	0	0
7925	-75.625	34.875	-42.0	2.92	0.1080	0.192	56.514	0.00	106.26	47	41
7926	-75.542	34.875	-58.0	2.91	0.1120	0.341	56.488	0.00	394.64	71	51
7927	-75.458	34.875	-114.0	2.88	0.1160	0.672	56.406	0.00	1156.93	79	68
7928	-75.375	34.875	-245.0	2.84	0.1160	1.019	57.178	0.00	1209.81	75	56
7929	-75.292	34.875	-508.5	2.81	0.1150	1.364	58.183	152.18	1706.11	68	61
7930	-75.208	34.875	-1479.0	2.67	0.1130	1.521	50.492	1795.52	838.76	56	41
7931	-75.125	34.875	-2361.5	2.58	0.1130	1.523	49.106	1983.08	355.52	23	18
7932	-75.042	34.875	-2676.5	2.56	0.1070	1.520	46.041	739.90	110.40	7	5
7933	-74.958	34.875	-2833.0	2.54	0.1030	1.516	43.728	560.09	62.62	4	4
7934	-74.875	34.875	-2879.0	2.52	0.1020	1.320	44.399	403.52	48.23	4	2
7935	-74.792	34.875	-2946.5	2.38	0.1030	1.131	44.580	313.36	30.70	3	2
7936	-74.708	34.875	-2999.0	2.36	0.1110	0.919	44.745	0.00	0.00	0	0
7937	-74.625	34.875	-3040.0	2.30	0.1180	0.797	46.228	0.00	0.00	0	0
7938	-74.542	34.875	-3096.0	2.28	0.1200	0.880	46.284	25.82	0.19	0	0
7939	-74.458	34.875	-3161.5	2.28	0.1150	0.883	46.535	12.01	0.04	0	0
7940	-74.375	34.875	-3225.5	2.27	0.1080	0.925	46.578	0.00	0.00	0	0
7941	-74.292	34.875	-3267.0	2.25	0.1010	0.868	44.179	0.00	0.00	0	0
7942	-74.208	34.875	-3397.5	2.23	0.0950	1.014	42.971	0.00	0.00	0	0
7943	-74.125	34.875	-3450.0	2.23	0.0910	0.879	44.348	0.00	0.00	0	0
7944	-74.042	34.875	-3414.5	2.24	0.0880	0.991	44.460	43.40	0.34	0	0
7945	-73.958	34.875	-3438.0	2.24	0.0860	0.998	44.961	49.80	0.49	0	0
7946	-73.875	34.875	-3536.0	2.25	0.0830	0.998	45.199	167.06	23.04	2	1
7947	-73.792	34.875	-3670.0	2.25	0.0810	0.998	45.521	204.23	22.96	2	1
7948	-73.708	34.875	-3772.0	2.25	0.0780	1.004	45.747	45.10	0.30	0	0
7949	-73.625	34.875	-3851.0	2.28	0.0740	0.937	46.119	0.00	0.00	0	0
7950	-73.542	34.875	-3946.5	2.30	0.0710	0.937	46.348	0.00	0.00	0	0
7951	-73.458	34.875	-4052.0	2.30	0.0690	0.855	46.602	0.00	0.00	0	0
7952	-73.375	34.875	-4134.0	2.31	0.0670	0.849	46.691	0.00	0.00	0	0
7953	-73.292	34.875	-4204.0	2.31	0.0650	0.832	48.632	0.00	0.00	0	0
7954	-73.208	34.875	-4251.0	2.31	0.0630	0.825	48.086	0.00	0.00	0	0
7955	-73.125	34.875	-4283.0	2.30	0.0610	0.667	48.056	0.00	0.00	0	0
7956	-73.042	34.875	-4274.0	2.26	0.0590	0.655	48.122	0.00	0.00	0	0
7957	-72.958	34.875	-4281.0	2.26	0.0570	0.610	48.323	0.00	0.00	0	0
7958	-72.875	34.875	-4307.0	2.26	0.0550	0.545	48.317	0.00	0.00	0	0
7959	-72.792	34.875	-4339.0	2.25	0.0540	0.705	48.933	0.00	0.00	0	0
7960	-72.708	34.875	-4376.0	2.24	0.0540	0.785	48.999	0.00	0.00	0	0
7961	-72.625	34.875	-4414.0	2.24	0.0530	0.646	49.016	0.00	0.00	0	0
7962	-72.542	34.875	-4436.0	2.24	0.0530	0.603	48.163	0.00	0.00	0	0
7963	-72.458	34.875	-4453.0	2.24	0.0530	0.599	47.468	0.00	0.00	0	0
7964	-72.375	34.875	-4472.0	2.24	0.0530	0.716	47.714	0.00	0.00	0	0
7965	-72.292	34.875	-4467.0	2.25	0.0530	0.590	47.708	0.00	0.00	0	0
7966	-72.208	34.875	-4460.0	2.25	0.0530	0.601	48.070	0.00	0.00	0	0
7967	-72.125	34.875	-4449.0	2.25	0.0540	0.486	48.072	0.00	0.00	0	0
7968	-72.042	34.875	-4443.0	2.25	0.0540	0.492	48.114	0.00	0.00	0	0
7969	-71.958	34.875	-4433.0	2.26	0.0550	0.437	48.146	0.00	0.00	0	0
7970	-71.875	34.875	-4423.0	2.27	0.0540	0.438	48.196	0.00	0.00	0	0
7971	-71.792	34.875	-4410.5	2.27	0.0520	0.421	48.316	0.00	0.00	0	0
7972	-71.708	34.875	-4399.0	2.27	0.0480	0.412	48.216	0.00	0.00	0	0
7973	-71.625	34.875	-4370.0	2.27	0.0450	0.451	48.177	0.00	0.00	0	0
7974	-71.542	34.875	-4377.0	2.27	0.0440	0.431	48.176	0.00	0.00	0	0
7975	-71.458	34.875	-4400.0	2.27	0.0430	0.513	48.192	0.00	0.00	0	0
7976	-71.375	34.875	-4430.0	2.28	0.0420	0.523	48.093	0.00	0.00	0	0
7977	-71.292	34.875	-4468.0	2.28	0.0410	0.628	47.934	0.00	0.00	0	0
7978	-71.208	34.875	-4519.0	2.27	0.0400	0.633	47.733	0.00	0.00	0	0
7979	-71.125	34.875	-4561.0	2.27	0.0390	0.636	47.548	0.00	0.00	0	0
7980	-71.042	34.875	-4612.0	2.27	0.0380	0.419	46.904	0.00	0.00	0	0
7981	-77.958	34.958	nan	nan	nan	nan	nan	0.00	0.00	0	0
7982	-77.875	34.958	nan	nan	nan	nan	nan	0.00	0.00	0	0
7983	-77.792	34.958	nan	nan	nan	nan	nan	0.00	0.00	0	0
7984	-77.708	34.958	nan	nan	nan	nan	nan	0.00	0.00	0	0
7985	-77.625	34.958	nan	nan	nan	nan	nan	0.00	0.00	0	0
7986	-77.542	34.958	nan	nan	nan	nan	nan	0.00	0.00	0	0
7987	-77.458	34.958	nan	nan	nan	nan	nan	0.00	0.00	0	0
7988	-77.375	34.958	nan	nan	nan	nan	nan	0.00	0.00	0	0
7989	-77.292	34.958	nan	nan	nan	nan	nan	0.00	0.00	0	0
7990	-77.208	34.958	nan	nan	nan	nan	nan	0.00	0.00	0	0
7991	-77.125	34.958	nan	nan	nan	nan	nan	0.00	0.00	0	0
7992	-77.042	34.958	nan	nan	nan	nan	nan	0.00	0.00	0	0
7993	-76.958	34.958	nan	nan	nan	nan	nan	0.00	0.00	0	0
7994	-76.875	34.958	nan	nan	nan	nan	nan	0.00	0.00	0	0
7995	-76.792	34.958	nan	nan	nan	nan	nan	0.00	0.00	0	0
7996	-76.708	34.958	nan	nan	nan	nan	nan	0.00	0.00	0	0
7997	-76.625	34.958	nan	nan	nan	nan	nan	0.00	0.00	0	0
7998	-76.542	34.958	nan	nan	nan	nan	nan	0.00	0.00	0	0
7999	-76.458	34.958	nan	nan	nan	nan	nan	0.00	0.00	0	0
8000	-76.375	34.958	nan	nan	nan	nan	nan	0.00	0.00	0	0
8001	-76.292	34.958	nan	nan	nan	nan	nan	0.00	0.00	0	0
8002	-76.208	34.958	nan	nan	nan	nan	nan	0.00	0.00	0	0
8003	-76.125	34.958	-14.0	1.86	0.0530	0.235	55.975	0.00	0.00	0	0
8004	-76.042	34.958	-19.0	0.57	0.0550	0.160	56.217	0.00	0.00	0	0
8005	-75.958	34.958	-24.0	0.57	0.0610	0.125	56.459	0.00	0.00	0	0
8006	-75.875	34.958	-24.0	0.21	0.0670	0.223	56.362	0.00	0.00	0	0
8007	-75.792	34.958	-25.0	4.64	0.0820	0.226	56.084	0.00	0.00	0	0
8008	-75.708	34.958	-29.0	4.40	0.0900	0.219	57.417	0.00	0.00	0	0
8009	-75.625	34.958	-33.0	2.99	0.0960	0.195	58.399	0.00	0.00	0	0
8010	-75.542	34.958	-44.0	2.92	0.1000	0.200	55.454	0.00	0.00	0	0
8011	-75.458	34.958	-62.0	2.89	0.1020	0.345	56.473	0.00	0.00	0	0
8012	-75.375	34.958	-101.0	2.86	0.1010	0.668	55.082	0.00	979.71	80	72
8013	-75.292	34.958	-246.0	2.83	0.0970	1.001	59.815	0.00	1272.63	61	51
8014	-75.208	34.958	-651.5	2.71	0.0980	1.355	53.540	387.09	1473.26	63	52
8015	-75.125	34.958	-1490.5	2.58	0.1000	1.519	49.589	2240.76	916.92	62	44
8016	-75.042	34.958	-2473.5	2.57	0.1050	1.513	48.539	1485.30	209.00	18	14
8017	-74.958	34.958	-2706.0	2.55	0.1040	1.519	45.122	706.87	89.81	5	5
8018	-74.875	34.958	-2790.0	2.53	0.1030	1.359	44.296	434.60	56.61	4	3
8019	-74.792	34.958	-2844.0	2.47	0.1040	1.184	44.613	338.17	41.00	4	2
8020	-74.708	34.958	-2903.5	2.38	0.1090	0.921	44.342	0.00	0.00	0	0
8021	-74.625	34.958	-2956.0	2.30	0.1170	0.920	46.140	35.41	8.40	1	0
8022	-74.542	34.958	-3027.0	2.29	0.1210	0.797	46.220	0.00	0.00	0	0
8023	-74.458	34.958	-3092.0	2.28	0.1190	0.935	46.483	0.00	0.00	0	0
8024	-74.375	34.958	-3138.0	2.28	0.1120	0.888	46.532	11.77	0.05	0	0
8025	-74.292	34.958	-3264.0	2.27	0.1060	0.940	44.229	0.00	0.00	0	0
8026	-74.208	34.958	-3310.0	2.25	0.1000	1.015	42.868	0.00	0.00	0	0
8027	-74.125	34.958	-3293.5	2.23	0.0950	0.976	42.873	0.00	0.00	0	0
8028	-74.042	34.958	-3337.0	2.24	0.0910	0.992	42.932	0.00	0.00	0	0
8029	-73.958	34.958	-3471.0	2.24	0.0870	0.991	44.390	0.00	0.00	0	0
8030	-73.875	34.958	-3525.0	2.25	0.0850	0.990	44.994	0.00	0.00	0	0
8031	-73.792	34.958	-3615.0	2.25	0.0820	0.998	45.279	0.00	0.00	0	0
8032	-73.708	34.958	-3741.0	2.25	0.0780	1.006	45.598	96.37	8.90	1	0
8033	-73.625	34.958	-3828.0	2.25	0.0740	0.937	45.926	81.28	8.18	1	0
8034	-73.542	34.958	-3908.0	2.29	0.0710	0.941	46.193	0.00	0.00	0	0
8035	-73.458	34.958	-4001.0	2.30	0.0690	0.855	46.404	0.00	0.00	0	0
8036	-73.375	34.958	-4079.0	2.30	0.0670	0.849	46.574	0.00	0.00	0	0
8037	-73.292	34.958	-4130.0	2.31	0.0650	0.834	46.743	0.00	0.00	0	0
8038	-73.208	34.958	-4171.0	2.31	0.0630	0.754	48.634	0.00	0.00	0	0
8039	-73.125	34.958	-4179.0	2.30	0.0610	0.608	48.077	0.00	0.00	0	0
8040	-73.042	34.958	-4203.0	2.30	0.0590	0.602	48.147	0.00	0.00	0	0
8041	-72.958	34.958	-4242.0	2.26	0.0570	0.580	48.115	0.00	0.00	0	0
8042	-72.875	34.958	-4288.0	2.26	0.0550	0.779	48.331	0.00	0.00	0	0
8043	-72.792	34.958	-4324.0	2.25	0.0540	0.785	48.958	0.00	0.00	0	0
8044	-72.708	34.958	-4358.0	2.24	0.0540	0.752	49.021	0.00	0.00	0	0
8045	-72.625	34.958	-4391.0	2.23	0.0530	0.708	49.024	0.00	0.00	0	0
8046	-72.542	34.958	-4411.0	2.24	0.0530	0.709	49.049	0.00	0.00	0	0
8047	-72.458	34.958	-4436.0	2.24	0.0530	0.554	47.476	0.00	0.00	0	0
8048	-72.375	34.958	-4450.0	2.24	0.0530	0.609	47.552	0.00	0.00	0	0
8049	-72.292	34.958	-4445.0	2.24	0.0530	0.706	47.723	0.00	0.00	0	0
8050	-72.208	34.958	-4436.0	2.25	0.0530	0.600	48.099	0.00	0.00	0	0
8051	-72.125	34.958	-4426.0	2.25	0.0540	0.596	48.084	0.00	0.00	0	0
8052	-72.042	34.958	-4417.0	2.25	0.0540	0.583	48.114	0.00	0.00	0	0
8053	-71.958	34.958	-4418.0	2.25	0.0540	0.494	48.142	0.00	0.00	0	0
8054	-71.875	34.958	-4415.0	2.26	0.0530	0.430	48.191	0.00	0.00	0	0
8055	-71.792	34.958	-4409.0	2.27	0.0510	0.392	48.329	0.00	0.00	0	0
8056	-71.708	34.958	-4385.0	2.27	0.0480	0.397	48.253	0.00	0.00	0	0
8057	-71.625	34.958	-4381.0	2.27	0.0460	0.419	48.211	0.00	0.00	0	0
8058	-71.542	34.958	-4361.0	2.27	0.0440	0.415	48.217	0.00	0.00	0	0
8059	-71.458	34.958	-4379.0	2.27	0.0430	0.436	48.207	0.00	0.00	0	0
8060	-71.375	34.958	-4397.0	2.27	0.0430	0.450	48.201	0.00	0.00	0	0
8061	-71.292	34.958	-4427.0	2.28	0.0420	0.463	48.244	0.00	0.00	0	0
8062	-71.208	34.958	-4456.5	2.27	0.0410	0.468	47.906	0.00	0.00	0	0
8063	-71.125	34.958	-4505.0	2.27	0.0400	0.618	47.643	0.00	0.00	0	0
8064	-71.042	34.958	-4551.0	2.28	0.0400	0.454	48.069	0.00	0.00	0	0
8065	-77.958	35.042	nan	nan	nan	nan	nan	0.00	0.00	0	0
8066	-77.875	35.042	nan	nan	nan	nan	nan	0.00	0.00	0	0
8067	-77.792	35.042	nan	nan	nan	nan	nan	0.00	0.00	0	0
8068	-77.708	35.042	nan	nan	nan	nan	nan	0.00	0.00	0	0
8069	-77.625	35.042	nan	nan	nan	nan	nan	0.00	0.00	0	0
8070	-77.542	35.042	nan	nan	nan	nan	nan	0.00	0.00	0	0
8071	-77.458	35.042	nan	nan	nan	nan	nan	0.00	0.00	0	0
8072	-77.375	35.042	nan	nan	nan	nan	nan	0.00	0.00	0	0
8073	-77.292	35.042	nan	nan	nan	nan	nan	0.00	0.00	0	0
8074	-77.208	35.042	nan	nan	nan	nan	nan	0.00	0.00	0	0
8075	-77.125	35.042	nan	nan	nan	nan	nan	0.00	0.00	0	0
8076	-77.042	35.042	nan	nan	nan	nan	nan	0.00	0.00	0	0
8077	-76.958	35.042	nan	nan	nan	nan	nan	0.00	0.00	0	0
8078	-76.875	35.042	nan	nan	nan	nan	nan	0.00	0.00	0	0
8079	-76.792	35.042	nan	nan	nan	nan	nan	0.00	0.00	0	0
8080	-76.708	35.042	nan	nan	nan	nan	nan	0.00	0.00	0	0
8081	-76.625	35.042	-4.5	13.56	0.0500	1.444	55.046	0.00	0.00	0	0
8082	-76.542	35.042	-6.0	15.47	0.0450	1.414	57.504	0.00	0.00	0	0
8083	-76.458	35.042	nan	nan	nan	nan	nan	0.00	0.00	0	0
8084	-76.375	35.042	-3.0	11.84	0.0460	0.278	57.716	0.00	0.00	0	0
8085	-76.292	35.042	-6.0	5.84	0.0470	0.327	58.151	0.00	0.00	0	0
8086	-76.208	35.042	-4.0	4.99	0.0490	0.322	57.225	0.00	0.00	0	0
8087	-76.125	35.042	-2.0	1.94	0.0520	0.275	56.261	0.00	0.00	0	0
8088	-76.042	35.042	-6.0	1.69	0.0820	0.219	55.960	0.00	0.00	0	0
8089	-75.958	35.042	-18.0	0.57	0.0610	0.120	56.462	0.00	0.00	0	0
8090	-75.875	35.042	-22.0	0.21	0.0670	0.215	56.399	0.00	0.00	0	0
8091	-75.792	35.042	-23.0	1.52	0.0720	0.220	56.176	0.00	0.00	0	0
8092	-75.708	35.042	-28.0	5.23	0.0800	0.202	57.201	0.00	0.00	0	0
8093	-75.625	35.042	-35.0	3.00	0.0860	0.197	57.494	0.00	0.00	0	0
8094	-75.542	35.042	-43.0	2.99	0.0910	0.146	57.611	0.00	0.00	0	0
8095	-75.458	35.042	-58.0	2.90	0.0940	0.200	56.528	0.00	0.00	0	0
8096	-75.375	35.042	-88.0	2.88	0.0920	0.335	56.449	0.00	0.00	0	0
8097	-75.292	35.042	-119.0	2.74	0.0880	0.782	57.126	0.00	0.00	0	0
8098	-75.208	35.042	-348.0	2.71	0.0870	1.124	58.146	3.28	1325.76	59	50
8099	-75.125	35.042	-763.0	2.66	0.0920	1.367	50.489	824.43	1329.58	65	58
8100	-75.042	35.042	-1970.0	2.57	0.0970	1.514	49.020	2567.45	643.04	45	36
8101	-74.958	35.042	-2506.0	2.55	0.1040	1.526	45.942	2955.82	382.75	29	22
8102	-74.875	35.042	-2666.0	2.54	0.1020	1.362	44.375	594.30	75.52	6	5
8103	-74.792	35.042	-2736.0	2.53	0.1010	1.216	44.542	335.70	44.08	4	2
8104	-74.708	35.042	-2807.0	2.47	0.1020	0.922	44.264	0.00	0.00	0	0
8105	-74.625	35.042	-2879.0	2.37	0.1160	0.951	44.403	117.73	12.50	1	0
8106	-74.542	35.042	-2946.5	2.30	0.1220	0.797	46.153	0.00	0.00	0	0
8107	-74.458	35.042	-2999.5	2.28	0.1200	0.798	46.212	0.00	0.00	0	0
8108	-74.375	35.042	-3121.0	2.28	0.1160	0.887	46.457	0.00	0.00	0	0
8109	-74.292	35.042	-3179.0	2.28	0.1100	0.926	46.531	26.31	0.20	0	0
8110	-74.208	35.042	-3172.0	2.27	0.1040	1.017	44.051	25.78	0.16	0	0
8111	-74.125	35.042	-3227.5	2.23	0.0990	0.989	42.759	0.00	0.00	0	0
8112	-74.042	35.042	-3330.5	2.23	0.0940	0.979	42.779	0.00	0.00	0	0
8113	-73.958	35.042	-3390.0	2.24	0.0900	0.980	42.886	0.00	0.00	0	0
8114	-73.875	35.042	-3524.0	2.25	0.0860	0.997	44.778	12.55	0.03	0	0
8115	-73.792	35.042	-3600.5	2.25	0.0830	0.996	45.029	2.27	0.00	0	0
8116	-73.708	35.042	-3682.0	2.25	0.0800	1.003	45.332	0.00	0.00	0	0
8117	-73.625	35.042	-3766.0	2.25	0.0750	0.939	45.809	0.00	0.00	0	0
8118	-73.542	35.042	-3855.0	2.29	0.0710	0.938	46.024	0.00	0.00	0	0
8119	-73.458	35.042	-3934.0	2.30	0.0690	0.936	46.271	0.00	0.00	0	0
8120	-73.375	35.042	-4002.0	2.30	0.0670	0.841	46.531	0.00	0.00	0	0
8121	-73.292	35.042	-4029.0	2.31	0.0660	0.832	46.675	0.00	0.00	0	0
8122	-73.208	35.042	-4071.0	2.31	0.0640	0.861	48.636	0.00	0.00	0	0
8123	-73.125	35.042	-4128.0	2.30	0.0620	0.604	48.098	0.00	0.00	0	0
8124	-73.042	35.042	-4181.0	2.29	0.0590	0.611	48.072	0.00	0.00	0	0
8125	-72.958	35.042	-4235.0	2.26	0.0570	0.587	48.142	0.00	0.00	0	0
8126	-72.875	35.042	-4272.0	2.26	0.0550	0.783	48.347	0.00	0.00	0	0
8127	-72.792	35.042	-4314.0	2.25	0.0540	0.792	48.356	0.00	0.00	0	0
8128	-72.708	35.042	-4347.0	2.25	0.0530	0.793	49.037	0.00	0.00	0	0
8129	-72.625	35.042	-4368.5	2.24	0.0530	0.783	49.043	0.00	0.00	0	0
8130	-72.542	35.042	-4397.5	2.23	0.0530	0.739	49.077	0.00	0.00	0	0
8131	-72.458	35.042	-4414.0	2.24	0.0530	0.553	49.072	0.00	0.00	0	0
8132	-72.375	35.042	-4414.0	2.24	0.0530	0.605	47.560	0.00	0.00	0	0
8133	-72.292	35.042	-4417.0	2.25	0.0530	0.592	47.573	0.00	0.00	0	0
8134	-72.208	35.042	-4409.0	2.25	0.0530	0.647	47.725	0.00	0.00	0	0
8135	-72.125	35.042	-4398.0	2.25	0.0540	0.592	48.107	0.00	0.00	0	0
8136	-72.042	35.042	-4394.0	2.25	0.0530	0.385	48.127	0.00	0.00	0	0
8137	-71.958	35.042	-4399.0	2.25	0.0530	0.485	48.136	0.00	0.00	0	0
8138	-71.875	35.042	-4403.0	2.26	0.0520	0.490	48.180	0.00	0.00	0	0
8139	-71.792	35.042	-4390.5	2.26	0.0500	0.429	48.234	0.00	0.00	0	0
8140	-71.708	35.042	-4376.0	2.27	0.0480	0.434	48.272	0.00	0.00	0	0
8141	-71.625	35.042	-4371.0	2.27	0.0460	0.437	48.292	0.00	0.00	0	0
8142	-71.542	35.042	-4367.5	2.27	0.0450	0.402	48.244	0.00	0.00	0	0
8143	-71.458	35.042	-4359.0	2.27	0.0440	0.411	48.244	0.00	0.00	0	0
8144	-71.375	35.042	-4379.0	2.27	0.0430	0.379	48.257	0.00	0.00	0	0
8145	-71.292	35.042	-4400.0	2.27	0.0430	0.419	48.266	0.00	0.00	0	0
8146	-71.208	35.042	-4419.0	2.28	0.0420	0.420	48.262	0.00	0.00	0	0
8147	-71.125	35.042	-4447.0	2.28	0.0410	0.442	47.939	0.00	0.00	0	0
8148	-71.042	35.042	-4488.0	2.28	0.0410	0.468	49.041	0.00	0.00	0	0
8149	-77.958	35.125	nan	nan	nan	nan	nan	0.00	0.00	0	0
8150	-77.875	35.125	nan	nan	nan	nan	nan	0.00	0.00	0	0
8151	-77.792	35.125	nan	nan	nan	nan	nan	0.00	0.00	0	0
8152	-77.708	35.125	nan	nan	nan	nan	nan	0.00	0.00	0	0
8153	-77.625	35.125	nan	nan	nan	nan	nan	0.00	0.00	0	0
8154	-77.542	35.125	nan	nan	nan	nan	nan	0.00	0.00	0	0
8155	-77.458	35.125	nan	nan	nan	nan	nan	0.00	0.00	0	0
8156	-77.375	35.125	nan	nan	nan	nan	nan	0.00	0.00	0	0
8157	-77.292	35.125	nan	nan	nan	nan	nan	0.00	0.00	0	0
8158	-77.208	35.125	nan	nan	nan	nan	nan	0.00	0.00	0	0
8159	-77.125	35.125	nan	nan	nan	nan	nan	0.00	0.00	0	0
8160	-77.042	35.125	nan	nan	nan	nan	nan	0.00	0.00	0	0
8161	-76.958	35.125	nan	nan	nan	nan	nan	0.00	0.00	0	0
8162	-76.875	35.125	nan	nan	nan	nan	nan	0.00	0.00	0	0
8163	-76.792	35.125	nan	nan	nan	nan	nan	0.00	0.00	0	0
8164	-76.708	35.125	nan	nan	nan	nan	nan	0.00	0.00	0	0
8165	-76.625	35.125	nan	nan	nan	nan	nan	0.00	0.00	0	0
8166	-76.542	35.125	-4.0	17.59	0.0550	2.380	58.883	0.00	0.00	0	0
8167	-76.458	35.125	-6.0	19.29	0.0450	1.283	52.172	0.00	0.00	0	0
8168	-76.375	35.125	-6.0	15.22	0.0440	0.190	58.193	0.00	0.00	0	0
8169	-76.292	35.125	-6.0	6.09	0.0450	0.355	60.121	0.00	0.00	0	0
8170	-76.208	35.125	-6.0	5.91	0.0470	0.830	57.907	0.00	0.00	0	0
8171	-76.125	35.125	-2.0	5.05	0.0510	0.282	56.736	0.00	0.00	0	0
8172	-76.042	35.125	-2.0	1.74	0.0820	0.223	56.030	0.00	0.00	0	0
8173	-75.958	35.125	-2.0	1.67	0.0590	0.098	56.056	0.00	0.00	0	0
8174	-75.875	35.125	-13.0	4.70	0.0860	0.100	55.361	0.00	0.00	0	0
8175	-75.792	35.125	-17.0	0.96	0.0900	0.215	56.248	0.00	0.00	0	0
8176	-75.708	35.125	-19.0	4.90	0.0710	0.140	56.833	0.00	0.00	0	0
8177	-75.625	35.125	-21.0	4.42	0.0780	0.197	57.336	0.00	0.00	0	0
8178	-75.542	35.125	-18.0	2.88	0.0860	0.130	57.576	0.00	7.61	34	32
8179	-75.458	35.125	-14.0	2.98	0.0890	0.193	55.349	0.00	0.00	0	0
8180	-75.375	35.125	-21.0	2.96	0.0910	0.201	56.994	0.00	0.00	0	0
8181	-75.292	35.125	-39.5	2.75	0.0880	0.626	57.069	0.00	0.00	0	0
8182	-75.208	35.125	-74.5	2.72	0.0870	1.511	59.764	0.00	1490.09	94	90
8183	-75.125	35.125	-208.5	2.66	0.0900	1.278	50.865	0.00	1457.41	71	61
8184	-75.042	35.125	-759.0	2.57	0.0970	1.765	49.437	1686.59	2101.05	82	74
8185	-74.958	35.125	-2136.5	2.56	0.1040	1.525	51.303	3084.67	622.63	43	29
8186	-74.875	35.125	-2467.5	2.55	0.1020	1.512	44.320	2534.17	302.74	24	17
8187	-74.792	35.125	-2591.5	2.54	0.0940	1.174	44.463	626.10	115.71	10	8
8188	-74.708	35.125	-2685.0	2.48	0.0970	1.002	44.076	26.80	0.00	0	0
8189	-74.625	35.125	-2785.0	2.46	0.1130	0.887	44.318	27.97	7.80	1	0
8190	-74.542	35.125	-2858.0	2.37	0.1210	0.807	46.053	174.19	15.00	2	1
8191	-74.458	35.125	-2955.0	2.30	0.1220	0.798	46.152	0.00	0.00	0	0
8192	-74.375	35.125	-3024.5	2.28	0.1180	0.886	46.398	27.26	0.00	0	0
8193	-74.292	35.125	-3052.0	2.28	0.1130	0.928	46.481	0.00	0.00	0	0
8194	-74.208	35.125	-3114.0	2.27	0.1070	1.024	44.029	44.99	9.15	1	0
8195	-74.125	35.125	-3180.0	2.26	0.1020	1.041	42.448	46.83	0.96	0	0
8196	-74.042	35.125	-3256.0	2.24	0.0970	0.980	42.637	0.00	0.00	0	0
8197	-73.958	35.125	-3388.0	2.23	0.0920	0.991	42.705	0.00	0.00	0	0
8198	-73.875	35.125	-3442.0	2.25	0.0880	0.994	42.824	0.00	0.00	0	0
8199	-73.792	35.125	-3531.5	2.25	0.0850	0.993	44.802	0.00	0.00	0	0
8200	-73.708	35.125	-3625.0	2.25	0.0820	0.999	45.077	0.00	0.00	0	0
8201	-73.625	35.125	-3734.0	2.25	0.0780	1.011	45.451	0.00	0.00	0	0
8202	-73.542	35.125	-3797.5	2.28	0.0740	0.942	45.859	1.53	0.00	0	0
8203	-73.458	35.125	-3865.0	2.29	0.0700	0.857	46.096	0.00	0.00	0	0
8204	-73.375	35.125	-3903.0	2.30	0.0690	1.025	46.342	0.00	0.00	0	0
8205	-73.292	35.125	-3960.0	2.30	0.0670	0.998	46.637	0.00	0.00	0	0
8206	-73.208	35.125	-4046.5	2.31	0.0650	0.867	46.728	0.00	0.00	0	0
8207	-73.125	35.125	-4111.5	2.29	0.0620	0.615	47.081	0.00	0.00	0	0
8208	-73.042	35.125	-4167.0	2.29	0.0600	0.606	48.092	0.00	0.00	0	0
8209	-72.958	35.125	-4215.0	2.30	0.0560	0.774	48.166	0.00	0.00	0	0
8210	-72.875	35.125	-4258.0	2.26	0.0540	0.790	48.137	0.00	0.00	0	0
8211	-72.792	35.125	-4302.0	2.26	0.0530	0.793	48.360	0.00	0.00	0	0
8212	-72.708	35.125	-4325.0	2.25	0.0530	0.796	48.938	0.00	0.00	0	0
8213	-72.625	35.125	-4345.0	2.23	0.0530	0.795	49.073	0.00	0.00	0	0
8214	-72.542	35.125	-4372.0	2.23	0.0530	0.788	49.070	0.00	0.00	0	0
8215	-72.458	35.125	-4383.0	2.23	0.0530	0.781	49.091	0.00	0.00	0	0
8216	-72.375	35.125	-4390.0	2.24	0.0530	0.576	48.690	0.00	0.00	0	0
8217	-72.292	35.125	-4390.0	2.24	0.0530	0.609	47.582	0.00	0.00	0	0
8218	-72.208	35.125	-4382.0	2.25	0.0530	0.592	47.747	0.00	0.00	0	0
8219	-72.125	35.125	-4375.0	2.25	0.0530	0.651	48.159	0.00	0.00	0	0
8220	-72.042	35.125	-4374.0	2.25	0.0530	0.386	48.139	0.00	0.00	0	0
8221	-71.958	35.125	-4381.0	2.25	0.0530	0.382	48.150	0.00	0.00	0	0
8222	-71.875	35.125	-4383.0	2.25	0.0520	0.491	48.181	0.00	0.00	0	0
8223	-71.792	35.125	-4373.0	2.26	0.0500	0.383	48.233	0.00	0.00	0	0
8224	-71.708	35.125	-4367.0	2.27	0.0480	0.432	48.272	0.00	0.00	0	0
8225	-71.625	35.125	-4359.0	2.27	0.0470	0.434	48.352	0.00	0.00	0	0
8226	-71.542	35.125	-4358.0	2.27	0.0460	0.433	48.348	0.00	0.00	0	0
8227	-71.458	35.125	-4354.0	2.27	0.0450	0.441	48.035	0.00	0.00	0	0
8228	-71.375	35.125	-4367.0	2.27	0.0440	0.438	48.288	0.00	0.00	0	0
8229	-71.292	35.125	-4376.0	2.28	0.0430	0.411	48.314	0.00	0.00	0	0
8230	-71.208	35.125	-4392.0	2.27	0.0430	0.421	48.330	0.00	0.00	0	0
8231	-71.125	35.125	-4409.0	2.28	0.0420	0.444	48.314	0.00	0.00	0	0
8232	-71.042	35.125	-4439.5	2.28	0.0420	0.445	48.377	0.00	0.00	0	0
8233	-77.958	35.208	nan	nan	nan	nan	nan	0.00	0.00	0	0
8234	-77.875	35.208	nan	nan	nan	nan	nan	0.00	0.00	0	0
8235	-77.792	35.208	nan	nan	nan	nan	nan	0.00	0.00	0	0
8236	-77.708	35.208	nan	nan	nan	nan	nan	0.00	0.00	0	0
8237	-77.625	35.208	nan	nan	nan	nan	nan	0.00	0.00	0	0
8238	-77.542	35.208	nan	nan	nan	nan	nan	0.00	0.00	0	0
8239	-77.458	35.208	nan	nan	nan	nan	nan	0.00	0.00	0	0
8240	-77.375	35.208	nan	nan	nan	nan	nan	0.00	0.00	0	0
8241	-77.292	35.208	nan	nan	nan	nan	nan	0.00	0.00	0	0
8242	-77.208	35.208	nan	nan	nan	nan	nan	0.00	0.00	0	0
8243	-77.125	35.208	nan	nan	nan	nan	nan	0.00	0.00	0	0
8244	-77.042	35.208	nan	nan	nan	nan	nan	0.00	0.00	0	0
8245	-76.958	35.208	nan	nan	nan	nan	nan	0.00	0.00	0	0
8246	-76.875	35.208	nan	nan	nan	nan	nan	0.00	0.00	0	0
8247	-76.792	35.208	nan	nan	nan	nan	nan	0.00	0.00	0	0
8248	-76.708	35.208	nan	nan	nan	nan	nan	0.00	0.00	0	0
8249	-76.625	35.208	nan	nan	nan	nan	nan	0.00	0.00	0	0
8250	-76.542	35.208	nan	nan	nan	nan	nan	0.00	0.00	0	0
8251	-76.458	35.208	-3.0	15.21	0.0440	1.298	57.457	0.00	0.00	0	0
8252	-76.375	35.208	-5.0	15.30	0.0440	0.831	55.170	0.00	0.00	0	0
8253	-76.292	35.208	-6.0	14.30	0.0450	0.587	57.984	0.00	0.00	0	0
8254	-76.208	35.208	-6.0	2.21	0.0470	0.562	58.286	0.00	0.00	0	0
8255	-76.125	35.208	-5.0	5.04	0.0500	0.495	57.692	0.00	0.00	0	0
8256	-76.042	35.208	-6.0	2.98	0.0530	0.202	56.797	0.00	0.00	0	0
8257	-75.958	35.208	-6.0	1.85	0.0560	0.089	56.371	0.00	0.00	0	0
8258	-75.875	35.208	-4.0	8.11	0.0820	0.192	55.339	0.00	0.00	0	0
8259	-75.792	35.208	-2.0	3.35	0.0820	0.240	55.345	0.00	0.00	0	0
8260	-75.708	35.208	-2.0	4.88	0.0630	0.252	55.991	0.00	0.00	0	0
8261	-75.625	35.208	-13.0	5.25	0.0690	0.240	57.228	0.00	0.00	0	0
8262	-75.542	35.208	-8.0	4.21	0.0770	0.239	57.546	0.00	0.00	0	0
8263	-75.458	35.208	-13.0	2.87	0.0850	0.226	57.659	0.00	0.00	0	0
8264	-75.375	35.208	-20.0	2.98	0.0900	0.148	57.000	0.00	52.35	47	38
8265	-75.292	35.208	-25.0	2.95	0.0970	0.150	55.517	0.00	39.49	43	36
8266	-75.208	35.208	-27.0	2.74	0.0960	1.457	57.137	0.00	0.00	0	0
8267	-75.125	35.208	-70.0	2.71	0.0980	1.520	59.948	0.00	1959.09	96	93
8268	-75.042	35.208	-195.5	2.57	0.0980	1.560	50.388	0.00	1679.43	81	76
8269	-74.958	35.208	-948.0	2.56	0.1020	1.906	48.634	2881.84	2047.77	88	81
8270	-74.875	35.208	-2034.0	2.56	0.1020	1.520	45.198	3504.10	627.70	47	37
8271	-74.792	35.208	-2378.5	2.55	0.0920	1.226	44.389	1258.50	185.95	14	13
8272	-74.708	35.208	-2532.0	2.53	0.0900	1.253	44.005	850.83	116.56	11	9
8273	-74.625	35.208	-2638.5	2.47	0.1050	0.888	44.244	95.54	11.46	1	0
8274	-74.542	35.208	-2752.5	2.46	0.1170	0.951	45.999	219.62	27.31	3	1
8275	-74.458	35.208	-2845.5	2.31	0.1200	0.898	46.076	164.75	16.25	2	0
8276	-74.375	35.208	-2901.5	2.29	0.1200	0.890	46.363	114.12	13.50	1	0
8277	-74.292	35.208	-2961.5	2.28	0.1150	0.937	46.405	0.00	0.00	0	0
8278	-74.208	35.208	-3040.5	2.28	0.1100	1.022	44.040	80.38	10.55	1	0
8279	-74.125	35.208	-3128.0	2.28	0.1050	0.986	43.883	79.20	10.27	1	0
8280	-74.042	35.208	-3254.0	2.23	0.1000	0.979	42.547	0.00	0.00	0	0
8281	-73.958	35.208	-3317.0	2.23	0.0950	0.979	42.553	0.00	0.00	0	0
8282	-73.875	35.208	-3399.0	2.24	0.0910	0.990	42.639	0.00	0.00	0	0
8283	-73.792	35.208	-3494.5	2.25	0.0870	0.996	44.566	0.00	0.00	0	0
8284	-73.708	35.208	-3592.0	2.25	0.0840	0.994	44.831	0.00	0.00	0	0
8285	-73.625	35.208	-3676.0	2.25	0.0800	1.011	45.166	0.00	0.00	0	0
8286	-73.542	35.208	-3742.0	2.28	0.0770	0.945	45.385	0.00	0.00	0	0
8287	-73.458	35.208	-3777.5	2.29	0.0730	0.946	45.925	0.00	0.00	0	0
8288	-73.375	35.208	-3840.0	2.30	0.0700	1.033	46.210	0.00	0.00	0	0
8289	-73.292	35.208	-3928.0	2.30	0.0680	1.008	46.468	0.00	0.00	0	0
8290	-73.208	35.208	-4008.5	2.31	0.0660	0.878	46.638	0.00	0.00	0	0
8291	-73.125	35.208	-4082.0	2.31	0.0630	0.710	46.804	0.00	0.00	0	0
8292	-73.042	35.208	-4143.0	2.25	0.0600	0.603	46.916	0.00	0.00	0	0
8293	-72.958	35.208	-4186.0	2.26	0.0570	0.588	48.089	0.00	0.00	0	0
8294	-72.875	35.208	-4240.0	2.26	0.0540	0.784	48.633	0.00	0.00	0	0
8295	-72.792	35.208	-4274.5	2.26	0.0530	0.788	48.622	0.00	0.00	0	0
8296	-72.708	35.208	-4295.0	2.25	0.0530	0.791	48.380	0.00	0.00	0	0
8297	-72.625	35.208	-4318.0	2.24	0.0530	0.789	48.976	0.00	0.00	0	0
8298	-72.542	35.208	-4340.0	2.23	0.0530	0.786	49.093	0.00	0.00	0	0
8299	-72.458	35.208	-4351.0	2.23	0.0530	0.781	49.097	0.00	0.00	0	0
8300	-72.375	35.208	-4360.5	2.23	0.0530	0.582	48.732	0.00	0.00	0	0
8301	-72.292	35.208	-4361.0	2.24	0.0530	0.599	48.700	0.00	0.00	0	0
8302	-72.208	35.208	-4352.0	2.24	0.0540	0.612	47.594	0.00	0.00	0	0
8303	-72.125	35.208	-4350.0	2.25	0.0540	0.659	47.767	0.00	0.00	0	0
8304	-72.042	35.208	-4354.0	2.25	0.0540	0.652	48.158	0.00	0.00	0	0
8305	-71.958	35.208	-4353.0	2.25	0.0530	0.445	48.154	0.00	0.00	0	0
8306	-71.875	35.208	-4353.5	2.25	0.0520	0.380	48.189	0.00	0.00	0	0
8307	-71.792	35.208	-4351.0	2.26	0.0500	0.486	48.237	0.00	0.00	0	0
8308	-71.708	35.208	-4348.0	2.27	0.0490	0.432	48.264	0.00	0.00	0	0
8309	-71.625	35.208	-4348.0	2.27	0.0470	0.433	48.320	0.00	0.00	0	0
8310	-71.542	35.208	-4347.5	2.27	0.0460	0.428	48.183	0.00	0.00	0	0
8311	-71.458	35.208	-4348.0	2.27	0.0450	0.434	48.329	0.00	0.00	0	0
8312	-71.375	35.208	-4349.0	2.27	0.0450	0.435	48.069	0.00	0.00	0	0
8313	-71.292	35.208	-4363.5	2.28	0.0440	0.397	48.350	0.00	0.00	0	0
8314	-71.208	35.208	-4373.0	2.27	0.0430	0.414	48.366	0.00	0.00	0	0
8315	-71.125	35.208	-4390.0	2.28	0.0430	0.431	48.392	0.00	0.00	0	0
8316	-71.042	35.208	-4406.0	2.28	0.0420	0.432	48.456	0.00	0.00	0	0
8317	-77.958	35.292	nan	nan	nan	nan	nan	0.00	0.00	0	0
8318	-77.875	35.292	nan	nan	nan	nan	nan	0.00	0.00	0	0
8319	-77.792	35.292	nan	nan	nan	nan	nan	0.00	0.00	0	0
8320	-77.708	35.292	nan	nan	nan	nan	nan	0.00	0.00	0	0
8321	-77.625	35.292	nan	nan	nan	nan	nan	0.00	0.00	0	0
8322	-77.542	35.292	nan	nan	nan	nan	nan	0.00	0.00	0	0
8323	-77.458	35.292	nan	nan	nan	nan	nan	0.00	0.00	0	0
8324	-77.375	35.292	nan	nan	nan	nan	nan	0.00	0.00	0	0
8325	-77.292	35.292	nan	nan	nan	nan	nan	0.00	0.00	0	0
8326	-77.208	35.292	nan	nan	nan	nan	nan	0.00	0.00	0	0
8327	-77.125	35.292	nan	nan	nan	nan	nan	0.00	0.00	0	0
8328	-77.042	35.292	nan	nan	nan	nan	nan	0.00	0.00	0	0
8329	-76.958	35.292	nan	nan	nan	nan	nan	0.00	0.00	0	0
8330	-76.875	35.292	nan	nan	nan	nan	nan	0.00	0.00	0	0
8331	-76.792	35.292	nan	nan	nan	nan	nan	0.00	0.00	0	0
8332	-76.708	35.292	nan	nan	nan	nan	nan	0.00	0.00	0	0
8333	-76.625	35.292	nan	nan	nan	nan	nan	0.00	0.00	0	0
8334	-76.542	35.292	nan	nan	nan	nan	nan	0.00	0.00	0	0
8335	-76.458	35.292	-4.0	15.21	0.0690	1.151	58.938	0.00	0.00	0	0
8336	-76.375	35.292	-4.0	15.21	0.0460	1.048	52.079	0.00	0.00	0	0
8337	-76.292	35.292	-4.0	8.40	0.0460	0.262	57.718	0.00	0.00	0	0
8338	-76.208	35.292	-4.0	7.29	0.0480	0.220	57.310	0.00	0.00	0	0
8339	-76.125	35.292	-3.0	5.09	0.0490	0.463	58.273	0.00	0.00	0	0
8340	-76.042	35.292	-5.0	9.84	0.0520	0.000	57.817	0.00	0.00	0	0
8341	-75.958	35.292	-6.0	8.32	0.0520	0.338	57.295	0.00	0.00	0	0
8342	-75.875	35.292	-6.0	8.18	0.0530	0.120	55.375	0.00	0.00	0	0
8343	-75.792	35.292	-5.0	6.26	0.0540	0.290	55.434	0.00	0.00	0	0
8344	-75.708	35.292	-3.0	6.78	0.0570	0.720	56.194	0.00	0.00	0	0
8345	-75.625	35.292	-2.0	8.47	0.0620	0.289	57.264	0.00	0.00	0	0
8346	-75.542	35.292	nan	nan	nan	nan	nan	0.00	0.00	0	0
8347	-75.458	35.292	-16.0	3.00	0.0830	0.224	57.647	0.00	0.00	0	0
8348	-75.375	35.292	-21.0	2.99	0.0920	0.224	55.295	0.00	0.00	0	0
8349	-75.292	35.292	-24.0	2.97	0.0990	0.374	56.942	0.00	0.00	0	0
8350	-75.208	35.292	-28.0	2.94	0.1030	1.411	57.110	0.00	0.00	0	0
8351	-75.125	35.292	-31.0	2.72	0.1040	1.520	58.129	0.00	0.00	0	0
8352	-75.042	35.292	-62.5	2.66	0.1030	1.573	50.484	0.00	1834.67	95	92
8353	-74.958	35.292	-234.5	2.74	0.1010	2.148	49.037	0.00	2846.79	88	82
8354	-74.875	35.292	-1324.5	2.57	0.0980	1.775	45.874	3746.91	1250.91	73	65
8355	-74.792	35.292	-1997.0	2.56	0.0900	1.259	44.293	1790.27	347.09	34	21
8356	-74.708	35.292	-2304.0	2.54	0.0920	1.016	43.931	522.56	84.56	12	5
8357	-74.625	35.292	-2481.0	2.48	0.1050	0.960	44.172	1084.64	160.67	24	12
8358	-74.542	35.292	-2611.0	2.46	0.1160	0.928	44.275	498.83	73.26	10	3
8359	-74.458	35.292	-2695.5	2.39	0.1200	0.968	45.969	305.96	35.41	4	1
8360	-74.375	35.292	-2767.0	2.31	0.1200	0.940	46.072	211.22	25.51	3	0
8361	-74.292	35.292	-2886.0	2.29	0.1170	0.937	46.349	135.52	15.37	2	0
8362	-74.208	35.292	-3014.5	2.28	0.1120	0.944	44.030	24.20	0.00	0	0
8363	-74.125	35.292	-3116.5	2.28	0.1070	1.022	43.866	80.57	10.65	1	1
8364	-74.042	35.292	-3185.0	2.25	0.1020	0.982	42.335	0.00	0.00	0	0
8365	-73.958	35.292	-3275.5	2.23	0.0970	0.976	42.433	49.52	0.47	0	0
8366	-73.875	35.292	-3365.0	2.24	0.0930	0.991	42.465	0.00	0.00	0	0
8367	-73.792	35.292	-3445.5	2.25	0.0890	0.999	44.382	0.00	0.00	0	0
8368	-73.708	35.292	-3530.0	2.25	0.0850	0.998	44.578	0.00	0.00	0	0
8369	-73.625	35.292	-3582.0	2.24	0.0820	1.003	44.882	0.00	0.00	0	0
8370	-73.542	35.292	-3660.0	2.24	0.0790	0.948	45.047	0.00	0.00	0	0
8371	-73.458	35.292	-3715.0	2.28	0.0750	1.030	45.740	0.00	0.00	0	0
8372	-73.375	35.292	-3806.5	2.29	0.0720	1.029	46.024	0.00	0.00	0	0
8373	-73.292	35.292	-3901.0	2.30	0.0690	1.025	46.284	0.00	0.00	0	0
8374	-73.208	35.292	-3975.0	2.29	0.0660	0.878	46.596	0.00	0.00	0	0
8375	-73.125	35.292	-4045.0	2.29	0.0640	0.868	46.659	0.00	0.00	0	0
8376	-73.042	35.292	-4107.5	2.25	0.0600	0.700	45.346	0.00	0.00	0	0
8377	-72.958	35.292	-4162.0	2.25	0.0560	0.612	46.894	0.00	0.00	0	0
8378	-72.875	35.292	-4209.0	2.25	0.0540	0.627	48.650	0.00	0.00	0	0
8379	-72.792	35.292	-4229.0	2.26	0.0520	0.784	48.640	0.00	0.00	0	0
8380	-72.708	35.292	-4257.0	2.24	0.0520	0.785	48.925	0.00	0.00	0	0
8381	-72.625	35.292	-4282.0	2.24	0.0530	0.788	48.970	0.00	0.00	0	0
8382	-72.542	35.292	-4301.5	2.23	0.0530	0.736	49.032	0.00	0.00	0	0
8383	-72.458	35.292	-4313.0	2.24	0.0540	0.787	48.744	0.00	0.00	0	0
8384	-72.375	35.292	-4328.0	2.23	0.0540	0.581	48.756	0.00	0.00	0	0
8385	-72.292	35.292	-4331.0	2.24	0.0540	0.571	48.766	0.00	0.00	0	0
8386	-72.208	35.292	-4322.0	2.24	0.0540	0.602	48.704	0.00	0.00	0	0
8387	-72.125	35.292	-4320.0	2.24	0.0540	0.613	47.621	0.00	0.00	0	0
8388	-72.042	35.292	-4323.0	2.25	0.0540	0.608	48.222	0.00	0.00	0	0
8389	-71.958	35.292	-4325.0	2.25	0.0530	0.447	48.225	0.00	0.00	0	0
8390	-71.875	35.292	-4329.0	2.25	0.0520	0.443	48.197	0.00	0.00	0	0
8391	-71.792	35.292	-4329.0	2.26	0.0510	0.594	48.244	0.00	0.00	0	0
8392	-71.708	35.292	-4331.0	2.26	0.0490	0.598	48.270	0.00	0.00	0	0
8393	-71.625	35.292	-4335.0	2.27	0.0480	0.487	48.324	0.00	0.00	0	0
8394	-71.542	35.292	-4337.0	2.27	0.0470	0.378	48.377	0.00	0.00	0	0
8395	-71.458	35.292	-4335.0	2.27	0.0460	0.489	48.159	0.00	0.00	0	0
8396	-71.375	35.292	-4339.0	2.27	0.0450	0.429	48.438	0.00	0.00	0	0
8397	-71.292	35.292	-4355.0	2.27	0.0450	0.433	48.117	0.00	0.00	0	0
8398	-71.208	35.292	-4357.0	2.27	0.0440	0.399	48.148	0.00	0.00	0	0
8399	-71.125	35.292	-4379.0	2.28	0.0440	0.396	48.427	0.00	0.00	0	0
8400	-71.042	35.292	-4389.0	2.28	0.0430	0.400	48.261	0.00	0.00	0	0
8401	-77.958	35.375	nan	nan	nan	nan	nan	0.00	0.00	0	0
8402	-77.875	35.375	nan	nan	nan	nan	nan	0.00	0.00	0	0
8403	-77.792	35.375	nan	nan	nan	nan	nan	0.00	0.00	0	0
8404	-77.708	35.375	nan	nan	nan	nan	nan	0.00	0.00	0	0
8405	-77.625	35.375	nan	nan	nan	nan	nan	0.00	0.00	0	0
8406	-77.542	35.375	nan	nan	nan	nan	nan	0.00	0.00	0	0
8407	-77.458	35.375	nan	nan	nan	nan	nan	0.00	0.00	0	0
8408	-77.375	35.375	nan	nan	nan	nan	nan	0.00	0.00	0	0
8409	-77.292	35.375	nan	nan	nan	nan	nan	0.00	0.00	0	0
8410	-77.208	35.375	nan	nan	nan	nan	nan	0.00	0.00	0	0
8411	-77.125	35.375	nan	nan	nan	nan	nan	0.00	0.00	0	0
8412	-77.042	35.375	nan	nan	nan	nan	nan	0.00	0.00	0	0
8413	-76.958	35.375	nan	nan	nan	nan	nan	0.00	0.00	0	0
8414	-76.875	35.375	nan	nan	nan	nan	nan	0.00	0.00	0	0
8415	-76.792	35.375	nan	nan	nan	nan	nan	0.00	0.00	0	0
8416	-76.708	35.375	-3.0	19.04	0.0420	2.404	52.819	0.00	0.00	0	0
8417	-76.625	35.375	-3.0	18.80	0.0490	1.764	52.739	0.00	0.00	0	0
8418	-76.542	35.375	-5.0	20.99	0.0570	1.596	52.744	0.00	0.00	0	0
8419	-76.458	35.375	-3.0	19.99	0.0650	1.270	53.631	0.00	0.00	0	0
8420	-76.375	35.375	nan	nan	nan	nan	nan	0.00	0.00	0	0
8421	-76.292	35.375	nan	nan	nan	nan	nan	0.00	0.00	0	0
8422	-76.208	35.375	nan	nan	nan	nan	nan	0.00	0.00	0	0
8423	-76.125	35.375	nan	nan	nan	nan	nan	0.00	0.00	0	0
8424	-76.042	35.375	-2.0	10.57	0.0540	0.537	57.834	0.00	0.00	0	0
8425	-75.958	35.375	-5.0	11.39	0.0510	0.567	58.178	0.00	0.00	0	0
8426	-75.875	35.375	-6.0	8.37	0.0510	0.545	57.611	0.00	0.00	0	0
8427	-75.792	35.375	-6.0	7.00	0.0510	0.596	57.487	0.00	0.00	0	0
8428	-75.708	35.375	-6.0	6.88	0.0510	0.350	57.352	0.00	0.00	0	0
8429	-75.625	35.375	-5.0	6.82	0.0550	0.301	57.371	0.00	0.00	0	0
8430	-75.542	35.375	nan	nan	nan	nan	nan	0.00	0.00	0	0
8431	-75.458	35.375	-13.0	4.24	0.0760	0.209	57.637	0.00	0.00	0	0
8432	-75.375	35.375	-23.0	3.00	0.0890	0.121	57.715	0.00	0.00	0	0
8433	-75.292	35.375	-26.0	2.98	0.0960	0.583	56.866	0.00	0.00	0	0
8434	-75.208	35.375	-30.0	2.97	0.1000	1.095	57.217	0.00	0.00	0	0
8435	-75.125	35.375	-30.0	2.74	0.0970	1.476	59.715	0.00	0.00	0	0
8436	-75.042	35.375	-36.0	2.71	0.0960	1.576	52.477	0.00	0.00	0	0
8437	-74.958	35.375	-64.5	2.66	0.0990	2.161	49.441	0.00	2611.31	100	100
8438	-74.875	35.375	-348.5	2.56	0.0950	1.790	51.183	0.00	0.00	0	0
8439	-74.792	35.375	-1529.5	2.56	0.0910	1.257	44.241	1524.50	432.61	39	27
8440	-74.708	35.375	-2055.0	2.55	0.0910	1.016	44.412	497.12	89.20	12	5
8441	-74.625	35.375	-2323.0	2.49	0.1030	1.010	44.007	800.24	122.35	18	5
8442	-74.542	35.375	-2443.5	2.47	0.1160	0.930	44.214	863.52	127.87	18	6
8443	-74.458	35.375	-2542.0	2.46	0.1200	0.929	45.911	1261.30	224.63	32	10
8444	-74.375	35.375	-2687.0	2.37	0.1210	1.010	45.975	786.94	120.91	13	6
8445	-74.292	35.375	-2850.0	2.29	0.1180	0.942	46.280	0.00	0.00	0	0
8446	-74.208	35.375	-2951.0	2.28	0.1140	0.948	44.024	142.38	14.60	2	0
8447	-74.125	35.375	-3036.0	2.28	0.1090	1.018	43.861	130.55	3.48	0	0
8448	-74.042	35.375	-3113.0	2.25	0.1040	0.984	43.690	89.82	11.46	1	1
8449	-73.958	35.375	-3211.5	2.24	0.0990	0.986	42.351	82.64	7.05	1	0
8450	-73.875	35.375	-3295.0	2.24	0.0950	0.978	42.326	46.68	0.31	0	0
8451	-73.792	35.375	-3372.0	2.24	0.0910	0.996	42.404	13.63	0.02	0	0
8452	-73.708	35.375	-3430.0	2.24	0.0870	1.003	44.321	0.00	0.00	0	0
8453	-73.625	35.375	-3489.0	2.25	0.0830	0.917	44.626	0.00	0.00	0	0
8454	-73.542	35.375	-3587.0	2.24	0.0800	1.007	44.745	0.00	0.00	0	0
8455	-73.458	35.375	-3675.5	2.25	0.0770	1.027	45.235	0.00	0.00	0	0
8456	-73.375	35.375	-3778.0	2.29	0.0740	0.942	45.853	0.00	0.00	0	0
8457	-73.292	35.375	-3864.5	2.30	0.0700	1.032	46.142	0.00	0.00	0	0
8458	-73.208	35.375	-3937.0	2.30	0.0670	1.010	46.384	0.00	0.00	0	0
8459	-73.125	35.375	-4009.0	2.29	0.0640	1.037	45.082	0.00	0.00	0	0
8460	-73.042	35.375	-4064.5	2.24	0.0610	0.865	45.336	0.00	0.00	0	0
8461	-72.958	35.375	-4111.0	2.25	0.0570	0.775	47.064	0.00	0.00	0	0
8462	-72.875	35.375	-4136.0	2.25	0.0540	0.634	47.430	0.00	0.00	0	0
8463	-72.792	35.375	-4160.0	2.26	0.0520	0.556	48.657	0.00	0.00	0	0
8464	-72.708	35.375	-4198.0	2.24	0.0530	0.568	48.711	0.00	0.00	0	0
8465	-72.625	35.375	-4219.0	2.24	0.0540	0.706	48.952	0.00	0.00	0	0
8466	-72.542	35.375	-4245.0	2.23	0.0540	0.550	49.265	0.00	0.00	0	0
8467	-72.458	35.375	-4269.5	2.24	0.0550	0.703	49.006	0.00	0.00	0	0
8468	-72.375	35.375	-4296.0	2.23	0.0550	0.579	48.767	0.00	0.00	0	0
8469	-72.292	35.375	-4295.0	2.23	0.0550	0.660	48.768	0.00	0.00	0	0
8470	-72.208	35.375	-4294.0	2.24	0.0550	0.614	48.735	0.00	0.00	0	0
8471	-72.125	35.375	-4280.0	2.24	0.0550	0.612	47.626	0.00	0.00	0	0
8472	-72.042	35.375	-4287.0	2.25	0.0550	0.602	47.648	0.00	0.00	0	0
8473	-71.958	35.375	-4298.0	2.25	0.0540	0.591	48.238	0.00	0.00	0	0
8474	-71.875	35.375	-4303.0	2.25	0.0530	0.668	48.208	0.00	0.00	0	0
8475	-71.792	35.375	-4306.5	2.25	0.0510	0.655	48.251	0.00	0.00	0	0
8476	-71.708	35.375	-4315.0	2.25	0.0500	0.659	48.285	0.00	0.00	0	0
8477	-71.625	35.375	-4318.0	2.26	0.0490	0.600	48.325	0.00	0.00	0	0
8478	-71.542	35.375	-4323.0	2.27	0.0480	0.603	48.376	0.00	0.00	0	0
8479	-71.458	35.375	-4334.0	2.27	0.0470	0.586	48.384	0.00	0.00	0	0
8480	-71.375	35.375	-4351.0	2.27	0.0460	0.374	48.204	0.00	0.00	0	0
8481	-71.292	35.375	-4363.0	2.27	0.0450	0.420	48.216	0.00	0.00	0	0
8482	-71.208	35.375	-4379.0	2.27	0.0450	0.424	48.167	0.00	0.00	0	0
8483	-71.125	35.375	-4385.0	2.28	0.0450	0.383	48.209	0.00	0.00	0	0
8484	-71.042	35.375	-4401.0	2.28	0.0440	0.396	48.231	0.00	0.00	0	0
8485	-77.958	35.458	nan	nan	nan	nan	nan	0.00	0.00	0	0
8486	-77.875	35.458	nan	nan	nan	nan	nan	0.00	0.00	0	0
8487	-77.792	35.458	nan	nan	nan	nan	nan	0.00	0.00	0	0
8488	-77.708	35.458	nan	nan	nan	nan	nan	0.00	0.00	0	0
8489	-77.625	35.458	nan	nan	nan	nan	nan	0.00	0.00	0	0
8490	-77.542	35.458	nan	nan	nan	nan	nan	0.00	0.00	0	0
8491	-77.458	35.458	nan	nan	nan	nan	nan	0.00	0.00	0	0
8492	-77.375	35.458	nan	nan	nan	nan	nan	0.00	0.00	0	0
8493	-77.292	35.458	nan	nan	nan	nan	nan	0.00	0.00	0	0
8494	-77.208	35.458	nan	nan	nan	nan	nan	0.00	0.00	0	0
8495	-77.125	35.458	nan	nan	nan	nan	nan	0.00	0.00	0	0
8496	-77.042	35.458	nan	nan	nan	nan	nan	0.00	0.00	0	0
8497	-76.958	35.458	nan	nan	nan	nan	nan	0.00	0.00	0	0
8498	-76.875	35.458	nan	nan	nan	nan	nan	0.00	0.00	0	0
8499	-76.792	35.458	nan	nan	nan	nan	nan	0.00	0.00	0	0
8500	-76.708	35.458	nan	nan	nan	nan	nan	0.00	0.00	0	0
8501	-76.625	35.458	nan	nan	nan	nan	nan	0.00	0.00	0	0
8502	-76.542	35.458	nan	nan	nan	nan	nan	0.00	0.00	0	0
8503	-76.458	35.458	nan	nan	nan	nan	nan	0.00	0.00	0	0
8504	-76.375	35.458	nan	nan	nan	nan	nan	0.00	0.00	0	0
8505	-76.292	35.458	nan	nan	nan	nan	nan	0.00	0.00	0	0
8506	-76.208	35.458	nan	nan	nan	nan	nan	0.00	0.00	0	0
8507	-76.125	35.458	nan	nan	nan	nan	nan	0.00	0.00	0	0
8508	-76.042	35.458	nan	nan	nan	nan	nan	0.00	0.00	0	0
8509	-75.958	35.458	-4.0	10.66	0.0600	0.607	58.017	0.00	0.00	0	0
8510	-75.875	35.458	-5.0	11.41	0.0490	1.970	58.374	0.00	0.00	0	0
8511	-75.792	35.458	-6.0	8.33	0.0490	0.832	56.169	0.00	0.00	0	0
8512	-75.708	35.458	-6.0	7.02	0.0490	0.573	55.608	0.00	0.00	0	0
8513	-75.625	35.458	-5.0	6.85	0.0510	0.214	57.482	0.00	0.00	0	0
8514	-75.542	35.458	-3.0	7.38	0.0590	0.110	57.514	0.00	0.00	0	0
8515	-75.458	35.458	-13.0	7.24	0.0710	0.191	53.702	0.00	0.00	0	0
8516	-75.375	35.458	-21.0	4.21	0.0850	0.197	57.702	0.00	0.00	0	0
8517	-75.292	35.458	-26.0	3.00	0.0940	0.120	56.767	0.00	0.00	0	0
8518	-75.208	35.458	-32.0	2.98	0.0950	0.884	57.171	0.00	0.00	0	0
8519	-75.125	35.458	-33.0	2.96	0.0900	1.431	53.956	0.00	0.00	0	0
8520	-75.042	35.458	-38.0	2.73	0.0930	1.581	59.885	0.00	0.00	0	0
8521	-74.958	35.458	-41.0	2.66	0.0980	1.942	50.355	0.00	0.00	0	0
8522	-74.875	35.458	-71.0	2.56	0.0940	1.786	48.559	0.00	0.00	0	0
8523	-74.792	35.458	-901.5	2.57	0.0890	1.857	43.718	0.00	0.00	0	0
8524	-74.708	35.458	-1812.0	2.56	0.0890	1.254	44.315	0.00	0.00	0	0
8525	-74.625	35.458	-2137.5	2.55	0.1000	1.023	43.948	741.53	131.38	19	6
8526	-74.542	35.458	-2286.0	2.48	0.1140	0.960	44.150	1041.74	154.46	20	9
8527	-74.458	35.458	-2481.0	2.46	0.1190	0.930	45.858	1371.32	255.05	34	13
8528	-74.375	35.458	-2653.5	2.39	0.1200	0.981	45.910	1534.28	258.96	34	16
8529	-74.292	35.458	-2734.5	2.31	0.1180	1.009	46.011	1430.08	221.06	30	13
8530	-74.208	35.458	-2840.0	2.29	0.1140	0.950	42.573	0.00	0.00	0	0
8531	-74.125	35.458	-2938.0	2.28	0.1100	0.946	43.863	225.87	27.82	3	1
8532	-74.042	35.458	-3028.0	2.28	0.1060	0.982	43.673	89.70	1.62	0	0
8533	-73.958	35.458	-3123.0	2.25	0.1010	0.985	42.010	39.72	0.00	0	0
8534	-73.875	35.458	-3214.0	2.24	0.0970	0.980	42.208	82.40	7.48	1	0
8535	-73.792	35.458	-3288.5	2.24	0.0920	0.979	42.229	44.87	0.28	0	0
8536	-73.708	35.458	-3349.5	2.24	0.0880	0.992	42.793	15.28	0.04	0	0
8537	-73.625	35.458	-3432.0	2.25	0.0850	0.999	44.366	0.00	0.00	0	0
8538	-73.542	35.458	-3550.0	2.24	0.0820	1.006	44.706	0.00	0.00	0	0
8539	-73.458	35.458	-3661.0	2.25	0.0790	1.028	44.916	0.00	0.00	0	0
8540	-73.375	35.458	-3751.0	2.25	0.0750	1.029	45.390	0.00	0.00	0	0
8541	-73.292	35.458	-3838.0	2.30	0.0710	1.015	45.944	0.00	0.00	0	0
8542	-73.208	35.458	-3912.0	2.30	0.0680	1.013	46.381	0.00	0.00	0	0
8543	-73.125	35.458	-3973.0	2.29	0.0650	1.007	45.064	0.00	0.00	0	0
8544	-73.042	35.458	-4028.0	2.24	0.0630	0.934	45.347	0.00	0.00	0	0
8545	-72.958	35.458	-4045.0	2.25	0.0600	0.784	45.401	0.00	0.00	0	0
8546	-72.875	35.458	-4084.0	2.25	0.0570	0.778	47.449	0.00	0.00	0	0
8547	-72.792	35.458	-4118.0	2.25	0.0550	0.559	47.435	0.00	0.00	0	0
8548	-72.708	35.458	-4153.0	2.24	0.0550	0.555	48.719	0.00	0.00	0	0
8549	-72.625	35.458	-4177.0	2.24	0.0560	0.558	48.727	0.00	0.00	0	0
8550	-72.542	35.458	-4196.5	2.24	0.0570	0.550	49.241	0.00	0.00	0	0
8551	-72.458	35.458	-4230.0	2.24	0.0570	0.704	49.234	0.00	0.00	0	0
8552	-72.375	35.458	-4258.0	2.23	0.0570	0.545	49.261	0.00	0.00	0	0
8553	-72.292	35.458	-4254.0	2.23	0.0570	0.784	48.796	0.00	0.00	0	0
8554	-72.208	35.458	-4244.0	2.23	0.0570	0.580	48.773	0.00	0.00	0	0
8555	-72.125	35.458	-4243.0	2.24	0.0570	0.573	48.740	0.00	0.00	0	0
8556	-72.042	35.458	-4253.0	2.24	0.0560	0.598	47.654	0.00	0.00	0	0
8557	-71.958	35.458	-4270.0	2.25	0.0550	0.598	47.728	0.00	0.00	0	0
8558	-71.875	35.458	-4270.0	2.25	0.0530	0.595	48.276	0.00	0.00	0	0
8559	-71.792	35.458	-4286.0	2.25	0.0520	0.651	48.270	0.00	0.00	0	0
8560	-71.708	35.458	-4293.5	2.25	0.0510	0.605	48.293	0.00	0.00	0	0
8561	-71.625	35.458	-4310.0	2.26	0.0500	0.661	48.335	0.00	0.00	0	0
8562	-71.542	35.458	-4321.0	2.26	0.0490	0.657	48.381	0.00	0.00	0	0
8563	-71.458	35.458	-4336.0	2.26	0.0480	0.484	48.397	0.00	0.00	0	0
8564	-71.375	35.458	-4354.0	2.27	0.0470	0.585	48.226	0.00	0.00	0	0
8565	-71.292	35.458	-4367.0	2.27	0.0460	0.367	48.243	0.00	0.00	0	0
8566	-71.208	35.458	-4385.5	2.27	0.0460	0.365	48.239	0.00	0.00	0	0
8567	-71.125	35.458	-4397.0	2.28	0.0450	0.417	48.222	0.00	0.00	0	0
8568	-71.042	35.458	-4419.0	2.28	0.0450	0.417	48.296	0.00	0.00	0	0
8569	-77.958	35.542	nan	nan	nan	nan	nan	0.00	0.00	0	0
8570	-77.875	35.542	nan	nan	nan	nan	nan	0.00	0.00	0	0
8571	-77.792	35.542	nan	nan	nan	nan	nan	0.00	0.00	0	0
8572	-77.708	35.542	nan	nan	nan	nan	nan	0.00	0.00	0	0
8573	-77.625	35.542	nan	nan	nan	nan	nan	0.00	0.00	0	0
8574	-77.542	35.542	nan	nan	nan	nan	nan	0.00	0.00	0	0
8575	-77.458	35.542	nan	nan	nan	nan	nan	0.00	0.00	0	0
8576	-77.375	35.542	nan	nan	nan	nan	nan	0.00	0.00	0	0
8577	-77.292	35.542	nan	nan	nan	nan	nan	0.00	0.00	0	0
8578	-77.208	35.542	nan	nan	nan	nan	nan	0.00	0.00	0	0
8579	-77.125	35.542	nan	nan	nan	nan	nan	0.00	0.00	0	0
8580	-77.042	35.542	nan	nan	nan	nan	nan	0.00	0.00	0	0
8581	-76.958	35.542	nan	nan	nan	nan	nan	0.00	0.00	0	0
8582	-76.875	35.542	nan	nan	nan	nan	nan	0.00	0.00	0	0
8583	-76.792	35.542	nan	nan	nan	nan	nan	0.00	0.00	0	0
8584	-76.708	35.542	nan	nan	nan	nan	nan	0.00	0.00	0	0
8585	-76.625	35.542	nan	nan	nan	nan	nan	0.00	0.00	0	0
8586	-76.542	35.542	nan	nan	nan	nan	nan	0.00	0.00	0	0
8587	-76.458	35.542	nan	nan	nan	nan	nan	0.00	0.00	0	0
8588	-76.375	35.542	nan	nan	nan	nan	nan	0.00	0.00	0	0
8589	-76.292	35.542	nan	nan	nan	nan	nan	0.00	0.00	0	0
8590	-76.208	35.542	nan	nan	nan	nan	nan	0.00	0.00	0	0
8591	-76.125	35.542	nan	nan	nan	nan	nan	0.00	0.00	0	0
8592	-76.042	35.542	nan	nan	nan	nan	nan	0.00	0.00	0	0
8593	-75.958	35.542	nan	nan	nan	nan	nan	0.00	0.00	0	0
8594	-75.875	35.542	-4.0	10.76	0.0650	0.543	57.967	0.00	0.00	0	0
8595	-75.792	35.542	-5.0	9.05	0.0490	0.743	56.652	0.00	0.00	0	0
8596	-75.708	35.542	-4.0	8.21	0.0490	0.547	56.018	0.00	0.00	0	0
8597	-75.625	35.542	-5.0	8.71	0.0510	0.380	57.537	0.00	0.00	0	0
8598	-75.542	35.542	-3.0	8.40	0.0550	0.184	57.428	0.00	0.00	0	0
8599	-75.458	35.542	-5.0	7.41	0.0680	0.094	50.000	0.00	0.00	0	0
8600	-75.375	35.542	-19.0	7.18	0.0830	0.174	57.671	0.00	0.00	0	0
8601	-75.292	35.542	-26.0	3.99	0.1010	0.107	58.850	0.00	0.00	0	0
8602	-75.208	35.542	-32.0	3.00	0.1010	0.862	56.936	0.00	0.00	0	0
8603	-75.125	35.542	-35.0	2.98	0.1050	1.111	57.245	0.00	0.00	0	0
8604	-75.042	35.542	-40.0	2.94	0.0970	1.492	58.077	0.00	0.00	0	0
8605	-74.958	35.542	-46.0	2.72	0.1000	1.665	50.463	0.00	0.00	0	0
8606	-74.875	35.542	-51.0	2.57	0.0930	1.923	49.063	0.00	0.00	0	0
8607	-74.792	35.542	-533.5	2.56	0.0880	1.986	45.805	0.00	0.00	0	0
8608	-74.708	35.542	-1630.0	2.56	0.0900	1.445	44.251	0.00	0.00	0	0
8609	-74.625	35.542	-2004.0	2.55	0.1010	1.272	43.917	0.00	0.00	0	0
8610	-74.542	35.542	-2271.5	2.49	0.1130	0.988	44.100	0.00	0.00	0	0
8611	-74.458	35.542	-2401.0	2.37	0.1180	0.930	45.810	879.17	144.23	21	7
8612	-74.375	35.542	-2511.0	2.46	0.1190	0.887	45.832	701.05	114.53	12	5
8613	-74.292	35.542	-2645.0	2.39	0.1180	0.942	45.904	1257.11	211.01	29	10
8614	-74.208	35.542	-2748.5	2.29	0.1140	0.951	42.462	1349.75	140.00	19	9
8615	-74.125	35.542	-2851.0	2.28	0.1110	0.949	43.869	777.12	86.44	10	6
8616	-74.042	35.542	-2966.5	2.28	0.1070	1.018	43.682	253.30	25.10	4	2
8617	-73.958	35.542	-3060.0	2.25	0.1030	0.985	42.104	274.86	25.47	3	1
8618	-73.875	35.542	-3142.0	2.24	0.0980	0.984	42.134	36.34	0.00	0	0
8619	-73.792	35.542	-3195.0	2.24	0.0940	0.978	42.080	24.77	0.00	0	0
8620	-73.708	35.542	-3308.0	2.24	0.0900	0.993	42.174	44.69	0.27	0	0
8621	-73.625	35.542	-3426.0	2.24	0.0870	1.003	42.343	0.00	0.00	0	0
8622	-73.542	35.542	-3542.5	2.24	0.0830	0.999	44.440	0.00	0.00	0	0
8623	-73.458	35.542	-3649.0	2.23	0.0810	1.029	43.088	0.00	0.00	0	0
8624	-73.375	35.542	-3737.0	2.25	0.0770	1.025	45.087	0.00	0.00	0	0
8625	-73.292	35.542	-3819.0	2.26	0.0730	0.942	45.767	0.00	0.00	0	0
8626	-73.208	35.542	-3890.0	2.30	0.0700	1.031	46.221	0.00	0.00	0	0
8627	-73.125	35.542	-3947.0	2.28	0.0670	1.009	46.415	0.00	0.00	0	0
8628	-73.042	35.542	-3993.0	2.27	0.0650	0.834	45.077	0.00	0.00	0	0
8629	-72.958	35.542	-4001.0	2.25	0.0620	0.783	45.381	0.00	0.00	0	0
8630	-72.875	35.542	-4043.0	2.25	0.0600	0.779	45.457	0.00	0.00	0	0
8631	-72.792	35.542	-4084.0	2.25	0.0590	0.641	45.488	0.00	0.00	0	0
8632	-72.708	35.542	-4103.0	2.24	0.0590	0.555	47.448	0.00	0.00	0	0
8633	-72.625	35.542	-4127.0	2.24	0.0600	0.642	48.735	0.00	0.00	0	0
8634	-72.542	35.542	-4158.0	2.24	0.0590	0.641	49.002	0.00	0.00	0	0
8635	-72.458	35.542	-4189.0	2.23	0.0590	0.705	48.423	0.00	0.00	0	0
8636	-72.375	35.542	-4205.0	2.23	0.0590	0.671	49.237	0.00	0.00	0	0
8637	-72.292	35.542	-4202.5	2.23	0.0590	0.787	49.278	0.00	0.00	0	0
8638	-72.208	35.542	-4204.0	2.23	0.0600	0.782	48.798	0.00	0.00	0	0
8639	-72.125	35.542	-4212.0	2.24	0.0590	0.778	48.798	0.00	0.00	0	0
8640	-72.042	35.542	-4217.0	2.24	0.0570	0.776	48.755	0.00	0.00	0	0
8641	-71.958	35.542	-4229.0	2.24	0.0560	0.772	47.673	0.00	0.00	0	0
8642	-71.875	35.542	-4245.0	2.25	0.0540	0.573	47.764	0.00	0.00	0	0
8643	-71.792	35.542	-4268.0	2.25	0.0520	0.596	48.283	0.00	0.00	0	0
8644	-71.708	35.542	-4279.5	2.25	0.0510	0.607	48.300	0.00	0.00	0	0
8645	-71.625	35.542	-4305.0	2.25	0.0500	0.591	48.338	0.00	0.00	0	0
8646	-71.542	35.542	-4320.0	2.26	0.0490	0.593	48.385	0.00	0.00	0	0
8647	-71.458	35.542	-4342.0	2.26	0.0480	0.581	48.347	0.00	0.00	0	0
8648	-71.375	35.542	-4358.0	2.27	0.0480	0.644	48.446	0.00	0.00	0	0
8649	-71.292	35.542	-4380.0	2.27	0.0470	0.640	48.324	0.00	0.00	0	0
8650	-71.208	35.542	-4400.0	2.27	0.0460	0.475	48.294	0.00	0.00	0	0
8651	-71.125	35.542	-4418.0	2.27	0.0460	0.363	48.289	0.00	0.00	0	0
8652	-71.042	35.542	-4430.0	2.27	0.0460	0.363	48.416	0.00	0.00	0	0
8653	-77.958	35.625	nan	nan	nan	nan	nan	0.00	0.00	0	0
8654	-77.875	35.625	nan	nan	nan	nan	nan	0.00	0.00	0	0
8655	-77.792	35.625	nan	nan	nan	nan	nan	0.00	0.00	0	0
8656	-77.708	35.625	nan	nan	nan	nan	nan	0.00	0.00	0	0
8657	-77.625	35.625	nan	nan	nan	nan	nan	0.00	0.00	0	0
8658	-77.542	35.625	nan	nan	nan	nan	nan	0.00	0.00	0	0
8659	-77.458	35.625	nan	nan	nan	nan	nan	0.00	0.00	0	0
8660	-77.375	35.625	nan	nan	nan	nan	nan	0.00	0.00	0	0
8661	-77.292	35.625	nan	nan	nan	nan	nan	0.00	0.00	0	0
8662	-77.208	35.625	nan	nan	nan	nan	nan	0.00	0.00	0	0
8663	-77.125	35.625	nan	nan	nan	nan	nan	0.00	0.00	0	0
8664	-77.042	35.625	nan	nan	nan	nan	nan	0.00	0.00	0	0
8665	-76.958	35.625	nan	nan	nan	nan	nan	0.00	0.00	0	0
8666	-76.875	35.625	nan	nan	nan	nan	nan	0.00	0.00	0	0
8667	-76.792	35.625	nan	nan	nan	nan	nan	0.00	0.00	0	0
8668	-76.708	35.625	nan	nan	nan	nan	nan	0.00	0.00	0	0
8669	-76.625	35.625	nan	nan	nan	nan	nan	0.00	0.00	0	0
8670	-76.542	35.625	nan	nan	nan	nan	nan	0.00	0.00	0	0
8671	-76.458	35.625	nan	nan	nan	nan	nan	0.00	0.00	0	0
8672	-76.375	35.625	nan	nan	nan	nan	nan	0.00	0.00	0	0
8673	-76.292	35.625	nan	nan	nan	nan	nan	0.00	0.00	0	0
8674	-76.208	35.625	nan	nan	nan	nan	nan	0.00	0.00	0	0
8675	-76.125	35.625	nan	nan	nan	nan	nan	0.00	0.00	0	0
8676	-76.042	35.625	nan	nan	nan	nan	nan	0.00	0.00	0	0
8677	-75.958	35.625	nan	nan	nan	nan	nan	0.00	0.00	0	0
8678	-75.875	35.625	nan	nan	nan	nan	nan	0.00	0.00	0	0
8679	-75.792	35.625	nan	nan	nan	nan	nan	0.00	0.00	0	0
8680	-75.708	35.625	-4.0	9.06	0.0490	0.110	56.245	0.00	0.00	0	0
8681	-75.625	35.625	-4.0	7.65	0.0510	0.396	57.535	0.00	0.00	0	0
8682	-75.542	35.625	-2.0	8.63	0.0550	0.090	57.687	0.00	0.00	0	0
8683	-75.458	35.625	-6.0	7.14	0.0670	0.178	53.162	0.00	0.00	0	0
8684	-75.375	35.625	-23.0	7.26	0.0800	0.100	57.611	0.00	0.00	0	0
8685	-75.292	35.625	-26.0	4.23	0.0980	0.106	57.715	0.00	0.00	0	0
8686	-75.208	35.625	-34.0	3.00	0.1140	0.608	56.811	0.00	0.00	0	0
8687	-75.125	35.625	-36.0	2.99	0.1220	1.371	57.180	0.00	0.00	0	0
8688	-75.042	35.625	-42.0	2.96	0.1090	1.482	53.755	0.00	0.00	0	0
8689	-74.958	35.625	-50.0	2.74	0.1050	1.675	62.152	0.00	0.00	0	0
8690	-74.875	35.625	-65.0	2.66	0.0970	1.936	49.446	0.00	0.00	0	0
8691	-74.792	35.625	-453.5	2.56	0.0870	2.012	48.192	0.00	0.00	0	0
8692	-74.708	35.625	-1587.5	2.56	0.0890	1.975	44.211	0.00	0.00	0	0
8693	-74.625	35.625	-1906.5	2.56	0.0990	1.282	45.289	0.00	0.00	0	0
8694	-74.542	35.625	-2104.0	2.50	0.1110	0.931	44.094	0.00	0.00	0	0
8695	-74.458	35.625	-2323.5	2.46	0.1160	0.931	44.096	0.00	0.00	0	0
8696	-74.375	35.625	-2448.5	2.47	0.1180	0.888	45.776	633.55	111.29	12	4
8697	-74.292	35.625	-2560.0	2.39	0.1170	1.008	45.837	1127.56	179.74	22	9
8698	-74.208	35.625	-2677.0	2.29	0.1150	0.952	42.547	1451.27	159.21	24	10
8699	-74.125	35.625	-2818.5	2.28	0.1120	1.060	42.439	1880.68	170.71	23	15
8700	-74.042	35.625	-2918.0	2.28	0.1090	0.948	43.699	604.17	70.29	8	5
8701	-73.958	35.625	-2988.5	2.25	0.1050	0.984	43.584	473.18	69.17	7	4
8702	-73.875	35.625	-3080.0	2.25	0.1010	0.984	42.079	255.81	23.33	2	1
8703	-73.792	35.625	-3174.0	2.24	0.0960	0.979	41.979	157.66	8.75	1	0
8704	-73.708	35.625	-3299.0	2.24	0.0920	0.996	42.424	106.97	8.24	1	0
8705	-73.625	35.625	-3421.5	2.24	0.0880	0.998	42.144	0.00	0.00	0	0
8706	-73.542	35.625	-3518.5	2.25	0.0850	1.002	42.894	0.00	0.00	0	0
8707	-73.458	35.625	-3637.0	2.24	0.0820	0.943	44.469	0.00	0.00	0	0
8708	-73.375	35.625	-3717.0	2.25	0.0790	1.011	44.789	0.00	0.00	0	0
8709	-73.292	35.625	-3800.0	2.25	0.0760	0.941	45.266	0.00	0.00	0	0
8710	-73.208	35.625	-3859.0	2.29	0.0720	1.030	46.011	0.00	0.00	0	0
8711	-73.125	35.625	-3904.0	2.28	0.0690	1.024	46.256	0.00	0.00	0	0
8712	-73.042	35.625	-3938.0	2.27	0.0660	0.834	45.037	0.00	0.00	0	0
8713	-72.958	35.625	-3958.0	2.25	0.0650	0.799	45.388	0.00	0.00	0	0
8714	-72.875	35.625	-4008.0	2.25	0.0630	0.605	45.381	0.00	0.00	0	0
8715	-72.792	35.625	-4037.0	2.24	0.0620	0.637	45.509	0.00	0.00	0	0
8716	-72.708	35.625	-4046.0	2.24	0.0620	0.546	47.465	0.00	0.00	0	0
8717	-72.625	35.625	-4068.0	2.24	0.0620	0.559	47.462	0.00	0.00	0	0
8718	-72.542	35.625	-4116.0	2.24	0.0620	0.705	47.504	0.00	0.00	0	0
8719	-72.458	35.625	-4146.5	2.24	0.0610	0.705	48.972	0.00	0.00	0	0
8720	-72.375	35.625	-4150.0	2.24	0.0610	0.673	49.239	0.00	0.00	0	0
8721	-72.292	35.625	-4159.0	2.23	0.0620	0.780	49.273	0.00	0.00	0	0
8722	-72.208	35.625	-4167.0	2.23	0.0620	0.796	49.271	0.00	0.00	0	0
8723	-72.125	35.625	-4167.0	2.23	0.0610	0.794	48.800	0.00	0.00	0	0
8724	-72.042	35.625	-4180.0	2.24	0.0600	0.779	48.802	0.00	0.00	0	0
8725	-71.958	35.625	-4200.0	2.24	0.0560	0.770	48.759	0.00	0.00	0	0
8726	-71.875	35.625	-4231.0	2.25	0.0540	0.777	47.772	0.00	0.00	0	0
8727	-71.792	35.625	-4245.0	2.25	0.0530	0.585	47.784	0.00	0.00	0	0
8728	-71.708	35.625	-4268.0	2.25	0.0520	0.585	48.363	0.00	0.00	0	0
8729	-71.625	35.625	-4292.0	2.25	0.0510	0.575	48.346	0.00	0.00	0	0
8730	-71.542	35.625	-4318.0	2.26	0.0500	0.574	48.391	0.00	0.00	0	0
8731	-71.458	35.625	-4338.0	2.26	0.0490	0.566	48.417	0.00	0.00	0	0
8732	-71.375	35.625	-4364.0	2.26	0.0480	0.590	48.464	0.00	0.00	0	0
8733	-71.292	35.625	-4380.0	2.27	0.0480	0.590	48.510	0.00	0.00	0	0
8734	-71.208	35.625	-4380.0	2.27	0.0470	0.598	48.309	0.00	0.00	0	0
8735	-71.125	35.625	-4399.0	2.27	0.0460	0.477	48.340	0.00	0.00	0	0
8736	-71.042	35.625	-4410.0	2.27	0.0460	0.472	48.662	0.00	0.00	0	0
8737	-77.958	35.708	nan	nan	nan	nan	nan	0.00	0.00	0	0
8738	-77.875	35.708	nan	nan	nan	nan	nan	0.00	0.00	0	0
8739	-77.792	35.708	nan	nan	nan	nan	nan	0.00	0.00	0	0
8740	-77.708	35.708	nan	nan	nan	nan	nan	0.00	0.00	0	0
8741	-77.625	35.708	nan	nan	nan	nan	nan	0.00	0.00	0	0
8742	-77.542	35.708	nan	nan	nan	nan	nan	0.00	0.00	0	0
8743	-77.458	35.708	nan	nan	nan	nan	nan	0.00	0.00	0	0
8744	-77.375	35.708	nan	nan	nan	nan	nan	0.00	0.00	0	0
8745	-77.292	35.708	nan	nan	nan	nan	nan	0.00	0.00	0	0
8746	-77.208	35.708	nan	nan	nan	nan	nan	0.00	0.00	0	0
8747	-77.125	35.708	nan	nan	nan	nan	nan	0.00	0.00	0	0
8748	-77.042	35.708	nan	nan	nan	nan	nan	0.00	0.00	0	0
8749	-76.958	35.708	nan	nan	nan	nan	nan	0.00	0.00	0	0
8750	-76.875	35.708	nan	nan	nan	nan	nan	0.00	0.00	0	0
8751	-76.792	35.708	nan	nan	nan	nan	nan	0.00	0.00	0	0
8752	-76.708	35.708	nan	nan	nan	nan	nan	0.00	0.00	0	0
8753	-76.625	35.708	nan	nan	nan	nan	nan	0.00	0.00	0	0
8754	-76.542	35.708	nan	nan	nan	nan	nan	0.00	0.00	0	0
8755	-76.458	35.708	nan	nan	nan	nan	nan	0.00	0.00	0	0
8756	-76.375	35.708	nan	nan	nan	nan	nan	0.00	0.00	0	0
8757	-76.292	35.708	nan	nan	nan	nan	nan	0.00	0.00	0	0
8758	-76.208	35.708	nan	nan	nan	nan	nan	0.00	0.00	0	0
8759	-76.125	35.708	nan	nan	nan	nan	nan	0.00	0.00	0	0
8760	-76.042	35.708	-2.0	10.04	0.0540	0.399	57.610	0.00	0.00	0	0
8761	-75.958	35.708	nan	nan	nan	nan	nan	0.00	0.00	0	0
8762	-75.875	35.708	nan	nan	nan	nan	nan	0.00	0.00	0	0
8763	-75.792	35.708	nan	nan	nan	nan	nan	0.00	0.00	0	0
8764	-75.708	35.708	-2.0	9.07	0.0520	0.432	56.456	0.00	0.00	0	0
8765	-75.625	35.708	-3.0	8.23	0.0510	0.126	57.521	0.00	0.00	0	0
8766	-75.542	35.708	nan	nan	nan	nan	nan	0.00	0.00	0	0
8767	-75.458	35.708	-16.0	7.20	0.0640	0.175	57.434	0.00	0.00	0	0
8768	-75.375	35.708	-23.0	7.04	0.0760	0.096	53.167	0.00	0.00	0	0
8769	-75.292	35.708	-28.0	4.02	0.0930	0.106	57.660	0.00	0.00	0	0
8770	-75.208	35.708	-36.0	3.98	0.1060	0.568	58.797	0.00	0.00	0	0
8771	-75.125	35.708	-35.0	3.01	0.1210	0.916	57.112	0.00	0.00	0	0
8772	-75.042	35.708	-44.0	2.98	0.1160	1.471	59.846	0.00	0.00	0	0
8773	-74.958	35.708	-53.0	2.95	0.1060	1.690	59.802	0.00	0.00	0	0
8774	-74.875	35.708	-79.0	2.72	0.0910	2.407	50.320	0.00	0.00	0	0
8775	-74.792	35.708	-743.5	2.57	0.0850	2.016	48.541	0.00	0.00	0	0
8776	-74.708	35.708	-1392.5	2.57	0.0860	1.894	44.086	0.00	0.00	0	0
8777	-74.625	35.708	-1741.0	2.56	0.0960	1.391	44.336	0.00	0.00	0	0
8778	-74.542	35.708	-1884.5	2.51	0.1080	0.962	43.943	0.00	0.00	0	0
8779	-74.458	35.708	-2078.5	2.48	0.1140	0.932	44.033	0.00	0.00	0	0
8780	-74.375	35.708	-2280.5	2.47	0.1170	0.932	45.731	0.00	0.00	0	0
8781	-74.292	35.708	-2453.0	2.39	0.1170	0.973	45.770	0.00	0.00	0	0
8782	-74.208	35.708	-2612.0	2.31	0.1160	0.965	42.538	0.00	0.00	0	0
8783	-74.125	35.708	-2753.5	2.29	0.1140	1.058	42.407	1151.51	114.68	14	8
8784	-74.042	35.708	-2838.5	2.28	0.1110	0.949	43.725	1306.57	141.34	19	7
8785	-73.958	35.708	-2926.0	2.28	0.1070	1.051	43.484	1290.13	127.33	18	11
8786	-73.875	35.708	-3047.0	2.25	0.1030	0.985	41.909	416.69	49.14	6	4
8787	-73.792	35.708	-3163.0	2.24	0.0990	0.982	41.908	344.31	33.91	3	2
8788	-73.708	35.708	-3284.0	2.23	0.0950	0.998	41.841	116.65	8.37	1	0
8789	-73.625	35.708	-3403.0	2.24	0.0910	1.009	41.924	176.23	17.26	2	0
8790	-73.542	35.708	-3500.0	2.24	0.0870	1.007	42.138	85.30	3.12	1	0
8791	-73.458	35.708	-3602.0	2.24	0.0840	1.067	42.923	0.00	0.00	0	0
8792	-73.375	35.708	-3689.0	2.25	0.0810	0.951	43.110	0.00	0.00	0	0
8793	-73.292	35.708	-3759.0	2.25	0.0780	0.945	44.999	0.00	0.00	0	0
8794	-73.208	35.708	-3822.0	2.26	0.0740	0.945	45.672	0.00	0.00	0	0
8795	-73.125	35.708	-3872.0	2.28	0.0710	1.030	46.134	0.00	0.00	0	0
8796	-73.042	35.708	-3902.0	2.28	0.0690	0.769	44.898	0.00	0.00	0	0
8797	-72.958	35.708	-3932.0	2.27	0.0670	0.800	45.234	0.00	0.00	0	0
8798	-72.875	35.708	-3961.0	2.24	0.0660	0.606	45.401	0.00	0.00	0	0
8799	-72.792	35.708	-3972.0	2.24	0.0650	0.612	45.444	0.00	0.00	0	0
8800	-72.708	35.708	-3986.5	2.24	0.0650	0.609	45.500	0.00	0.00	0	0
8801	-72.625	35.708	-4035.0	2.23	0.0640	0.553	47.479	0.00	0.00	0	0
8802	-72.542	35.708	-4072.0	2.22	0.0640	0.704	47.524	0.00	0.00	0	0
8803	-72.458	35.708	-4088.0	2.24	0.0630	0.809	48.995	0.00	0.00	0	0
8804	-72.375	35.708	-4094.0	2.23	0.0630	0.739	46.998	0.00	0.00	0	0
8805	-72.292	35.708	-4104.0	2.23	0.0640	0.786	49.253	0.00	0.00	0	0
8806	-72.208	35.708	-4126.0	2.23	0.0640	0.795	49.246	0.00	0.00	0	0
8807	-72.125	35.708	-4125.0	2.23	0.0640	0.795	49.266	0.00	0.00	0	0
8808	-72.042	35.708	-4155.0	2.24	0.0610	0.782	48.817	0.00	0.00	0	0
8809	-71.958	35.708	-4187.0	2.24	0.0580	0.780	48.777	0.00	0.00	0	0
8810	-71.875	35.708	-4211.0	2.24	0.0550	0.793	48.768	0.00	0.00	0	0
8811	-71.792	35.708	-4245.0	2.24	0.0530	0.792	47.804	0.00	0.00	0	0
8812	-71.708	35.708	-4272.0	2.25	0.0530	0.798	47.843	0.00	0.00	0	0
8813	-71.625	35.708	-4302.0	2.25	0.0520	0.776	48.407	0.00	0.00	0	0
8814	-71.542	35.708	-4328.0	2.25	0.0510	0.770	48.401	0.00	0.00	0	0
8815	-71.458	35.708	-4342.0	2.25	0.0500	0.768	48.434	0.00	0.00	0	0
8816	-71.375	35.708	-4350.0	2.26	0.0490	0.768	48.465	0.00	0.00	0	0
8817	-71.292	35.708	-4356.0	2.26	0.0480	0.578	48.510	0.00	0.00	0	0
8818	-71.208	35.708	-4373.0	2.27	0.0480	0.578	48.510	0.00	0.00	0	0
8819	-71.125	35.708	-4388.0	2.27	0.0470	0.581	48.580	0.00	0.00	0	0
8820	-71.042	35.708	-4410.0	2.27	0.0470	0.578	48.655	0.00	0.00	0	0
8821	-77.958	35.792	nan	nan	nan	nan	nan	0.00	0.00	0	0
8822	-77.875	35.792	nan	nan	nan	nan	nan	0.00	0.00	0	0
8823	-77.792	35.792	nan	nan	nan	nan	nan	0.00	0.00	0	0
8824	-77.708	35.792	nan	nan	nan	nan	nan	0.00	0.00	0	0
8825	-77.625	35.792	nan	nan	nan	nan	nan	0.00	0.00	0	0
8826	-77.542	35.792	nan	nan	nan	nan	nan	0.00	0.00	0	0
8827	-77.458	35.792	nan	nan	nan	nan	nan	0.00	0.00	0	0
8828	-77.375	35.792	nan	nan	nan	nan	nan	0.00	0.00	0	0
8829	-77.292	35.792	nan	nan	nan	nan	nan	0.00	0.00	0	0
8830	-77.208	35.792	nan	nan	nan	nan	nan	0.00	0.00	0	0
8831	-77.125	35.792	nan	nan	nan	nan	nan	0.00	0.00	0	0
8832	-77.042	35.792	nan	nan	nan	nan	nan	0.00	0.00	0	0
8833	-76.958	35.792	nan	nan	nan	nan	nan	0.00	0.00	0	0
8834	-76.875	35.792	nan	nan	nan	nan	nan	0.00	0.00	0	0
8835	-76.792	35.792	nan	nan	nan	nan	nan	0.00	0.00	0	0
8836	-76.708	35.792	nan	nan	nan	nan	nan	0.00	0.00	0	0
8837	-76.625	35.792	nan	nan	nan	nan	nan	0.00	0.00	0	0
8838	-76.542	35.792	nan	nan	nan	nan	nan	0.00	0.00	0	0
8839	-76.458	35.792	nan	nan	nan	nan	nan	0.00	0.00	0	0
8840	-76.375	35.792	nan	nan	nan	nan	nan	0.00	0.00	0	0
8841	-76.292	35.792	nan	nan	nan	nan	nan	0.00	0.00	0	0
8842	-76.208	35.792	nan	nan	nan	nan	nan	0.00	0.00	0	0
8843	-76.125	35.792	nan	nan	nan	nan	nan	0.00	0.00	0	0
8844	-76.042	35.792	-3.0	7.24	0.0520	0.300	57.469	0.00	0.00	0	0
8845	-75.958	35.792	nan	nan	nan	nan	nan	0.00	0.00	0	0
8846	-75.875	35.792	nan	nan	nan	nan	nan	0.00	0.00	0	0
8847	-75.792	35.792	nan	nan	nan	nan	nan	0.00	0.00	0	0
8848	-75.708	35.792	-2.0	10.66	0.0550	0.250	58.216	0.00	0.00	0	0
8849	-75.625	35.792	nan	nan	nan	nan	nan	0.00	0.00	0	0
8850	-75.542	35.792	-2.0	7.66	0.0560	0.070	57.276	0.00	0.00	0	0
8851	-75.458	35.792	-19.0	8.48	0.0620	0.172	57.082	0.00	0.00	0	0
8852	-75.375	35.792	-22.0	7.06	0.0720	0.094	55.043	0.00	0.00	0	0
8853	-75.292	35.792	-33.0	4.01	0.0840	0.098	57.584	0.00	0.00	0	0
8854	-75.208	35.792	-35.0	4.22	0.0990	0.113	57.710	0.00	0.00	0	0
8855	-75.125	35.792	-33.0	3.01	0.1170	0.913	56.851	0.00	0.00	0	0
8856	-75.042	35.792	-46.0	2.99	0.1160	1.462	58.920	0.00	0.00	0	0
8857	-74.958	35.792	-55.0	2.96	0.1050	1.701	53.509	0.00	0.00	0	0
8858	-74.875	35.792	-104.5	2.93	0.0900	1.724	62.140	0.00	0.00	0	0
8859	-74.792	35.792	-986.0	2.57	0.0840	2.030	48.983	0.00	0.00	0	0
8860	-74.708	35.792	-1304.0	2.58	0.0860	1.999	45.551	0.00	0.00	0	0
8861	-74.625	35.792	-1441.5	2.56	0.0960	1.965	44.182	0.00	0.00	0	0
8862	-74.542	35.792	-1711.0	2.51	0.1090	1.316	43.901	0.00	0.00	0	0
8863	-74.458	35.792	-1959.5	2.49	0.1150	0.933	43.994	0.00	0.00	0	0
8864	-74.375	35.792	-2175.0	2.48	0.1170	1.046	45.703	0.00	0.00	0	0
8865	-74.292	35.792	-2392.0	2.40	0.1180	1.024	45.680	0.00	0.00	0	0
8866	-74.208	35.792	-2548.0	2.39	0.1170	1.030	42.466	0.00	0.00	0	0
8867	-74.125	35.792	-2667.0	2.29	0.1160	1.059	42.399	0.00	0.00	0	0
8868	-74.042	35.792	-2773.0	2.28	0.1130	0.951	42.206	0.00	0.00	0	0
8869	-73.958	35.792	-2902.5	2.27	0.1100	1.052	43.518	1562.28	168.65	23	13
8870	-73.875	35.792	-3022.5	2.26	0.1060	0.984	43.257	0.00	0.00	0	0
8871	-73.792	35.792	-3137.0	2.25	0.1020	0.980	41.539	402.42	55.21	5	3
8872	-73.708	35.792	-3245.0	2.23	0.0970	0.983	41.752	306.02	27.81	3	2
8873	-73.625	35.792	-3360.5	2.23	0.0930	0.993	41.724	284.95	24.72	3	2
8874	-73.542	35.792	-3460.0	2.24	0.0900	1.002	41.848	276.93	22.85	2	2
8875	-73.458	35.792	-3552.5	2.24	0.0870	0.949	42.638	42.75	0.24	0	0
8876	-73.375	35.792	-3648.0	2.24	0.0840	0.933	42.757	0.00	0.00	0	0
8877	-73.292	35.792	-3716.0	2.25	0.0810	1.022	43.299	0.00	0.00	0	0
8878	-73.208	35.792	-3787.0	2.25	0.0770	1.037	45.153	0.00	0.00	0	0
8879	-73.125	35.792	-3828.0	2.30	0.0740	1.026	45.965	0.00	0.00	0	0
8880	-73.042	35.792	-3847.5	2.28	0.0710	0.899	44.716	0.00	0.00	0	0
8881	-72.958	35.792	-3874.5	2.27	0.0690	0.801	45.330	0.00	0.00	0	0
8882	-72.875	35.792	-3897.0	2.23	0.0680	0.604	45.456	0.00	0.00	0	0
8883	-72.792	35.792	-3894.5	2.23	0.0670	0.611	45.377	0.00	0.00	0	0
8884	-72.708	35.792	-3935.5	2.24	0.0670	0.618	45.517	0.00	0.00	0	0
8885	-72.625	35.792	-3997.0	2.24	0.0660	0.591	45.502	0.00	0.00	0	0
8886	-72.542	35.792	-4022.0	2.23	0.0660	0.810	47.507	0.00	0.00	0	0
8887	-72.458	35.792	-4037.0	2.24	0.0650	0.815	47.539	0.00	0.00	0	0
8888	-72.375	35.792	-4037.0	2.24	0.0650	0.817	49.001	0.00	0.00	0	0
8889	-72.292	35.792	-4061.0	2.23	0.0650	0.789	47.015	0.00	0.00	0	0
8890	-72.208	35.792	-4074.0	2.23	0.0650	0.798	49.223	0.00	0.00	0	0
8891	-72.125	35.792	-4102.0	2.23	0.0640	0.794	49.242	0.00	0.00	0	0
8892	-72.042	35.792	-4141.0	2.23	0.0620	0.799	49.268	0.00	0.00	0	0
8893	-71.958	35.792	-4178.0	2.24	0.0590	0.789	48.803	0.00	0.00	0	0
8894	-71.875	35.792	-4204.0	2.24	0.0560	0.791	48.777	0.00	0.00	0	0
8895	-71.792	35.792	-4232.5	2.24	0.0540	0.787	48.409	0.00	0.00	0	0
8896	-71.708	35.792	-4257.0	2.25	0.0530	0.788	47.816	0.00	0.00	0	0
8897	-71.625	35.792	-4280.0	2.25	0.0530	0.790	47.881	0.00	0.00	0	0
8898	-71.542	35.792	-4302.0	2.25	0.0520	0.783	48.418	0.00	0.00	0	0
8899	-71.458	35.792	-4322.0	2.25	0.0510	0.819	48.433	0.00	0.00	0	0
8900	-71.375	35.792	-4328.0	2.25	0.0500	0.796	48.478	0.00	0.00	0	0
8901	-71.292	35.792	-4338.0	2.26	0.0490	0.636	48.514	0.00	0.00	0	0
8902	-71.208	35.792	-4351.0	2.26	0.0480	0.786	48.544	0.00	0.00	0	0
8903	-71.125	35.792	-4370.0	2.27	0.0480	0.612	48.580	0.00	0.00	0	0
8904	-71.042	35.792	-4385.0	2.27	0.0480	0.562	48.644	0.00	0.00	0	0
8905	-77.958	35.875	nan	nan	nan	nan	nan	0.00	0.00	0	0
8906	-77.875	35.875	nan	nan	nan	nan	nan	0.00	0.00	0	0
8907	-77.792	35.875	nan	nan	nan	nan	nan	0.00	0.00	0	0
8908	-77.708	35.875	nan	nan	nan	nan	nan	0.00	0.00	0	0
8909	-77.625	35.875	nan	nan	nan	nan	nan	0.00	0.00	0	0
8910	-77.542	35.875	nan	nan	nan	nan	nan	0.00	0.00	0	0
8911	-77.458	35.875	nan	nan	nan	nan	nan	0.00	0.00	0	0
8912	-77.375	35.875	nan	nan	nan	nan	nan	0.00	0.00	0	0
8913	-77.292	35.875	nan	nan	nan	nan	nan	0.00	0.00	0	0
8914	-77.208	35.875	nan	nan	nan	nan	nan	0.00	0.00	0	0
8915	-77.125	35.875	nan	nan	nan	nan	nan	0.00	0.00	0	0
8916	-77.042	35.875	nan	nan	nan	nan	nan	0.00	0.00	0	0
8917	-76.958	35.875	nan	nan	nan	nan	nan	0.00	0.00	0	0
8918	-76.875	35.875	nan	nan	nan	nan	nan	0.00	0.00	0	0
8919	-76.792	35.875	nan	nan	nan	nan	nan	0.00	0.00	0	0
8920	-76.708	35.875	nan	nan	nan	nan	nan	0.00	0.00	0	0
8921	-76.625	35.875	nan	nan	nan	nan	nan	0.00	0.00	0	0
8922	-76.542	35.875	nan	nan	nan	nan	nan	0.00	0.00	0	0
8923	-76.458	35.875	nan	nan	nan	nan	nan	0.00	0.00	0	0
8924	-76.375	35.875	nan	nan	nan	nan	nan	0.00	0.00	0	0
8925	-76.292	35.875	nan	nan	nan	nan	nan	0.00	0.00	0	0
8926	-76.208	35.875	nan	nan	nan	nan	nan	0.00	0.00	0	0
8927	-76.125	35.875	nan	nan	nan	nan	nan	0.00	0.00	0	0
8928	-76.042	35.875	-2.0	9.00	0.0480	0.229	57.333	0.00	0.00	0	0
8929	-75.958	35.875	nan	nan	nan	nan	nan	0.00	0.00	0	0
8930	-75.875	35.875	nan	nan	nan	nan	nan	0.00	0.00	0	0
8931	-75.792	35.875	nan	nan	nan	nan	nan	0.00	0.00	0	0
8932	-75.708	35.875	-3.0	10.74	0.0560	0.154	58.422	0.00	0.00	0	0
8933	-75.625	35.875	nan	nan	nan	nan	nan	0.00	0.00	0	0
8934	-75.542	35.875	-14.0	7.70	0.0530	0.143	57.115	0.00	0.00	0	0
8935	-75.458	35.875	-21.0	8.58	0.0600	0.179	56.727	0.00	0.00	0	0
8936	-75.375	35.875	-24.0	7.15	0.0680	0.095	57.001	0.00	0.00	0	0
8937	-75.292	35.875	-26.0	6.95	0.0790	0.098	57.489	0.00	0.00	0	0
8938	-75.208	35.875	-33.0	4.25	0.0940	0.113	57.677	0.00	0.00	0	0
8939	-75.125	35.875	-33.0	3.01	0.1120	0.927	56.347	0.00	0.00	0	0
8940	-75.042	35.875	-40.0	3.01	0.1250	1.470	58.838	0.00	0.00	0	0
8941	-74.958	35.875	-56.5	2.98	0.1120	1.782	53.735	0.00	0.00	0	0
8942	-74.875	35.875	-93.0	2.94	0.0980	1.742	62.015	0.00	0.00	0	0
8943	-74.792	35.875	-989.5	2.80	0.0890	2.243	49.305	0.00	0.00	0	0
8944	-74.708	35.875	-1444.0	2.58	0.0900	2.003	45.192	0.00	0.00	0	0
8945	-74.625	35.875	-1744.5	2.57	0.1060	1.587	44.055	0.00	0.00	0	0
8946	-74.542	35.875	-1907.5	2.52	0.1140	1.400	45.298	0.00	0.00	0	0
8947	-74.458	35.875	-2078.5	2.50	0.1180	1.051	43.879	0.00	0.00	0	0
8948	-74.375	35.875	-2237.0	2.41	0.1180	1.049	45.695	0.00	0.00	0	0
8949	-74.292	35.875	-2359.0	2.40	0.1190	0.975	45.635	0.00	0.00	0	0
8950	-74.208	35.875	-2471.0	2.39	0.1190	0.966	42.950	0.00	0.00	0	0
8951	-74.125	35.875	-2585.0	2.31	0.1180	1.027	42.832	0.00	0.00	0	0
8952	-74.042	35.875	-2726.0	2.27	0.1160	1.058	42.675	0.00	0.00	0	0
8953	-73.958	35.875	-2872.5	2.27	0.1120	0.912	43.486	0.00	0.00	0	0
8954	-73.875	35.875	-2995.0	2.27	0.1080	0.981	43.300	0.00	0.00	0	0
8955	-73.792	35.875	-3111.0	2.26	0.1040	0.979	41.533	874.63	73.40	9	6
8956	-73.708	35.875	-3205.5	2.23	0.1000	0.983	41.659	817.31	70.38	8	5
8957	-73.625	35.875	-3319.5	2.23	0.0960	0.985	41.542	314.58	27.52	3	2
8958	-73.542	35.875	-3421.0	2.24	0.0930	0.991	41.629	284.53	23.60	2	2
8959	-73.458	35.875	-3506.0	2.24	0.0890	1.008	41.884	281.38	22.95	2	2
8960	-73.375	35.875	-3590.0	2.24	0.0860	0.954	42.476	75.96	7.70	1	0
8961	-73.292	35.875	-3670.0	2.25	0.0830	0.962	42.960	16.07	0.04	0	0
8962	-73.208	35.875	-3734.0	2.25	0.0800	0.964	43.421	0.00	0.00	0	0
8963	-73.125	35.875	-3770.0	2.26	0.0770	1.044	45.582	0.00	0.00	0	0
8964	-73.042	35.875	-3802.0	2.28	0.0740	0.898	46.017	0.00	0.00	0	0
8965	-72.958	35.875	-3828.0	2.27	0.0710	0.870	45.206	0.00	0.00	0	0
8966	-72.875	35.875	-3830.0	2.27	0.0700	0.619	45.456	0.00	0.00	0	0
8967	-72.792	35.875	-3857.0	2.23	0.0690	0.577	45.328	0.00	0.00	0	0
8968	-72.708	35.875	-3915.0	2.23	0.0690	0.780	45.439	0.00	0.00	0	0
8969	-72.625	35.875	-3943.0	2.24	0.0680	0.776	45.528	0.00	0.00	0	0
8970	-72.542	35.875	-3957.0	2.23	0.0680	0.783	45.515	0.00	0.00	0	0
8971	-72.458	35.875	-3969.0	2.24	0.0670	0.793	47.511	0.00	0.00	0	0
8972	-72.375	35.875	-4003.0	2.22	0.0670	0.793	47.548	0.00	0.00	0	0
8973	-72.292	35.875	-4018.0	2.23	0.0660	0.795	46.995	0.00	0.00	0	0
8974	-72.208	35.875	-4056.0	2.23	0.0660	0.799	47.158	0.00	0.00	0	0
8975	-72.125	35.875	-4091.0	2.23	0.0650	0.802	49.217	0.00	0.00	0	0
8976	-72.042	35.875	-4104.0	2.23	0.0630	0.795	49.242	0.00	0.00	0	0
8977	-71.958	35.875	-4144.0	2.23	0.0600	0.794	49.253	0.00	0.00	0	0
8978	-71.875	35.875	-4180.0	2.24	0.0570	0.788	48.812	0.00	0.00	0	0
8979	-71.792	35.875	-4214.5	2.24	0.0560	0.798	48.792	0.00	0.00	0	0
8980	-71.708	35.875	-4244.5	2.24	0.0550	0.841	48.797	0.00	0.00	0	0
8981	-71.625	35.875	-4259.0	2.25	0.0540	0.798	47.855	0.00	0.00	0	0
8982	-71.542	35.875	-4279.0	2.25	0.0530	0.791	47.886	0.00	0.00	0	0
8983	-71.458	35.875	-4297.0	2.25	0.0520	0.810	48.495	0.00	0.00	0	0
8984	-71.375	35.875	-4313.0	2.25	0.0510	0.864	48.475	0.00	0.00	0	0
8985	-71.292	35.875	-4327.0	2.26	0.0500	0.826	48.524	0.00	0.00	0	0
8986	-71.208	35.875	-4341.0	2.26	0.0490	0.809	48.546	0.00	0.00	0	0
8987	-71.125	35.875	-4353.0	2.26	0.0490	0.795	48.565	0.00	0.00	0	0
8988	-71.042	35.875	-4377.0	2.27	0.0480	0.647	48.634	0.00	0.00	0	0
8989	-77.958	35.958	nan	nan	nan	nan	nan	0.00	0.00	0	0
8990	-77.875	35.958	nan	nan	nan	nan	nan	0.00	0.00	0	0
8991	-77.792	35.958	nan	nan	nan	nan	nan	0.00	0.00	0	0
8992	-77.708	35.958	nan	nan	nan	nan	nan	0.00	0.00	0	0
8993	-77.625	35.958	nan	nan	nan	nan	nan	0.00	0.00	0	0
8994	-77.542	35.958	nan	nan	nan	nan	nan	0.00	0.00	0	0
8995	-77.458	35.958	nan	nan	nan	nan	nan	0.00	0.00	0	0
8996	-77.375	35.958	nan	nan	nan	nan	nan	0.00	0.00	0	0
8997	-77.292	35.958	nan	nan	nan	nan	nan	0.00	0.00	0	0
8998	-77.208	35.958	nan	nan	nan	nan	nan	0.00	0.00	0	0
8999	-77.125	35.958	nan	nan	nan	nan	nan	0.00	0.00	0	0
9000	-77.042	35.958	nan	nan	nan	nan	nan	0.00	0.00	0	0
9001	-76.958	35.958	nan	nan	nan	nan	nan	0.00	0.00	0	0
9002	-76.875	35.958	nan	nan	nan	nan	nan	0.00	0.00	0	0
9003	-76.792	35.958	nan	nan	nan	nan	nan	0.00	0.00	0	0
9004	-76.708	35.958	nan	nan	nan	nan	nan	0.00	0.00	0	0
9005	-76.625	35.958	nan	nan	nan	nan	nan	0.00	0.00	0	0
9006	-76.542	35.958	nan	nan	nan	nan	nan	0.00	0.00	0	0
9007	-76.458	35.958	nan	nan	nan	nan	nan	0.00	0.00	0	0
9008	-76.375	35.958	nan	nan	nan	nan	nan	0.00	0.00	0	0
9009	-76.292	35.958	nan	nan	nan	nan	nan	0.00	0.00	0	0
9010	-76.208	35.958	nan	nan	nan	nan	nan	0.00	0.00	0	0
9011	-76.125	35.958	nan	nan	nan	nan	nan	0.00	0.00	0	0
9012	-76.042	35.958	nan	nan	nan	nan	nan	0.00	0.00	0	0
9013	-75.958	35.958	-3.0	10.48	0.0430	0.413	57.763	0.00	0.00	0	0
9014	-75.875	35.958	nan	nan	nan	nan	nan	0.00	0.00	0	0
9015	-75.792	35.958	-2.0	14.39	0.0500	0.147	58.653	0.00	0.00	0	0
9016	-75.708	35.958	-2.0	10.83	0.0540	0.185	58.621	0.00	0.00	0	0
9017	-75.625	35.958	-2.0	8.60	0.0560	0.133	57.062	0.00	0.00	0	0
9018	-75.542	35.958	-20.0	8.40	0.0510	0.060	57.048	0.00	0.00	0	0
9019	-75.458	35.958	-21.0	7.48	0.0560	0.182	56.447	0.00	0.00	0	0
9020	-75.375	35.958	-22.0	8.41	0.0640	0.094	56.639	0.00	0.00	0	0
9021	-75.292	35.958	-28.0	7.02	0.0740	0.098	55.542	0.00	0.00	0	0
9022	-75.208	35.958	-33.0	3.99	0.0880	0.112	57.622	0.00	0.00	0	0
9023	-75.125	35.958	-33.0	3.22	0.1040	1.084	58.770	0.00	0.00	0	0
9024	-75.042	35.958	-36.0	3.03	0.1170	1.469	56.836	0.00	0.00	0	0
9025	-74.958	35.958	-54.0	3.00	0.1230	1.743	59.733	0.00	0.00	0	0
9026	-74.875	35.958	-92.0	2.96	0.1090	1.835	53.213	0.00	0.00	0	0
9027	-74.792	35.958	-398.0	2.93	0.1030	2.249	49.488	0.00	0.00	0	0
9028	-74.708	35.958	-1173.0	2.73	0.1030	2.014	48.124	0.00	0.00	0	0
9029	-74.625	35.958	-1640.0	2.58	0.1110	1.952	44.005	0.00	0.00	0	0
9030	-74.542	35.958	-1869.0	2.52	0.1180	1.512	45.113	0.00	0.00	0	0
9031	-74.458	35.958	-1975.5	2.51	0.1190	1.054	43.800	0.00	0.00	0	0
9032	-74.375	35.958	-2071.0	2.50	0.1190	1.051	43.954	0.00	0.00	0	0
9033	-74.292	35.958	-2221.5	2.40	0.1200	1.022	45.603	0.00	0.00	0	0
9034	-74.208	35.958	-2388.0	2.40	0.1200	1.030	42.978	0.00	0.00	0	0
9035	-74.125	35.958	-2576.0	2.31	0.1200	1.028	42.439	0.00	0.00	0	0
9036	-74.042	35.958	-2748.0	2.30	0.1180	0.953	42.703	0.00	0.00	0	0
9037	-73.958	35.958	-2888.0	2.27	0.1140	0.950	42.517	0.00	0.00	0	0
9038	-73.875	35.958	-3013.0	2.27	0.1100	1.051	43.250	0.00	0.00	0	0
9039	-73.792	35.958	-3109.0	2.26	0.1070	0.983	41.669	0.00	0.00	0	0
9040	-73.708	35.958	-3206.0	2.25	0.1030	0.980	41.275	973.98	79.51	8	6
9041	-73.625	35.958	-3287.0	2.23	0.0990	0.983	41.435	418.63	30.26	4	2
9042	-73.542	35.958	-3400.0	2.24	0.0960	1.000	41.413	356.60	34.61	4	2
9043	-73.458	35.958	-3476.5	2.24	0.0920	1.004	41.563	344.64	32.14	3	2
9044	-73.375	35.958	-3554.5	2.24	0.0880	1.010	42.144	278.16	22.51	2	2
9045	-73.292	35.958	-3640.0	2.25	0.0850	1.029	42.551	237.69	21.47	2	2
9046	-73.208	35.958	-3680.0	2.25	0.0830	0.963	43.098	94.67	7.59	1	0
9047	-73.125	35.958	-3722.0	2.26	0.0810	1.102	43.642	12.90	0.02	0	0
9048	-73.042	35.958	-3754.0	2.28	0.0780	1.061	45.719	0.00	0.00	0	0
9049	-72.958	35.958	-3761.5	2.28	0.0750	1.040	44.995	0.00	0.00	0	0
9050	-72.875	35.958	-3791.0	2.27	0.0730	1.023	45.425	0.00	0.00	0	0
9051	-72.792	35.958	-3837.0	2.23	0.0720	0.699	45.394	0.00	0.00	0	0
9052	-72.708	35.958	-3865.0	2.23	0.0710	0.733	45.443	0.00	0.00	0	0
9053	-72.625	35.958	-3876.0	2.23	0.0700	0.777	45.501	0.00	0.00	0	0
9054	-72.542	35.958	-3900.0	2.23	0.0700	0.779	45.525	0.00	0.00	0	0
9055	-72.458	35.958	-3936.0	2.24	0.0690	0.799	47.461	0.00	0.00	0	0
9056	-72.375	35.958	-3967.0	2.22	0.0680	0.795	47.533	0.00	0.00	0	0
9057	-72.292	35.958	-3997.5	2.23	0.0680	0.795	45.767	0.00	0.00	0	0
9058	-72.208	35.958	-4021.0	2.23	0.0670	0.799	47.140	0.00	0.00	0	0
9059	-72.125	35.958	-4033.0	2.23	0.0650	0.805	47.130	0.00	0.00	0	0
9060	-72.042	35.958	-4069.0	2.24	0.0630	0.802	47.143	0.00	0.00	0	0
9061	-71.958	35.958	-4116.0	2.23	0.0610	0.793	49.223	0.00	0.00	0	0
9062	-71.875	35.958	-4163.0	2.23	0.0590	0.799	49.254	0.00	0.00	0	0
9063	-71.792	35.958	-4192.0	2.24	0.0570	0.801	48.809	0.00	0.00	0	0
9064	-71.708	35.958	-4215.0	2.24	0.0560	0.875	49.349	0.00	0.00	0	0
9065	-71.625	35.958	-4233.0	2.24	0.0550	0.909	48.809	0.00	0.00	0	0
9066	-71.542	35.958	-4258.0	2.24	0.0540	0.844	47.891	0.00	0.00	0	0
9067	-71.458	35.958	-4274.0	2.25	0.0530	0.870	47.956	0.00	0.00	0	0
9068	-71.375	35.958	-4289.0	2.25	0.0520	0.833	48.535	0.00	0.00	0	0
9069	-71.292	35.958	-4309.5	2.26	0.0510	0.739	48.635	0.00	0.00	0	0
9070	-71.208	35.958	-4336.0	2.26	0.0500	0.726	48.554	0.00	0.00	0	0
9071	-71.125	35.958	-4356.0	2.26	0.0490	0.808	48.587	0.00	0.00	0	0
9072	-71.042	35.958	-4366.0 2.27	0.0490	0.680	48.629	0.00	0.00	0	0
