Node	Lon	Lat	SedRate	TOC	Q	MRate	MAX
3025	-77.958	30.042	0.0000	0.0000	0.0000	0.0000	nan
3026	-77.875	30.042	0.0000	0.0000	0.0000	0.0000	nan
3027	-77.792	30.042	0.0000	0.0000	0.0000	0.0000	nan
3028	-77.708	30.042	0.0000	0.0000	0.0000	0.0000	nan
3029	-77.625	30.042	0.0000	0.0000	0.0000	0.0000	nan
3030	-77.542	30.042	0.0000	0.0000	0.0000	0.0000	nan
3031	-77.458	30.042	0.0000	0.0000	0.0000	0.0000	nan
3032	-77.375	30.042	0.0000	0.0000	0.0000	0.0000	nan
3033	-77.292	30.042	0.0000	0.0000	0.0000	0.0000	nan
3034	-77.208	30.042	0.0000	0.0000	0.0000	0.0000	nan
3035	-77.125	30.042	0.0000	0.0000	0.0000	0.0000	nan
3036	-77.042	30.042	0.0000	0.0000	0.0000	0.0000	nan
3037	-76.958	30.042	0.0000	0.0000	0.0000	0.0000	nan
3038	-76.875	30.042	0.0000	0.0000	0.0000	0.0000	nan
3039	-76.792	30.042	0.0000	0.0000	0.0000	0.0000	nan
3040	-76.708	30.042	0.0000	0.0000	0.0000	0.0000	nan
3041	-76.625	30.042	0.0000	0.0000	0.0000	0.0000	nan
3042	-76.542	30.042	0.0000	0.0000	0.0000	0.0000	nan
3043	-76.458	30.042	0.0000	0.0000	0.0000	0.0000	nan
3044	-76.375	30.042	0.0000	0.0000	0.0000	0.0000	nan
3045	-76.292	30.042	0.0000	0.0000	0.0000	0.0000	nan
3046	-76.208	30.042	0.0000	0.0000	0.0000	0.0000	nan
3047	-76.125	30.042	0.0000	0.0000	0.0000	0.0000	nan
3048	-76.042	30.042	0.0000	0.0000	0.0000	0.0000	nan
3049	-75.958	30.042	0.0000	0.0000	0.0000	0.0000	nan
3050	-75.875	30.042	0.0000	0.0000	0.0000	0.0000	nan
3051	-75.792	30.042	0.0000	0.0000	0.0000	0.0000	nan
3052	-75.708	30.042	0.0000	0.0000	0.0000	0.0000	nan
3053	-75.625	30.042	0.0000	0.0000	0.0000	0.0000	nan
3054	-75.542	30.042	0.0000	0.0000	0.0000	0.0000	nan
3055	-75.458	30.042	0.0000	0.0000	0.0000	0.0000	nan
3056	-75.375	30.042	0.0000	0.0000	0.0000	0.0000	nan
3057	-75.292	30.042	0.0000	0.0000	0.0000	0.0000	nan
3058	-75.208	30.042	0.0000	0.0000	0.0000	0.0000	nan
3059	-75.125	30.042	0.0000	0.0000	0.0000	0.0000	nan
3060	-75.042	30.042	0.0000	0.0000	0.0000	0.0000	nan
3061	-74.958	30.042	0.0000	0.0000	0.0000	0.0000	nan
3062	-74.875	30.042	0.0000	0.0000	0.0000	0.0000	nan
3063	-74.792	30.042	0.0000	0.0000	0.0000	0.0000	nan
3064	-74.708	30.042	0.0000	0.0000	0.0000	0.0000	nan
3065	-74.625	30.042	0.0000	0.0000	0.0000	0.0000	nan
3066	-74.542	30.042	0.0000	0.0000	0.0000	0.0000	nan
3067	-74.458	30.042	0.0000	0.0000	0.0000	0.0000	nan
3068	-74.375	30.042	0.0000	0.0000	0.0000	0.0000	nan
3069	-74.292	30.042	0.0000	0.0000	0.0000	0.0000	nan
3070	-74.208	30.042	0.0000	0.0000	0.0000	0.0000	nan
3071	-74.125	30.042	0.0000	0.0000	0.0000	0.0000	nan
3072	-74.042	30.042	0.0000	0.0000	0.0000	0.0000	nan
3073	-73.958	30.042	0.0000	0.0000	0.0000	0.0000	nan
3074	-73.875	30.042	0.0000	0.0000	0.0000	0.0000	nan
3075	-73.792	30.042	0.0000	0.0000	0.0000	0.0000	nan
3076	-73.708	30.042	0.0000	0.0000	0.0000	0.0000	nan
3077	-73.625	30.042	0.0000	0.0000	0.0000	0.0000	nan
3078	-73.542	30.042	0.0000	0.0000	0.0000	0.0000	nan
3079	-73.458	30.042	0.0000	0.0000	0.0000	0.0000	nan
3080	-73.375	30.042	0.0000	0.0000	0.0000	0.0000	nan
3081	-73.292	30.042	0.0000	0.0000	0.0000	0.0000	nan
3082	-73.208	30.042	0.0000	0.0000	0.0000	0.0000	nan
3083	-73.125	30.042	0.0000	0.0000	0.0000	0.0000	nan
3084	-73.042	30.042	0.0000	0.0000	0.0000	0.0000	nan
3085	-72.958	30.042	0.0000	0.0000	0.0000	0.0000	nan
3086	-72.875	30.042	0.0000	0.0000	0.0000	0.0000	nan
3087	-72.792	30.042	0.0000	0.0000	0.0000	0.0000	nan
3088	-72.708	30.042	0.0000	0.0000	0.0000	0.0000	nan
3089	-72.625	30.042	0.0000	0.0000	0.0000	0.0000	nan
3090	-72.542	30.042	0.0000	0.0000	0.0000	0.0000	nan
3091	-72.458	30.042	0.0000	0.0000	0.0000	0.0000	nan
3092	-72.375	30.042	0.0000	0.0000	0.0000	0.0000	nan
3093	-72.292	30.042	0.0000	0.0000	0.0000	0.0000	nan
3094	-72.208	30.042	0.0000	0.0000	0.0000	0.0000	nan
3095	-72.125	30.042	0.0000	0.0000	0.0000	0.0000	nan
3096	-72.042	30.042	0.0000	0.0000	0.0000	0.0000	nan
3097	-71.958	30.042	0.0000	0.0000	0.0000	0.0000	nan
3098	-71.875	30.042	0.0000	0.0000	0.0000	0.0000	nan
3099	-71.792	30.042	0.0000	0.0000	0.0000	0.0000	nan
3100	-71.708	30.042	0.0000	0.0000	0.0000	0.0000	nan
3101	-71.625	30.042	0.0000	0.0000	0.0000	0.0000	nan
3102	-71.542	30.042	0.0000	0.0000	0.0000	0.0000	nan
3103	-71.458	30.042	0.0000	0.0000	0.0000	0.0000	nan
3104	-71.375	30.042	0.0000	0.0000	0.0000	0.0000	nan
3105	-71.292	30.042	0.0000	0.0000	0.0000	0.0000	nan
3106	-71.208	30.042	0.0000	0.0000	0.0000	0.0000	nan
3107	-71.125	30.042	0.0000	0.0000	0.0000	0.0000	nan
3108	-71.042	30.042	0.0000	0.0000	0.0000	0.0000	nan
3109	-77.958	30.125	0.0000	0.0000	0.0000	0.0000	nan
3110	-77.875	30.125	0.0000	0.0000	0.0000	0.0000	nan
3111	-77.792	30.125	0.0000	0.0000	0.0000	0.0000	nan
3112	-77.708	30.125	0.0000	0.0000	0.0000	0.0000	nan
3113	-77.625	30.125	0.0000	0.0000	0.0000	0.0000	nan
3114	-77.542	30.125	0.0000	0.0000	0.0000	0.0000	nan
3115	-77.458	30.125	0.0000	0.0000	0.0000	0.0000	nan
3116	-77.375	30.125	0.0000	0.0000	0.0000	0.0000	nan
3117	-77.292	30.125	0.0000	0.0000	0.0000	0.0000	nan
3118	-77.208	30.125	0.0000	0.0000	0.0000	0.0000	nan
3119	-77.125	30.125	0.0000	0.0000	0.0000	0.0000	nan
3120	-77.042	30.125	0.0000	0.0000	0.0000	0.0000	nan
3121	-76.958	30.125	0.0000	0.0000	0.0000	0.0000	nan
3122	-76.875	30.125	0.0000	0.0000	0.0000	0.0000	nan
3123	-76.792	30.125	0.0000	0.0000	0.0000	0.0000	nan
3124	-76.708	30.125	0.0000	0.0000	0.0000	0.0000	nan
3125	-76.625	30.125	0.0000	0.0000	0.0000	0.0000	nan
3126	-76.542	30.125	0.0000	0.0000	0.0000	0.0000	nan
3127	-76.458	30.125	0.0000	0.0000	0.0000	0.0000	nan
3128	-76.375	30.125	0.0000	0.0000	0.0000	0.0000	nan
3129	-76.292	30.125	0.0000	0.0000	0.0000	0.0000	nan
3130	-76.208	30.125	0.0000	0.0000	0.0000	0.0000	nan
3131	-76.125	30.125	0.0000	0.0000	0.0000	0.0000	nan
3132	-76.042	30.125	0.0000	0.0000	0.0000	0.0000	nan
3133	-75.958	30.125	0.0000	0.0000	0.0000	0.0000	nan
3134	-75.875	30.125	0.0000	0.0000	0.0000	0.0000	nan
3135	-75.792	30.125	0.0000	0.0000	0.0000	0.0000	nan
3136	-75.708	30.125	0.0000	0.0000	0.0000	0.0000	nan
3137	-75.625	30.125	0.0000	0.0000	0.0000	0.0000	nan
3138	-75.542	30.125	0.0000	0.0000	0.0000	0.0000	nan
3139	-75.458	30.125	0.0000	0.0000	0.0000	0.0000	nan
3140	-75.375	30.125	0.0000	0.0000	0.0000	0.0000	nan
3141	-75.292	30.125	0.0000	0.0000	0.0000	0.0000	nan
3142	-75.208	30.125	0.0000	0.0000	0.0000	0.0000	nan
3143	-75.125	30.125	0.0000	0.0000	0.0000	0.0000	nan
3144	-75.042	30.125	0.0000	0.0000	0.0000	0.0000	nan
3145	-74.958	30.125	0.0000	0.0000	0.0000	0.0000	nan
3146	-74.875	30.125	0.0000	0.0000	0.0000	0.0000	nan
3147	-74.792	30.125	0.0000	0.0000	0.0000	0.0000	nan
3148	-74.708	30.125	0.0000	0.0000	0.0000	0.0000	nan
3149	-74.625	30.125	0.0000	0.0000	0.0000	0.0000	nan
3150	-74.542	30.125	0.0000	0.0000	0.0000	0.0000	nan
3151	-74.458	30.125	0.0000	0.0000	0.0000	0.0000	nan
3152	-74.375	30.125	0.0000	0.0000	0.0000	0.0000	nan
3153	-74.292	30.125	0.0000	0.0000	0.0000	0.0000	nan
3154	-74.208	30.125	0.0000	0.0000	0.0000	0.0000	nan
3155	-74.125	30.125	0.0000	0.0000	0.0000	0.0000	nan
3156	-74.042	30.125	0.0000	0.0000	0.0000	0.0000	nan
3157	-73.958	30.125	0.0000	0.0000	0.0000	0.0000	nan
3158	-73.875	30.125	0.0000	0.0000	0.0000	0.0000	nan
3159	-73.792	30.125	0.0000	0.0000	0.0000	0.0000	nan
3160	-73.708	30.125	0.0000	0.0000	0.0000	0.0000	nan
3161	-73.625	30.125	0.0000	0.0000	0.0000	0.0000	nan
3162	-73.542	30.125	0.0000	0.0000	0.0000	0.0000	nan
3163	-73.458	30.125	0.0000	0.0000	0.0000	0.0000	nan
3164	-73.375	30.125	0.0000	0.0000	0.0000	0.0000	nan
3165	-73.292	30.125	0.0000	0.0000	0.0000	0.0000	nan
3166	-73.208	30.125	0.0000	0.0000	0.0000	0.0000	nan
3167	-73.125	30.125	0.0000	0.0000	0.0000	0.0000	nan
3168	-73.042	30.125	0.0000	0.0000	0.0000	0.0000	nan
3169	-72.958	30.125	0.0000	0.0000	0.0000	0.0000	nan
3170	-72.875	30.125	0.0000	0.0000	0.0000	0.0000	nan
3171	-72.792	30.125	0.0000	0.0000	0.0000	0.0000	nan
3172	-72.708	30.125	0.0000	0.0000	0.0000	0.0000	nan
3173	-72.625	30.125	0.0000	0.0000	0.0000	0.0000	nan
3174	-72.542	30.125	0.0000	0.0000	0.0000	0.0000	nan
3175	-72.458	30.125	0.0000	0.0000	0.0000	0.0000	nan
3176	-72.375	30.125	0.0000	0.0000	0.0000	0.0000	nan
3177	-72.292	30.125	0.0000	0.0000	0.0000	0.0000	nan
3178	-72.208	30.125	0.0000	0.0000	0.0000	0.0000	nan
3179	-72.125	30.125	0.0000	0.0000	0.0000	0.0000	nan
3180	-72.042	30.125	0.0000	0.0000	0.0000	0.0000	nan
3181	-71.958	30.125	0.0000	0.0000	0.0000	0.0000	nan
3182	-71.875	30.125	0.0000	0.0000	0.0000	0.0000	nan
3183	-71.792	30.125	0.0000	0.0000	0.0000	0.0000	nan
3184	-71.708	30.125	0.0000	0.0000	0.0000	0.0000	nan
3185	-71.625	30.125	0.0000	0.0000	0.0000	0.0000	nan
3186	-71.542	30.125	0.0000	0.0000	0.0000	0.0000	nan
3187	-71.458	30.125	0.0000	0.0000	0.0000	0.0000	nan
3188	-71.375	30.125	0.0000	0.0000	0.0000	0.0000	nan
3189	-71.292	30.125	0.0000	0.0000	0.0000	0.0000	nan
3190	-71.208	30.125	0.0000	0.0000	0.0000	0.0000	nan
3191	-71.125	30.125	0.0000	0.0000	0.0000	0.0000	nan
3192	-71.042	30.125	0.0000	0.0000	0.0000	0.0000	nan
3193	-77.958	30.208	0.0000	0.0000	0.0000	0.0000	nan
3194	-77.875	30.208	0.0000	0.0000	0.0000	0.0000	nan
3195	-77.792	30.208	0.0000	0.0000	0.0000	0.0000	nan
3196	-77.708	30.208	0.0000	0.0000	0.0000	0.0000	nan
3197	-77.625	30.208	0.0000	0.0000	0.0000	0.0000	nan
3198	-77.542	30.208	0.0000	0.0000	0.0000	0.0000	nan
3199	-77.458	30.208	0.0000	0.0000	0.0000	0.0000	nan
3200	-77.375	30.208	0.0000	0.0000	0.0000	0.0000	nan
3201	-77.292	30.208	0.0000	0.0000	0.0000	0.0000	nan
3202	-77.208	30.208	0.0000	0.0000	0.0000	0.0000	nan
3203	-77.125	30.208	0.0000	0.0000	0.0000	0.0000	nan
3204	-77.042	30.208	0.0000	0.0000	0.0000	0.0000	nan
3205	-76.958	30.208	0.0000	0.0000	0.0000	0.0000	nan
3206	-76.875	30.208	0.0000	0.0000	0.0000	0.0000	nan
3207	-76.792	30.208	0.0000	0.0000	0.0000	0.0000	nan
3208	-76.708	30.208	0.0000	0.0000	0.0000	0.0000	nan
3209	-76.625	30.208	0.0000	0.0000	0.0000	0.0000	nan
3210	-76.542	30.208	0.0000	0.0000	0.0000	0.0000	nan
3211	-76.458	30.208	0.0000	0.0000	0.0000	0.0000	nan
3212	-76.375	30.208	0.0000	0.0000	0.0000	0.0000	nan
3213	-76.292	30.208	0.0000	0.0000	0.0000	0.0000	nan
3214	-76.208	30.208	0.0000	0.0000	0.0000	0.0000	nan
3215	-76.125	30.208	0.0000	0.0000	0.0000	0.0000	nan
3216	-76.042	30.208	0.0000	0.0000	0.0000	0.0000	nan
3217	-75.958	30.208	0.0000	0.0000	0.0000	0.0000	nan
3218	-75.875	30.208	0.0000	0.0000	0.0000	0.0000	nan
3219	-75.792	30.208	0.0000	0.0000	0.0000	0.0000	nan
3220	-75.708	30.208	0.0000	0.0000	0.0000	0.0000	nan
3221	-75.625	30.208	0.0000	0.0000	0.0000	0.0000	nan
3222	-75.542	30.208	0.0000	0.0000	0.0000	0.0000	nan
3223	-75.458	30.208	0.0000	0.0000	0.0000	0.0000	nan
3224	-75.375	30.208	0.0000	0.0000	0.0000	0.0000	nan
3225	-75.292	30.208	0.0000	0.0000	0.0000	0.0000	nan
3226	-75.208	30.208	0.0000	0.0000	0.0000	0.0000	nan
3227	-75.125	30.208	0.0000	0.0000	0.0000	0.0000	nan
3228	-75.042	30.208	0.0000	0.0000	0.0000	0.0000	nan
3229	-74.958	30.208	0.0000	0.0000	0.0000	0.0000	nan
3230	-74.875	30.208	0.0000	0.0000	0.0000	0.0000	nan
3231	-74.792	30.208	0.0000	0.0000	0.0000	0.0000	nan
3232	-74.708	30.208	0.0000	0.0000	0.0000	0.0000	nan
3233	-74.625	30.208	0.0000	0.0000	0.0000	0.0000	nan
3234	-74.542	30.208	0.0000	0.0000	0.0000	0.0000	nan
3235	-74.458	30.208	0.0000	0.0000	0.0000	0.0000	nan
3236	-74.375	30.208	0.0000	0.0000	0.0000	0.0000	nan
3237	-74.292	30.208	0.0000	0.0000	0.0000	0.0000	nan
3238	-74.208	30.208	0.0000	0.0000	0.0000	0.0000	nan
3239	-74.125	30.208	0.0000	0.0000	0.0000	0.0000	nan
3240	-74.042	30.208	0.0000	0.0000	0.0000	0.0000	nan
3241	-73.958	30.208	0.0000	0.0000	0.0000	0.0000	nan
3242	-73.875	30.208	0.0000	0.0000	0.0000	0.0000	nan
3243	-73.792	30.208	0.0000	0.0000	0.0000	0.0000	nan
3244	-73.708	30.208	0.0000	0.0000	0.0000	0.0000	nan
3245	-73.625	30.208	0.0000	0.0000	0.0000	0.0000	nan
3246	-73.542	30.208	0.0000	0.0000	0.0000	0.0000	nan
3247	-73.458	30.208	0.0000	0.0000	0.0000	0.0000	nan
3248	-73.375	30.208	0.0000	0.0000	0.0000	0.0000	nan
3249	-73.292	30.208	0.0000	0.0000	0.0000	0.0000	nan
3250	-73.208	30.208	0.0000	0.0000	0.0000	0.0000	nan
3251	-73.125	30.208	0.0000	0.0000	0.0000	0.0000	nan
3252	-73.042	30.208	0.0000	0.0000	0.0000	0.0000	nan
3253	-72.958	30.208	0.0000	0.0000	0.0000	0.0000	nan
3254	-72.875	30.208	0.0000	0.0000	0.0000	0.0000	nan
3255	-72.792	30.208	0.0000	0.0000	0.0000	0.0000	nan
3256	-72.708	30.208	0.0000	0.0000	0.0000	0.0000	nan
3257	-72.625	30.208	0.0000	0.0000	0.0000	0.0000	nan
3258	-72.542	30.208	0.0000	0.0000	0.0000	0.0000	nan
3259	-72.458	30.208	0.0000	0.0000	0.0000	0.0000	nan
3260	-72.375	30.208	0.0000	0.0000	0.0000	0.0000	nan
3261	-72.292	30.208	0.0000	0.0000	0.0000	0.0000	nan
3262	-72.208	30.208	0.0000	0.0000	0.0000	0.0000	nan
3263	-72.125	30.208	0.0000	0.0000	0.0000	0.0000	nan
3264	-72.042	30.208	0.0000	0.0000	0.0000	0.0000	nan
3265	-71.958	30.208	0.0000	0.0000	0.0000	0.0000	nan
3266	-71.875	30.208	0.0000	0.0000	0.0000	0.0000	nan
3267	-71.792	30.208	0.0000	0.0000	0.0000	0.0000	nan
3268	-71.708	30.208	0.0000	0.0000	0.0000	0.0000	nan
3269	-71.625	30.208	0.0000	0.0000	0.0000	0.0000	nan
3270	-71.542	30.208	0.0000	0.0000	0.0000	0.0000	nan
3271	-71.458	30.208	0.0000	0.0000	0.0000	0.0000	nan
3272	-71.375	30.208	0.0000	0.0000	0.0000	0.0000	nan
3273	-71.292	30.208	0.0000	0.0000	0.0000	0.0000	nan
3274	-71.208	30.208	0.0000	0.0000	0.0000	0.0000	nan
3275	-71.125	30.208	0.0000	0.0000	0.0000	0.0000	nan
3276	-71.042	30.208	0.0000	0.0000	0.0000	0.0000	nan
3277	-77.958	30.292	0.0000	0.0000	0.0000	0.0000	nan
3278	-77.875	30.292	0.0000	0.0000	0.0000	0.0000	nan
3279	-77.792	30.292	0.0000	0.0000	0.0000	0.0000	nan
3280	-77.708	30.292	0.0000	0.0000	0.0000	0.0000	nan
3281	-77.625	30.292	0.0000	0.0000	0.0000	0.0000	nan
3282	-77.542	30.292	0.0000	0.0000	0.0000	0.0000	nan
3283	-77.458	30.292	0.0000	0.0000	0.0000	0.0000	nan
3284	-77.375	30.292	0.0000	0.0000	0.0000	0.0000	nan
3285	-77.292	30.292	0.0000	0.0000	0.0000	0.0000	nan
3286	-77.208	30.292	0.0000	0.0000	0.0000	0.0000	nan
3287	-77.125	30.292	0.0000	0.0000	0.0000	0.0000	nan
3288	-77.042	30.292	0.0000	0.0000	0.0000	0.0000	nan
3289	-76.958	30.292	0.0000	0.0000	0.0000	0.0000	nan
3290	-76.875	30.292	0.0000	0.0000	0.0000	0.0000	nan
3291	-76.792	30.292	0.0000	0.0000	0.0000	0.0000	nan
3292	-76.708	30.292	0.0000	0.0000	0.0000	0.0000	nan
3293	-76.625	30.292	0.0000	0.0000	0.0000	0.0000	nan
3294	-76.542	30.292	0.0000	0.0000	0.0000	0.0000	nan
3295	-76.458	30.292	0.0000	0.0000	0.0000	0.0000	nan
3296	-76.375	30.292	0.0000	0.0000	0.0000	0.0000	nan
3297	-76.292	30.292	0.0000	0.0000	0.0000	0.0000	nan
3298	-76.208	30.292	0.0000	0.0000	0.0000	0.0000	nan
3299	-76.125	30.292	0.0000	0.0000	0.0000	0.0000	nan
3300	-76.042	30.292	0.0000	0.0000	0.0000	0.0000	nan
3301	-75.958	30.292	0.0000	0.0000	0.0000	0.0000	nan
3302	-75.875	30.292	0.0000	0.0000	0.0000	0.0000	nan
3303	-75.792	30.292	0.0000	0.0000	0.0000	0.0000	nan
3304	-75.708	30.292	0.0000	0.0000	0.0000	0.0000	nan
3305	-75.625	30.292	0.0000	0.0000	0.0000	0.0000	nan
3306	-75.542	30.292	0.0000	0.0000	0.0000	0.0000	nan
3307	-75.458	30.292	0.0000	0.0000	0.0000	0.0000	nan
3308	-75.375	30.292	0.0000	0.0000	0.0000	0.0000	nan
3309	-75.292	30.292	0.0000	0.0000	0.0000	0.0000	nan
3310	-75.208	30.292	0.0000	0.0000	0.0000	0.0000	nan
3311	-75.125	30.292	0.0000	0.0000	0.0000	0.0000	nan
3312	-75.042	30.292	0.0000	0.0000	0.0000	0.0000	nan
3313	-74.958	30.292	0.0000	0.0000	0.0000	0.0000	nan
3314	-74.875	30.292	0.0000	0.0000	0.0000	0.0000	nan
3315	-74.792	30.292	0.0000	0.0000	0.0000	0.0000	nan
3316	-74.708	30.292	0.0000	0.0000	0.0000	0.0000	nan
3317	-74.625	30.292	0.0000	0.0000	0.0000	0.0000	nan
3318	-74.542	30.292	0.0000	0.0000	0.0000	0.0000	nan
3319	-74.458	30.292	0.0000	0.0000	0.0000	0.0000	nan
3320	-74.375	30.292	0.0000	0.0000	0.0000	0.0000	nan
3321	-74.292	30.292	0.0000	0.0000	0.0000	0.0000	nan
3322	-74.208	30.292	0.0000	0.0000	0.0000	0.0000	nan
3323	-74.125	30.292	0.0000	0.0000	0.0000	0.0000	nan
3324	-74.042	30.292	0.0000	0.0000	0.0000	0.0000	nan
3325	-73.958	30.292	0.0000	0.0000	0.0000	0.0000	nan
3326	-73.875	30.292	0.0000	0.0000	0.0000	0.0000	nan
3327	-73.792	30.292	0.0000	0.0000	0.0000	0.0000	nan
3328	-73.708	30.292	0.0000	0.0000	0.0000	0.0000	nan
3329	-73.625	30.292	0.0000	0.0000	0.0000	0.0000	nan
3330	-73.542	30.292	0.0000	0.0000	0.0000	0.0000	nan
3331	-73.458	30.292	0.0000	0.0000	0.0000	0.0000	nan
3332	-73.375	30.292	0.0000	0.0000	0.0000	0.0000	nan
3333	-73.292	30.292	0.0000	0.0000	0.0000	0.0000	nan
3334	-73.208	30.292	0.0000	0.0000	0.0000	0.0000	nan
3335	-73.125	30.292	0.0000	0.0000	0.0000	0.0000	nan
3336	-73.042	30.292	0.0000	0.0000	0.0000	0.0000	nan
3337	-72.958	30.292	0.0000	0.0000	0.0000	0.0000	nan
3338	-72.875	30.292	0.0000	0.0000	0.0000	0.0000	nan
3339	-72.792	30.292	0.0000	0.0000	0.0000	0.0000	nan
3340	-72.708	30.292	0.0000	0.0000	0.0000	0.0000	nan
3341	-72.625	30.292	0.0000	0.0000	0.0000	0.0000	nan
3342	-72.542	30.292	0.0000	0.0000	0.0000	0.0000	nan
3343	-72.458	30.292	0.0000	0.0000	0.0000	0.0000	nan
3344	-72.375	30.292	0.0000	0.0000	0.0000	0.0000	nan
3345	-72.292	30.292	0.0000	0.0000	0.0000	0.0000	nan
3346	-72.208	30.292	0.0000	0.0000	0.0000	0.0000	nan
3347	-72.125	30.292	0.0000	0.0000	0.0000	0.0000	nan
3348	-72.042	30.292	0.0000	0.0000	0.0000	0.0000	nan
3349	-71.958	30.292	0.0000	0.0000	0.0000	0.0000	nan
3350	-71.875	30.292	0.0000	0.0000	0.0000	0.0000	nan
3351	-71.792	30.292	0.0000	0.0000	0.0000	0.0000	nan
3352	-71.708	30.292	0.0000	0.0000	0.0000	0.0000	nan
3353	-71.625	30.292	0.0000	0.0000	0.0000	0.0000	nan
3354	-71.542	30.292	0.0000	0.0000	0.0000	0.0000	nan
3355	-71.458	30.292	0.0000	0.0000	0.0000	0.0000	nan
3356	-71.375	30.292	0.0000	0.0000	0.0000	0.0000	nan
3357	-71.292	30.292	0.0000	0.0000	0.0000	0.0000	nan
3358	-71.208	30.292	0.0000	0.0000	0.0000	0.0000	nan
3359	-71.125	30.292	0.0000	0.0000	0.0000	0.0000	nan
3360	-71.042	30.292	0.0000	0.0000	0.0000	0.0000	nan
3361	-77.958	30.375	0.0000	0.0000	0.0000	0.0000	nan
3362	-77.875	30.375	0.0000	0.0000	0.0000	0.0000	nan
3363	-77.792	30.375	0.0000	0.0000	0.0000	0.0000	nan
3364	-77.708	30.375	0.0000	0.0000	0.0000	0.0000	nan
3365	-77.625	30.375	0.0000	0.0000	0.0000	0.0000	nan
3366	-77.542	30.375	0.0000	0.0000	0.0000	0.0000	nan
3367	-77.458	30.375	0.0000	0.0000	0.0000	0.0000	nan
3368	-77.375	30.375	0.0000	0.0000	0.0000	0.0000	nan
3369	-77.292	30.375	0.0000	0.0000	0.0000	0.0000	nan
3370	-77.208	30.375	0.0000	0.0000	0.0000	0.0000	nan
3371	-77.125	30.375	0.0000	0.0000	0.0000	0.0000	nan
3372	-77.042	30.375	0.0000	0.0000	0.0000	0.0000	nan
3373	-76.958	30.375	0.0000	0.0000	0.0000	0.0000	nan
3374	-76.875	30.375	0.0000	0.0000	0.0000	0.0000	nan
3375	-76.792	30.375	0.0000	0.0000	0.0000	0.0000	nan
3376	-76.708	30.375	0.0000	0.0000	0.0000	0.0000	nan
3377	-76.625	30.375	0.0000	0.0000	0.0000	0.0000	nan
3378	-76.542	30.375	0.0000	0.0000	0.0000	0.0000	nan
3379	-76.458	30.375	0.0000	0.0000	0.0000	0.0000	nan
3380	-76.375	30.375	0.0000	0.0000	0.0000	0.0000	nan
3381	-76.292	30.375	0.0000	0.0000	0.0000	0.0000	nan
3382	-76.208	30.375	0.0000	0.0000	0.0000	0.0000	nan
3383	-76.125	30.375	0.0000	0.0000	0.0000	0.0000	nan
3384	-76.042	30.375	0.0000	0.0000	0.0000	0.0000	nan
3385	-75.958	30.375	0.0000	0.0000	0.0000	0.0000	nan
3386	-75.875	30.375	0.0000	0.0000	0.0000	0.0000	nan
3387	-75.792	30.375	0.0000	0.0000	0.0000	0.0000	nan
3388	-75.708	30.375	0.0000	0.0000	0.0000	0.0000	nan
3389	-75.625	30.375	0.0000	0.0000	0.0000	0.0000	nan
3390	-75.542	30.375	0.0000	0.0000	0.0000	0.0000	nan
3391	-75.458	30.375	0.0000	0.0000	0.0000	0.0000	nan
3392	-75.375	30.375	0.0000	0.0000	0.0000	0.0000	nan
3393	-75.292	30.375	0.0000	0.0000	0.0000	0.0000	nan
3394	-75.208	30.375	0.0000	0.0000	0.0000	0.0000	nan
3395	-75.125	30.375	0.0000	0.0000	0.0000	0.0000	nan
3396	-75.042	30.375	0.0000	0.0000	0.0000	0.0000	nan
3397	-74.958	30.375	0.0000	0.0000	0.0000	0.0000	nan
3398	-74.875	30.375	0.0000	0.0000	0.0000	0.0000	nan
3399	-74.792	30.375	0.0000	0.0000	0.0000	0.0000	nan
3400	-74.708	30.375	0.0000	0.0000	0.0000	0.0000	nan
3401	-74.625	30.375	0.0000	0.0000	0.0000	0.0000	nan
3402	-74.542	30.375	0.0000	0.0000	0.0000	0.0000	nan
3403	-74.458	30.375	0.0000	0.0000	0.0000	0.0000	nan
3404	-74.375	30.375	0.0000	0.0000	0.0000	0.0000	nan
3405	-74.292	30.375	0.0000	0.0000	0.0000	0.0000	nan
3406	-74.208	30.375	0.0000	0.0000	0.0000	0.0000	nan
3407	-74.125	30.375	0.0000	0.0000	0.0000	0.0000	nan
3408	-74.042	30.375	0.0000	0.0000	0.0000	0.0000	nan
3409	-73.958	30.375	0.0000	0.0000	0.0000	0.0000	nan
3410	-73.875	30.375	0.0000	0.0000	0.0000	0.0000	nan
3411	-73.792	30.375	0.0000	0.0000	0.0000	0.0000	nan
3412	-73.708	30.375	0.0000	0.0000	0.0000	0.0000	nan
3413	-73.625	30.375	0.0000	0.0000	0.0000	0.0000	nan
3414	-73.542	30.375	0.0000	0.0000	0.0000	0.0000	nan
3415	-73.458	30.375	0.0000	0.0000	0.0000	0.0000	nan
3416	-73.375	30.375	0.0000	0.0000	0.0000	0.0000	nan
3417	-73.292	30.375	0.0000	0.0000	0.0000	0.0000	nan
3418	-73.208	30.375	0.0000	0.0000	0.0000	0.0000	nan
3419	-73.125	30.375	0.0000	0.0000	0.0000	0.0000	nan
3420	-73.042	30.375	0.0000	0.0000	0.0000	0.0000	nan
3421	-72.958	30.375	0.0000	0.0000	0.0000	0.0000	nan
3422	-72.875	30.375	0.0000	0.0000	0.0000	0.0000	nan
3423	-72.792	30.375	0.0000	0.0000	0.0000	0.0000	nan
3424	-72.708	30.375	0.0000	0.0000	0.0000	0.0000	nan
3425	-72.625	30.375	0.0000	0.0000	0.0000	0.0000	nan
3426	-72.542	30.375	0.0000	0.0000	0.0000	0.0000	nan
3427	-72.458	30.375	0.0000	0.0000	0.0000	0.0000	nan
3428	-72.375	30.375	0.0000	0.0000	0.0000	0.0000	nan
3429	-72.292	30.375	0.0000	0.0000	0.0000	0.0000	nan
3430	-72.208	30.375	0.0000	0.0000	0.0000	0.0000	nan
3431	-72.125	30.375	0.0000	0.0000	0.0000	0.0000	nan
3432	-72.042	30.375	0.0000	0.0000	0.0000	0.0000	nan
3433	-71.958	30.375	0.0000	0.0000	0.0000	0.0000	nan
3434	-71.875	30.375	0.0000	0.0000	0.0000	0.0000	nan
3435	-71.792	30.375	0.0000	0.0000	0.0000	0.0000	nan
3436	-71.708	30.375	0.0000	0.0000	0.0000	0.0000	nan
3437	-71.625	30.375	0.0000	0.0000	0.0000	0.0000	nan
3438	-71.542	30.375	0.0000	0.0000	0.0000	0.0000	nan
3439	-71.458	30.375	0.0000	0.0000	0.0000	0.0000	nan
3440	-71.375	30.375	0.0000	0.0000	0.0000	0.0000	nan
3441	-71.292	30.375	0.0000	0.0000	0.0000	0.0000	nan
3442	-71.208	30.375	0.0000	0.0000	0.0000	0.0000	nan
3443	-71.125	30.375	0.0000	0.0000	0.0000	0.0000	nan
3444	-71.042	30.375	0.0000	0.0000	0.0000	0.0000	nan
3445	-77.958	30.458	0.0000	0.0000	0.0000	0.0000	nan
3446	-77.875	30.458	0.0000	0.0000	0.0000	0.0000	nan
3447	-77.792	30.458	0.0000	0.0000	0.0000	0.0000	nan
3448	-77.708	30.458	0.0000	0.0000	0.0000	0.0000	nan
3449	-77.625	30.458	0.0000	0.0000	0.0000	0.0000	nan
3450	-77.542	30.458	0.0000	0.0000	0.0000	0.0000	nan
3451	-77.458	30.458	0.0000	0.0000	0.0000	0.0000	nan
3452	-77.375	30.458	0.0000	0.0000	0.0000	0.0000	nan
3453	-77.292	30.458	0.0000	0.0000	0.0000	0.0000	nan
3454	-77.208	30.458	0.0000	0.0000	0.0000	0.0000	nan
3455	-77.125	30.458	0.0000	0.0000	0.0000	0.0000	nan
3456	-77.042	30.458	0.0000	0.0000	0.0000	0.0000	nan
3457	-76.958	30.458	0.0000	0.0000	0.0000	0.0000	nan
3458	-76.875	30.458	0.0000	0.0000	0.0000	0.0000	nan
3459	-76.792	30.458	0.0000	0.0000	0.0000	0.0000	nan
3460	-76.708	30.458	0.0000	0.0000	0.0000	0.0000	nan
3461	-76.625	30.458	0.0000	0.0000	0.0000	0.0000	nan
3462	-76.542	30.458	0.0000	0.0000	0.0000	0.0000	nan
3463	-76.458	30.458	0.0000	0.0000	0.0000	0.0000	nan
3464	-76.375	30.458	0.0000	0.0000	0.0000	0.0000	nan
3465	-76.292	30.458	0.0000	0.0000	0.0000	0.0000	nan
3466	-76.208	30.458	0.0000	0.0000	0.0000	0.0000	nan
3467	-76.125	30.458	0.0000	0.0000	0.0000	0.0000	nan
3468	-76.042	30.458	0.0000	0.0000	0.0000	0.0000	nan
3469	-75.958	30.458	0.0000	0.0000	0.0000	0.0000	nan
3470	-75.875	30.458	0.0000	0.0000	0.0000	0.0000	nan
3471	-75.792	30.458	0.0000	0.0000	0.0000	0.0000	nan
3472	-75.708	30.458	0.0000	0.0000	0.0000	0.0000	nan
3473	-75.625	30.458	0.0000	0.0000	0.0000	0.0000	nan
3474	-75.542	30.458	0.0000	0.0000	0.0000	0.0000	nan
3475	-75.458	30.458	0.0000	0.0000	0.0000	0.0000	nan
3476	-75.375	30.458	0.0000	0.0000	0.0000	0.0000	nan
3477	-75.292	30.458	0.0000	0.0000	0.0000	0.0000	nan
3478	-75.208	30.458	0.0000	0.0000	0.0000	0.0000	nan
3479	-75.125	30.458	0.0000	0.0000	0.0000	0.0000	nan
3480	-75.042	30.458	0.0000	0.0000	0.0000	0.0000	nan
3481	-74.958	30.458	0.0000	0.0000	0.0000	0.0000	nan
3482	-74.875	30.458	0.0000	0.0000	0.0000	0.0000	nan
3483	-74.792	30.458	0.0000	0.0000	0.0000	0.0000	nan
3484	-74.708	30.458	0.0000	0.0000	0.0000	0.0000	nan
3485	-74.625	30.458	0.0000	0.0000	0.0000	0.0000	nan
3486	-74.542	30.458	0.0000	0.0000	0.0000	0.0000	nan
3487	-74.458	30.458	0.0000	0.0000	0.0000	0.0000	nan
3488	-74.375	30.458	0.0000	0.0000	0.0000	0.0000	nan
3489	-74.292	30.458	0.0000	0.0000	0.0000	0.0000	nan
3490	-74.208	30.458	0.0000	0.0000	0.0000	0.0000	nan
3491	-74.125	30.458	0.0000	0.0000	0.0000	0.0000	nan
3492	-74.042	30.458	0.0000	0.0000	0.0000	0.0000	nan
3493	-73.958	30.458	0.0000	0.0000	0.0000	0.0000	nan
3494	-73.875	30.458	0.0000	0.0000	0.0000	0.0000	nan
3495	-73.792	30.458	0.0000	0.0000	0.0000	0.0000	nan
3496	-73.708	30.458	0.0000	0.0000	0.0000	0.0000	nan
3497	-73.625	30.458	0.0000	0.0000	0.0000	0.0000	nan
3498	-73.542	30.458	0.0000	0.0000	0.0000	0.0000	nan
3499	-73.458	30.458	0.0000	0.0000	0.0000	0.0000	nan
3500	-73.375	30.458	0.0000	0.0000	0.0000	0.0000	nan
3501	-73.292	30.458	0.0000	0.0000	0.0000	0.0000	nan
3502	-73.208	30.458	0.0000	0.0000	0.0000	0.0000	nan
3503	-73.125	30.458	0.0000	0.0000	0.0000	0.0000	nan
3504	-73.042	30.458	0.0000	0.0000	0.0000	0.0000	nan
3505	-72.958	30.458	0.0000	0.0000	0.0000	0.0000	nan
3506	-72.875	30.458	0.0000	0.0000	0.0000	0.0000	nan
3507	-72.792	30.458	0.0000	0.0000	0.0000	0.0000	nan
3508	-72.708	30.458	0.0000	0.0000	0.0000	0.0000	nan
3509	-72.625	30.458	0.0000	0.0000	0.0000	0.0000	nan
3510	-72.542	30.458	0.0000	0.0000	0.0000	0.0000	nan
3511	-72.458	30.458	0.0000	0.0000	0.0000	0.0000	nan
3512	-72.375	30.458	0.0000	0.0000	0.0000	0.0000	nan
3513	-72.292	30.458	0.0000	0.0000	0.0000	0.0000	nan
3514	-72.208	30.458	0.0000	0.0000	0.0000	0.0000	nan
3515	-72.125	30.458	0.0000	0.0000	0.0000	0.0000	nan
3516	-72.042	30.458	0.0000	0.0000	0.0000	0.0000	nan
3517	-71.958	30.458	0.0000	0.0000	0.0000	0.0000	nan
3518	-71.875	30.458	0.0000	0.0000	0.0000	0.0000	nan
3519	-71.792	30.458	0.0000	0.0000	0.0000	0.0000	nan
3520	-71.708	30.458	0.0000	0.0000	0.0000	0.0000	nan
3521	-71.625	30.458	0.0000	0.0000	0.0000	0.0000	nan
3522	-71.542	30.458	0.0000	0.0000	0.0000	0.0000	nan
3523	-71.458	30.458	0.0000	0.0000	0.0000	0.0000	nan
3524	-71.375	30.458	0.0000	0.0000	0.0000	0.0000	nan
3525	-71.292	30.458	0.0000	0.0000	0.0000	0.0000	nan
3526	-71.208	30.458	0.0000	0.0000	0.0000	0.0000	nan
3527	-71.125	30.458	0.0000	0.0000	0.0000	0.0000	nan
3528	-71.042	30.458	0.0000	0.0000	0.0000	0.0000	nan
3529	-77.958	30.542	0.0000	0.0000	0.0000	0.0000	nan
3530	-77.875	30.542	0.0000	0.0000	0.0000	0.0000	nan
3531	-77.792	30.542	0.0000	0.0000	0.0000	0.0000	nan
3532	-77.708	30.542	0.0000	0.0000	0.0000	0.0000	nan
3533	-77.625	30.542	0.0000	0.0000	0.0000	0.0000	nan
3534	-77.542	30.542	0.0000	0.0000	0.0000	0.0000	nan
3535	-77.458	30.542	0.0000	0.0000	0.0000	0.0000	nan
3536	-77.375	30.542	0.0000	0.0000	0.0000	0.0000	nan
3537	-77.292	30.542	0.0000	0.0000	0.0000	0.0000	nan
3538	-77.208	30.542	0.0000	0.0000	0.0000	0.0000	nan
3539	-77.125	30.542	0.0000	0.0000	0.0000	0.0000	nan
3540	-77.042	30.542	0.0000	0.0000	0.0000	0.0000	nan
3541	-76.958	30.542	0.0000	0.0000	0.0000	0.0000	nan
3542	-76.875	30.542	0.0000	0.0000	0.0000	0.0000	nan
3543	-76.792	30.542	0.0000	0.0000	0.0000	0.0000	nan
3544	-76.708	30.542	0.0000	0.0000	0.0000	0.0000	nan
3545	-76.625	30.542	0.0000	0.0000	0.0000	0.0000	nan
3546	-76.542	30.542	0.0000	0.0000	0.0000	0.0000	nan
3547	-76.458	30.542	0.0000	0.0000	0.0000	0.0000	nan
3548	-76.375	30.542	0.0000	0.0000	0.0000	0.0000	nan
3549	-76.292	30.542	0.0000	0.0000	0.0000	0.0000	nan
3550	-76.208	30.542	0.0000	0.0000	0.0000	0.0000	nan
3551	-76.125	30.542	0.0000	0.0000	0.0000	0.0000	nan
3552	-76.042	30.542	0.0000	0.0000	0.0000	0.0000	nan
3553	-75.958	30.542	0.0000	0.0000	0.0000	0.0000	nan
3554	-75.875	30.542	0.0000	0.0000	0.0000	0.0000	nan
3555	-75.792	30.542	0.0000	0.0000	0.0000	0.0000	nan
3556	-75.708	30.542	0.0000	0.0000	0.0000	0.0000	nan
3557	-75.625	30.542	0.0000	0.0000	0.0000	0.0000	nan
3558	-75.542	30.542	0.0000	0.0000	0.0000	0.0000	nan
3559	-75.458	30.542	0.0000	0.0000	0.0000	0.0000	nan
3560	-75.375	30.542	0.0000	0.0000	0.0000	0.0000	nan
3561	-75.292	30.542	0.0000	0.0000	0.0000	0.0000	nan
3562	-75.208	30.542	0.0000	0.0000	0.0000	0.0000	nan
3563	-75.125	30.542	0.0000	0.0000	0.0000	0.0000	nan
3564	-75.042	30.542	0.0000	0.0000	0.0000	0.0000	nan
3565	-74.958	30.542	0.0000	0.0000	0.0000	0.0000	nan
3566	-74.875	30.542	0.0000	0.0000	0.0000	0.0000	nan
3567	-74.792	30.542	0.0000	0.0000	0.0000	0.0000	nan
3568	-74.708	30.542	0.0000	0.0000	0.0000	0.0000	nan
3569	-74.625	30.542	0.0000	0.0000	0.0000	0.0000	nan
3570	-74.542	30.542	0.0000	0.0000	0.0000	0.0000	nan
3571	-74.458	30.542	0.0000	0.0000	0.0000	0.0000	nan
3572	-74.375	30.542	0.0000	0.0000	0.0000	0.0000	nan
3573	-74.292	30.542	0.0000	0.0000	0.0000	0.0000	nan
3574	-74.208	30.542	0.0000	0.0000	0.0000	0.0000	nan
3575	-74.125	30.542	0.0000	0.0000	0.0000	0.0000	nan
3576	-74.042	30.542	0.0000	0.0000	0.0000	0.0000	nan
3577	-73.958	30.542	0.0000	0.0000	0.0000	0.0000	nan
3578	-73.875	30.542	0.0000	0.0000	0.0000	0.0000	nan
3579	-73.792	30.542	0.0000	0.0000	0.0000	0.0000	nan
3580	-73.708	30.542	0.0000	0.0000	0.0000	0.0000	nan
3581	-73.625	30.542	0.0000	0.0000	0.0000	0.0000	nan
3582	-73.542	30.542	0.0000	0.0000	0.0000	0.0000	nan
3583	-73.458	30.542	0.0000	0.0000	0.0000	0.0000	nan
3584	-73.375	30.542	0.0000	0.0000	0.0000	0.0000	nan
3585	-73.292	30.542	0.0000	0.0000	0.0000	0.0000	nan
3586	-73.208	30.542	0.0000	0.0000	0.0000	0.0000	nan
3587	-73.125	30.542	0.0000	0.0000	0.0000	0.0000	nan
3588	-73.042	30.542	0.0000	0.0000	0.0000	0.0000	nan
3589	-72.958	30.542	0.0000	0.0000	0.0000	0.0000	nan
3590	-72.875	30.542	0.0000	0.0000	0.0000	0.0000	nan
3591	-72.792	30.542	0.0000	0.0000	0.0000	0.0000	nan
3592	-72.708	30.542	0.0000	0.0000	0.0000	0.0000	nan
3593	-72.625	30.542	0.0000	0.0000	0.0000	0.0000	nan
3594	-72.542	30.542	0.0000	0.0000	0.0000	0.0000	nan
3595	-72.458	30.542	0.0000	0.0000	0.0000	0.0000	nan
3596	-72.375	30.542	0.0000	0.0000	0.0000	0.0000	nan
3597	-72.292	30.542	0.0000	0.0000	0.0000	0.0000	nan
3598	-72.208	30.542	0.0000	0.0000	0.0000	0.0000	nan
3599	-72.125	30.542	0.0000	0.0000	0.0000	0.0000	nan
3600	-72.042	30.542	0.0000	0.0000	0.0000	0.0000	nan
3601	-71.958	30.542	0.0000	0.0000	0.0000	0.0000	nan
3602	-71.875	30.542	0.0000	0.0000	0.0000	0.0000	nan
3603	-71.792	30.542	0.0000	0.0000	0.0000	0.0000	nan
3604	-71.708	30.542	0.0000	0.0000	0.0000	0.0000	nan
3605	-71.625	30.542	0.0000	0.0000	0.0000	0.0000	nan
3606	-71.542	30.542	0.0000	0.0000	0.0000	0.0000	nan
3607	-71.458	30.542	0.0000	0.0000	0.0000	0.0000	nan
3608	-71.375	30.542	0.0000	0.0000	0.0000	0.0000	nan
3609	-71.292	30.542	0.0000	0.0000	0.0000	0.0000	nan
3610	-71.208	30.542	0.0000	0.0000	0.0000	0.0000	nan
3611	-71.125	30.542	0.0000	0.0000	0.0000	0.0000	nan
3612	-71.042	30.542	0.0000	0.0000	0.0000	0.0000	nan
3613	-77.958	30.625	0.0000	0.0000	0.0000	0.0000	nan
3614	-77.875	30.625	0.0000	0.0000	0.0000	0.0000	nan
3615	-77.792	30.625	0.0000	0.0000	0.0000	0.0000	nan
3616	-77.708	30.625	0.0000	0.0000	0.0000	0.0000	nan
3617	-77.625	30.625	0.0000	0.0000	0.0000	0.0000	nan
3618	-77.542	30.625	0.0000	0.0000	0.0000	0.0000	nan
3619	-77.458	30.625	0.0000	0.0000	0.0000	0.0000	nan
3620	-77.375	30.625	0.0000	0.0000	0.0000	0.0000	nan
3621	-77.292	30.625	0.0000	0.0000	0.0000	0.0000	nan
3622	-77.208	30.625	0.0000	0.0000	0.0000	0.0000	nan
3623	-77.125	30.625	0.0000	0.0000	0.0000	0.0000	nan
3624	-77.042	30.625	0.0000	0.0000	0.0000	0.0000	nan
3625	-76.958	30.625	0.0000	0.0000	0.0000	0.0000	nan
3626	-76.875	30.625	0.0000	0.0000	0.0000	0.0000	nan
3627	-76.792	30.625	0.0000	0.0000	0.0000	0.0000	nan
3628	-76.708	30.625	0.0000	0.0000	0.0000	0.0000	nan
3629	-76.625	30.625	0.0000	0.0000	0.0000	0.0000	nan
3630	-76.542	30.625	0.0000	0.0000	0.0000	0.0000	nan
3631	-76.458	30.625	0.0000	0.0000	0.0000	0.0000	nan
3632	-76.375	30.625	0.0000	0.0000	0.0000	0.0000	nan
3633	-76.292	30.625	0.0000	0.0000	0.0000	0.0000	nan
3634	-76.208	30.625	0.0000	0.0000	0.0000	0.0000	nan
3635	-76.125	30.625	0.0000	0.0000	0.0000	0.0000	nan
3636	-76.042	30.625	0.0000	0.0000	0.0000	0.0000	nan
3637	-75.958	30.625	0.0000	0.0000	0.0000	0.0000	nan
3638	-75.875	30.625	0.0000	0.0000	0.0000	0.0000	nan
3639	-75.792	30.625	0.0000	0.0000	0.0000	0.0000	nan
3640	-75.708	30.625	0.0000	0.0000	0.0000	0.0000	nan
3641	-75.625	30.625	0.0000	0.0000	0.0000	0.0000	nan
3642	-75.542	30.625	0.0000	0.0000	0.0000	0.0000	nan
3643	-75.458	30.625	0.0000	0.0000	0.0000	0.0000	nan
3644	-75.375	30.625	0.0000	0.0000	0.0000	0.0000	nan
3645	-75.292	30.625	0.0000	0.0000	0.0000	0.0000	nan
3646	-75.208	30.625	0.0000	0.0000	0.0000	0.0000	nan
3647	-75.125	30.625	0.0000	0.0000	0.0000	0.0000	nan
3648	-75.042	30.625	0.0000	0.0000	0.0000	0.0000	nan
3649	-74.958	30.625	0.0000	0.0000	0.0000	0.0000	nan
3650	-74.875	30.625	0.0000	0.0000	0.0000	0.0000	nan
3651	-74.792	30.625	0.0000	0.0000	0.0000	0.0000	nan
3652	-74.708	30.625	0.0000	0.0000	0.0000	0.0000	nan
3653	-74.625	30.625	0.0000	0.0000	0.0000	0.0000	nan
3654	-74.542	30.625	0.0000	0.0000	0.0000	0.0000	nan
3655	-74.458	30.625	0.0000	0.0000	0.0000	0.0000	nan
3656	-74.375	30.625	0.0000	0.0000	0.0000	0.0000	nan
3657	-74.292	30.625	0.0000	0.0000	0.0000	0.0000	nan
3658	-74.208	30.625	0.0000	0.0000	0.0000	0.0000	nan
3659	-74.125	30.625	0.0000	0.0000	0.0000	0.0000	nan
3660	-74.042	30.625	0.0000	0.0000	0.0000	0.0000	nan
3661	-73.958	30.625	0.0000	0.0000	0.0000	0.0000	nan
3662	-73.875	30.625	0.0000	0.0000	0.0000	0.0000	nan
3663	-73.792	30.625	0.0000	0.0000	0.0000	0.0000	nan
3664	-73.708	30.625	0.0000	0.0000	0.0000	0.0000	nan
3665	-73.625	30.625	0.0000	0.0000	0.0000	0.0000	nan
3666	-73.542	30.625	0.0000	0.0000	0.0000	0.0000	nan
3667	-73.458	30.625	0.0000	0.0000	0.0000	0.0000	nan
3668	-73.375	30.625	0.0000	0.0000	0.0000	0.0000	nan
3669	-73.292	30.625	0.0000	0.0000	0.0000	0.0000	nan
3670	-73.208	30.625	0.0000	0.0000	0.0000	0.0000	nan
3671	-73.125	30.625	0.0000	0.0000	0.0000	0.0000	nan
3672	-73.042	30.625	0.0000	0.0000	0.0000	0.0000	nan
3673	-72.958	30.625	0.0000	0.0000	0.0000	0.0000	nan
3674	-72.875	30.625	0.0000	0.0000	0.0000	0.0000	nan
3675	-72.792	30.625	0.0000	0.0000	0.0000	0.0000	nan
3676	-72.708	30.625	0.0000	0.0000	0.0000	0.0000	nan
3677	-72.625	30.625	0.0000	0.0000	0.0000	0.0000	nan
3678	-72.542	30.625	0.0000	0.0000	0.0000	0.0000	nan
3679	-72.458	30.625	0.0000	0.0000	0.0000	0.0000	nan
3680	-72.375	30.625	0.0000	0.0000	0.0000	0.0000	nan
3681	-72.292	30.625	0.0000	0.0000	0.0000	0.0000	nan
3682	-72.208	30.625	0.0000	0.0000	0.0000	0.0000	nan
3683	-72.125	30.625	0.0000	0.0000	0.0000	0.0000	nan
3684	-72.042	30.625	0.0000	0.0000	0.0000	0.0000	nan
3685	-71.958	30.625	0.0000	0.0000	0.0000	0.0000	nan
3686	-71.875	30.625	0.0000	0.0000	0.0000	0.0000	nan
3687	-71.792	30.625	0.0000	0.0000	0.0000	0.0000	nan
3688	-71.708	30.625	0.0000	0.0000	0.0000	0.0000	nan
3689	-71.625	30.625	0.0000	0.0000	0.0000	0.0000	nan
3690	-71.542	30.625	0.0000	0.0000	0.0000	0.0000	nan
3691	-71.458	30.625	0.0000	0.0000	0.0000	0.0000	nan
3692	-71.375	30.625	0.0000	0.0000	0.0000	0.0000	nan
3693	-71.292	30.625	0.0000	0.0000	0.0000	0.0000	nan
3694	-71.208	30.625	0.0000	0.0000	0.0000	0.0000	nan
3695	-71.125	30.625	0.0000	0.0000	0.0000	0.0000	nan
3696	-71.042	30.625	0.0000	0.0000	0.0000	0.0000	nan
3697	-77.958	30.708	0.0000	0.0000	0.0000	0.0000	nan
3698	-77.875	30.708	0.0000	0.0000	0.0000	0.0000	nan
3699	-77.792	30.708	0.0000	0.0000	0.0000	0.0000	nan
3700	-77.708	30.708	0.0000	0.0000	0.0000	0.0000	nan
3701	-77.625	30.708	0.0000	0.0000	0.0000	0.0000	nan
3702	-77.542	30.708	0.0000	0.0000	0.0000	0.0000	nan
3703	-77.458	30.708	0.0000	0.0000	0.0000	0.0000	nan
3704	-77.375	30.708	0.0000	0.0000	0.0000	0.0000	nan
3705	-77.292	30.708	0.0000	0.0000	0.0000	0.0000	nan
3706	-77.208	30.708	0.0000	0.0000	0.0000	0.0000	nan
3707	-77.125	30.708	0.0000	0.0000	0.0000	0.0000	nan
3708	-77.042	30.708	0.0000	0.0000	0.0000	0.0000	nan
3709	-76.958	30.708	0.0000	0.0000	0.0000	0.0000	nan
3710	-76.875	30.708	0.0000	0.0000	0.0000	0.0000	nan
3711	-76.792	30.708	0.0000	0.0000	0.0000	0.0000	nan
3712	-76.708	30.708	0.0000	0.0000	0.0000	0.0000	nan
3713	-76.625	30.708	0.0000	0.0000	0.0000	0.0000	nan
3714	-76.542	30.708	0.0000	0.0000	0.0000	0.0000	nan
3715	-76.458	30.708	0.0000	0.0000	0.0000	0.0000	nan
3716	-76.375	30.708	0.0000	0.0000	0.0000	0.0000	nan
3717	-76.292	30.708	0.0000	0.0000	0.0000	0.0000	nan
3718	-76.208	30.708	0.0000	0.0000	0.0000	0.0000	nan
3719	-76.125	30.708	0.0000	0.0000	0.0000	0.0000	nan
3720	-76.042	30.708	0.0000	0.0000	0.0000	0.0000	nan
3721	-75.958	30.708	0.0000	0.0000	0.0000	0.0000	nan
3722	-75.875	30.708	0.0000	0.0000	0.0000	0.0000	nan
3723	-75.792	30.708	0.0000	0.0000	0.0000	0.0000	nan
3724	-75.708	30.708	0.0000	0.0000	0.0000	0.0000	nan
3725	-75.625	30.708	0.0000	0.0000	0.0000	0.0000	nan
3726	-75.542	30.708	0.0000	0.0000	0.0000	0.0000	nan
3727	-75.458	30.708	0.0000	0.0000	0.0000	0.0000	nan
3728	-75.375	30.708	0.0000	0.0000	0.0000	0.0000	nan
3729	-75.292	30.708	0.0000	0.0000	0.0000	0.0000	nan
3730	-75.208	30.708	0.0000	0.0000	0.0000	0.0000	nan
3731	-75.125	30.708	0.0000	0.0000	0.0000	0.0000	nan
3732	-75.042	30.708	0.0000	0.0000	0.0000	0.0000	nan
3733	-74.958	30.708	0.0000	0.0000	0.0000	0.0000	nan
3734	-74.875	30.708	0.0000	0.0000	0.0000	0.0000	nan
3735	-74.792	30.708	0.0000	0.0000	0.0000	0.0000	nan
3736	-74.708	30.708	0.0000	0.0000	0.0000	0.0000	nan
3737	-74.625	30.708	0.0000	0.0000	0.0000	0.0000	nan
3738	-74.542	30.708	0.0000	0.0000	0.0000	0.0000	nan
3739	-74.458	30.708	0.0000	0.0000	0.0000	0.0000	nan
3740	-74.375	30.708	0.0000	0.0000	0.0000	0.0000	nan
3741	-74.292	30.708	0.0000	0.0000	0.0000	0.0000	nan
3742	-74.208	30.708	0.0000	0.0000	0.0000	0.0000	nan
3743	-74.125	30.708	0.0000	0.0000	0.0000	0.0000	nan
3744	-74.042	30.708	0.0000	0.0000	0.0000	0.0000	nan
3745	-73.958	30.708	0.0000	0.0000	0.0000	0.0000	nan
3746	-73.875	30.708	0.0000	0.0000	0.0000	0.0000	nan
3747	-73.792	30.708	0.0000	0.0000	0.0000	0.0000	nan
3748	-73.708	30.708	0.0000	0.0000	0.0000	0.0000	nan
3749	-73.625	30.708	0.0000	0.0000	0.0000	0.0000	nan
3750	-73.542	30.708	0.0000	0.0000	0.0000	0.0000	nan
3751	-73.458	30.708	0.0000	0.0000	0.0000	0.0000	nan
3752	-73.375	30.708	0.0000	0.0000	0.0000	0.0000	nan
3753	-73.292	30.708	0.0000	0.0000	0.0000	0.0000	nan
3754	-73.208	30.708	0.0000	0.0000	0.0000	0.0000	nan
3755	-73.125	30.708	0.0000	0.0000	0.0000	0.0000	nan
3756	-73.042	30.708	0.0000	0.0000	0.0000	0.0000	nan
3757	-72.958	30.708	0.0000	0.0000	0.0000	0.0000	nan
3758	-72.875	30.708	0.0000	0.0000	0.0000	0.0000	nan
3759	-72.792	30.708	0.0000	0.0000	0.0000	0.0000	nan
3760	-72.708	30.708	0.0000	0.0000	0.0000	0.0000	nan
3761	-72.625	30.708	0.0000	0.0000	0.0000	0.0000	nan
3762	-72.542	30.708	0.0000	0.0000	0.0000	0.0000	nan
3763	-72.458	30.708	0.0000	0.0000	0.0000	0.0000	nan
3764	-72.375	30.708	0.0000	0.0000	0.0000	0.0000	nan
3765	-72.292	30.708	0.0000	0.0000	0.0000	0.0000	nan
3766	-72.208	30.708	0.0000	0.0000	0.0000	0.0000	nan
3767	-72.125	30.708	0.0000	0.0000	0.0000	0.0000	nan
3768	-72.042	30.708	0.0000	0.0000	0.0000	0.0000	nan
3769	-71.958	30.708	0.0000	0.0000	0.0000	0.0000	nan
3770	-71.875	30.708	0.0000	0.0000	0.0000	0.0000	nan
3771	-71.792	30.708	0.0000	0.0000	0.0000	0.0000	nan
3772	-71.708	30.708	0.0000	0.0000	0.0000	0.0000	nan
3773	-71.625	30.708	0.0000	0.0000	0.0000	0.0000	nan
3774	-71.542	30.708	0.0000	0.0000	0.0000	0.0000	nan
3775	-71.458	30.708	0.0000	0.0000	0.0000	0.0000	nan
3776	-71.375	30.708	0.0000	0.0000	0.0000	0.0000	nan
3777	-71.292	30.708	0.0000	0.0000	0.0000	0.0000	nan
3778	-71.208	30.708	0.0000	0.0000	0.0000	0.0000	nan
3779	-71.125	30.708	0.0000	0.0000	0.0000	0.0000	nan
3780	-71.042	30.708	0.0000	0.0000	0.0000	0.0000	nan
3781	-77.958	30.792	0.0000	0.0000	0.0000	0.0000	nan
3782	-77.875	30.792	0.0000	0.0000	0.0000	0.0000	nan
3783	-77.792	30.792	0.0000	0.0000	0.0000	0.0000	nan
3784	-77.708	30.792	0.0000	0.0000	0.0000	0.0000	nan
3785	-77.625	30.792	0.0000	0.0000	0.0000	0.0000	nan
3786	-77.542	30.792	0.0000	0.0000	0.0000	0.0000	nan
3787	-77.458	30.792	0.0000	0.0000	0.0000	0.0000	nan
3788	-77.375	30.792	0.0000	0.0000	0.0000	0.0000	nan
3789	-77.292	30.792	0.0000	0.0000	0.0000	0.0000	nan
3790	-77.208	30.792	0.0000	0.0000	0.0000	0.0000	nan
3791	-77.125	30.792	0.0000	0.0000	0.0000	0.0000	nan
3792	-77.042	30.792	0.0000	0.0000	0.0000	0.0000	nan
3793	-76.958	30.792	0.0000	0.0000	0.0000	0.0000	nan
3794	-76.875	30.792	0.0000	0.0000	0.0000	0.0000	nan
3795	-76.792	30.792	0.0000	0.0000	0.0000	0.0000	nan
3796	-76.708	30.792	0.0000	0.0000	0.0000	0.0000	nan
3797	-76.625	30.792	0.0000	0.0000	0.0000	0.0000	nan
3798	-76.542	30.792	0.0000	0.0000	0.0000	0.0000	nan
3799	-76.458	30.792	0.0000	0.0000	0.0000	0.0000	nan
3800	-76.375	30.792	0.0000	0.0000	0.0000	0.0000	nan
3801	-76.292	30.792	0.0000	0.0000	0.0000	0.0000	nan
3802	-76.208	30.792	0.0000	0.0000	0.0000	0.0000	nan
3803	-76.125	30.792	0.0000	0.0000	0.0000	0.0000	nan
3804	-76.042	30.792	0.0000	0.0000	0.0000	0.0000	nan
3805	-75.958	30.792	0.0000	0.0000	0.0000	0.0000	nan
3806	-75.875	30.792	0.0000	0.0000	0.0000	0.0000	nan
3807	-75.792	30.792	0.0000	0.0000	0.0000	0.0000	nan
3808	-75.708	30.792	0.0000	0.0000	0.0000	0.0000	nan
3809	-75.625	30.792	0.0000	0.0000	0.0000	0.0000	nan
3810	-75.542	30.792	0.0000	0.0000	0.0000	0.0000	nan
3811	-75.458	30.792	0.0000	0.0000	0.0000	0.0000	nan
3812	-75.375	30.792	0.0000	0.0000	0.0000	0.0000	nan
3813	-75.292	30.792	0.0000	0.0000	0.0000	0.0000	nan
3814	-75.208	30.792	0.0000	0.0000	0.0000	0.0000	nan
3815	-75.125	30.792	0.0000	0.0000	0.0000	0.0000	nan
3816	-75.042	30.792	0.0000	0.0000	0.0000	0.0000	nan
3817	-74.958	30.792	0.0000	0.0000	0.0000	0.0000	nan
3818	-74.875	30.792	0.0000	0.0000	0.0000	0.0000	nan
3819	-74.792	30.792	0.0000	0.0000	0.0000	0.0000	nan
3820	-74.708	30.792	0.0000	0.0000	0.0000	0.0000	nan
3821	-74.625	30.792	0.0000	0.0000	0.0000	0.0000	nan
3822	-74.542	30.792	0.0000	0.0000	0.0000	0.0000	nan
3823	-74.458	30.792	0.0000	0.0000	0.0000	0.0000	nan
3824	-74.375	30.792	0.0000	0.0000	0.0000	0.0000	nan
3825	-74.292	30.792	0.0000	0.0000	0.0000	0.0000	nan
3826	-74.208	30.792	0.0000	0.0000	0.0000	0.0000	nan
3827	-74.125	30.792	0.0000	0.0000	0.0000	0.0000	nan
3828	-74.042	30.792	0.0000	0.0000	0.0000	0.0000	nan
3829	-73.958	30.792	0.0000	0.0000	0.0000	0.0000	nan
3830	-73.875	30.792	0.0000	0.0000	0.0000	0.0000	nan
3831	-73.792	30.792	0.0000	0.0000	0.0000	0.0000	nan
3832	-73.708	30.792	0.0000	0.0000	0.0000	0.0000	nan
3833	-73.625	30.792	0.0000	0.0000	0.0000	0.0000	nan
3834	-73.542	30.792	0.0000	0.0000	0.0000	0.0000	nan
3835	-73.458	30.792	0.0000	0.0000	0.0000	0.0000	nan
3836	-73.375	30.792	0.0000	0.0000	0.0000	0.0000	nan
3837	-73.292	30.792	0.0000	0.0000	0.0000	0.0000	nan
3838	-73.208	30.792	0.0000	0.0000	0.0000	0.0000	nan
3839	-73.125	30.792	0.0000	0.0000	0.0000	0.0000	nan
3840	-73.042	30.792	0.0000	0.0000	0.0000	0.0000	nan
3841	-72.958	30.792	0.0000	0.0000	0.0000	0.0000	nan
3842	-72.875	30.792	0.0000	0.0000	0.0000	0.0000	nan
3843	-72.792	30.792	0.0000	0.0000	0.0000	0.0000	nan
3844	-72.708	30.792	0.0000	0.0000	0.0000	0.0000	nan
3845	-72.625	30.792	0.0000	0.0000	0.0000	0.0000	nan
3846	-72.542	30.792	0.0000	0.0000	0.0000	0.0000	nan
3847	-72.458	30.792	0.0000	0.0000	0.0000	0.0000	nan
3848	-72.375	30.792	0.0000	0.0000	0.0000	0.0000	nan
3849	-72.292	30.792	0.0000	0.0000	0.0000	0.0000	nan
3850	-72.208	30.792	0.0000	0.0000	0.0000	0.0000	nan
3851	-72.125	30.792	0.0000	0.0000	0.0000	0.0000	nan
3852	-72.042	30.792	0.0000	0.0000	0.0000	0.0000	nan
3853	-71.958	30.792	0.0000	0.0000	0.0000	0.0000	nan
3854	-71.875	30.792	0.0000	0.0000	0.0000	0.0000	nan
3855	-71.792	30.792	0.0000	0.0000	0.0000	0.0000	nan
3856	-71.708	30.792	0.0000	0.0000	0.0000	0.0000	nan
3857	-71.625	30.792	0.0000	0.0000	0.0000	0.0000	nan
3858	-71.542	30.792	0.0000	0.0000	0.0000	0.0000	nan
3859	-71.458	30.792	0.0000	0.0000	0.0000	0.0000	nan
3860	-71.375	30.792	0.0000	0.0000	0.0000	0.0000	nan
3861	-71.292	30.792	0.0000	0.0000	0.0000	0.0000	nan
3862	-71.208	30.792	0.0000	0.0000	0.0000	0.0000	nan
3863	-71.125	30.792	0.0000	0.0000	0.0000	0.0000	nan
3864	-71.042	30.792	0.0000	0.0000	0.0000	0.0000	nan
3865	-77.958	30.875	0.0000	0.0000	0.0000	0.0000	nan
3866	-77.875	30.875	0.0000	0.0000	0.0000	0.0000	nan
3867	-77.792	30.875	0.0000	0.0000	0.0000	0.0000	nan
3868	-77.708	30.875	0.0000	0.0000	0.0000	0.0000	nan
3869	-77.625	30.875	0.0000	0.0000	0.0000	0.0000	nan
3870	-77.542	30.875	0.0000	0.0000	0.0000	0.0000	nan
3871	-77.458	30.875	0.0000	0.0000	0.0000	0.0000	nan
3872	-77.375	30.875	0.0000	0.0000	0.0000	0.0000	nan
3873	-77.292	30.875	0.0000	0.0000	0.0000	0.0000	nan
3874	-77.208	30.875	0.0000	0.0000	0.0000	0.0000	nan
3875	-77.125	30.875	0.0000	0.0000	0.0000	0.0000	nan
3876	-77.042	30.875	0.0000	0.0000	0.0000	0.0000	nan
3877	-76.958	30.875	0.0000	0.0000	0.0000	0.0000	nan
3878	-76.875	30.875	0.0000	0.0000	0.0000	0.0000	nan
3879	-76.792	30.875	0.0000	0.0000	0.0000	0.0000	nan
3880	-76.708	30.875	0.0000	0.0000	0.0000	0.0000	nan
3881	-76.625	30.875	0.0000	0.0000	0.0000	0.0000	nan
3882	-76.542	30.875	0.0000	0.0000	0.0000	0.0000	nan
3883	-76.458	30.875	0.0000	0.0000	0.0000	0.0000	nan
3884	-76.375	30.875	0.0000	0.0000	0.0000	0.0000	nan
3885	-76.292	30.875	0.0000	0.0000	0.0000	0.0000	nan
3886	-76.208	30.875	0.0000	0.0000	0.0000	0.0000	nan
3887	-76.125	30.875	0.0000	0.0000	0.0000	0.0000	nan
3888	-76.042	30.875	0.0000	0.0000	0.0000	0.0000	nan
3889	-75.958	30.875	0.0000	0.0000	0.0000	0.0000	nan
3890	-75.875	30.875	0.0000	0.0000	0.0000	0.0000	nan
3891	-75.792	30.875	0.0000	0.0000	0.0000	0.0000	nan
3892	-75.708	30.875	0.0000	0.0000	0.0000	0.0000	nan
3893	-75.625	30.875	0.0000	0.0000	0.0000	0.0000	nan
3894	-75.542	30.875	0.0000	0.0000	0.0000	0.0000	nan
3895	-75.458	30.875	0.0000	0.0000	0.0000	0.0000	nan
3896	-75.375	30.875	0.0000	0.0000	0.0000	0.0000	nan
3897	-75.292	30.875	0.0000	0.0000	0.0000	0.0000	nan
3898	-75.208	30.875	0.0000	0.0000	0.0000	0.0000	nan
3899	-75.125	30.875	0.0000	0.0000	0.0000	0.0000	nan
3900	-75.042	30.875	0.0000	0.0000	0.0000	0.0000	nan
3901	-74.958	30.875	0.0000	0.0000	0.0000	0.0000	nan
3902	-74.875	30.875	0.0000	0.0000	0.0000	0.0000	nan
3903	-74.792	30.875	0.0000	0.0000	0.0000	0.0000	nan
3904	-74.708	30.875	0.0000	0.0000	0.0000	0.0000	nan
3905	-74.625	30.875	0.0000	0.0000	0.0000	0.0000	nan
3906	-74.542	30.875	0.0000	0.0000	0.0000	0.0000	nan
3907	-74.458	30.875	0.0000	0.0000	0.0000	0.0000	nan
3908	-74.375	30.875	0.0000	0.0000	0.0000	0.0000	nan
3909	-74.292	30.875	0.0000	0.0000	0.0000	0.0000	nan
3910	-74.208	30.875	0.0000	0.0000	0.0000	0.0000	nan
3911	-74.125	30.875	0.0000	0.0000	0.0000	0.0000	nan
3912	-74.042	30.875	0.0000	0.0000	0.0000	0.0000	nan
3913	-73.958	30.875	0.0000	0.0000	0.0000	0.0000	nan
3914	-73.875	30.875	0.0000	0.0000	0.0000	0.0000	nan
3915	-73.792	30.875	0.0000	0.0000	0.0000	0.0000	nan
3916	-73.708	30.875	0.0000	0.0000	0.0000	0.0000	nan
3917	-73.625	30.875	0.0000	0.0000	0.0000	0.0000	nan
3918	-73.542	30.875	0.0000	0.0000	0.0000	0.0000	nan
3919	-73.458	30.875	0.0000	0.0000	0.0000	0.0000	nan
3920	-73.375	30.875	0.0000	0.0000	0.0000	0.0000	nan
3921	-73.292	30.875	0.0000	0.0000	0.0000	0.0000	nan
3922	-73.208	30.875	0.0000	0.0000	0.0000	0.0000	nan
3923	-73.125	30.875	0.0000	0.0000	0.0000	0.0000	nan
3924	-73.042	30.875	0.0000	0.0000	0.0000	0.0000	nan
3925	-72.958	30.875	0.0000	0.0000	0.0000	0.0000	nan
3926	-72.875	30.875	0.0000	0.0000	0.0000	0.0000	nan
3927	-72.792	30.875	0.0000	0.0000	0.0000	0.0000	nan
3928	-72.708	30.875	0.0000	0.0000	0.0000	0.0000	nan
3929	-72.625	30.875	0.0000	0.0000	0.0000	0.0000	nan
3930	-72.542	30.875	0.0000	0.0000	0.0000	0.0000	nan
3931	-72.458	30.875	0.0000	0.0000	0.0000	0.0000	nan
3932	-72.375	30.875	0.0000	0.0000	0.0000	0.0000	nan
3933	-72.292	30.875	0.0000	0.0000	0.0000	0.0000	nan
3934	-72.208	30.875	0.0000	0.0000	0.0000	0.0000	nan
3935	-72.125	30.875	0.0000	0.0000	0.0000	0.0000	nan
3936	-72.042	30.875	0.0000	0.0000	0.0000	0.0000	nan
3937	-71.958	30.875	0.0000	0.0000	0.0000	0.0000	nan
3938	-71.875	30.875	0.0000	0.0000	0.0000	0.0000	nan
3939	-71.792	30.875	0.0000	0.0000	0.0000	0.0000	nan
3940	-71.708	30.875	0.0000	0.0000	0.0000	0.0000	nan
3941	-71.625	30.875	0.0000	0.0000	0.0000	0.0000	nan
3942	-71.542	30.875	0.0000	0.0000	0.0000	0.0000	nan
3943	-71.458	30.875	0.0000	0.0000	0.0000	0.0000	nan
3944	-71.375	30.875	0.0000	0.0000	0.0000	0.0000	nan
3945	-71.292	30.875	0.0000	0.0000	0.0000	0.0000	nan
3946	-71.208	30.875	0.0000	0.0000	0.0000	0.0000	nan
3947	-71.125	30.875	0.0000	0.0000	0.0000	0.0000	nan
3948	-71.042	30.875	0.0000	0.0000	0.0000	0.0000	nan
3949	-77.958	30.958	0.0000	0.0000	0.0000	0.0000	nan
3950	-77.875	30.958	0.0000	0.0000	0.0000	0.0000	nan
3951	-77.792	30.958	0.0000	0.0000	0.0000	0.0000	nan
3952	-77.708	30.958	0.0000	0.0000	0.0000	0.0000	nan
3953	-77.625	30.958	0.0000	0.0000	0.0000	0.0000	nan
3954	-77.542	30.958	0.0000	0.0000	0.0000	0.0000	nan
3955	-77.458	30.958	0.0000	0.0000	0.0000	0.0000	nan
3956	-77.375	30.958	0.0000	0.0000	0.0000	0.0000	nan
3957	-77.292	30.958	0.0000	0.0000	0.0000	0.0000	nan
3958	-77.208	30.958	0.0000	0.0000	0.0000	0.0000	nan
3959	-77.125	30.958	0.0000	0.0000	0.0000	0.0000	nan
3960	-77.042	30.958	0.0000	0.0000	0.0000	0.0000	nan
3961	-76.958	30.958	0.0000	0.0000	0.0000	0.0000	nan
3962	-76.875	30.958	0.0000	0.0000	0.0000	0.0000	nan
3963	-76.792	30.958	0.0000	0.0000	0.0000	0.0000	nan
3964	-76.708	30.958	0.0000	0.0000	0.0000	0.0000	nan
3965	-76.625	30.958	0.0000	0.0000	0.0000	0.0000	nan
3966	-76.542	30.958	0.0000	0.0000	0.0000	0.0000	nan
3967	-76.458	30.958	0.0000	0.0000	0.0000	0.0000	nan
3968	-76.375	30.958	0.0000	0.0000	0.0000	0.0000	nan
3969	-76.292	30.958	0.0000	0.0000	0.0000	0.0000	nan
3970	-76.208	30.958	0.0000	0.0000	0.0000	0.0000	nan
3971	-76.125	30.958	0.0000	0.0000	0.0000	0.0000	nan
3972	-76.042	30.958	0.0000	0.0000	0.0000	0.0000	nan
3973	-75.958	30.958	0.0000	0.0000	0.0000	0.0000	nan
3974	-75.875	30.958	0.0000	0.0000	0.0000	0.0000	nan
3975	-75.792	30.958	0.0000	0.0000	0.0000	0.0000	1.0
3976	-75.708	30.958	0.0240	0.2757	0.1347	0.0435	nan
3977	-75.625	30.958	0.0000	0.0000	0.0000	0.0000	nan
3978	-75.542	30.958	0.0000	0.0000	0.0000	0.0000	nan
3979	-75.458	30.958	0.0000	0.0000	0.0000	0.0000	nan
3980	-75.375	30.958	0.0000	0.0000	0.0000	0.0000	nan
3981	-75.292	30.958	0.0000	0.0000	0.0000	0.0000	nan
3982	-75.208	30.958	0.0000	0.0000	0.0000	0.0000	nan
3983	-75.125	30.958	0.0000	0.0000	0.0000	0.0000	nan
3984	-75.042	30.958	0.0000	0.0000	0.0000	0.0000	nan
3985	-74.958	30.958	0.0000	0.0000	0.0000	0.0000	nan
3986	-74.875	30.958	0.0000	0.0000	0.0000	0.0000	nan
3987	-74.792	30.958	0.0000	0.0000	0.0000	0.0000	nan
3988	-74.708	30.958	0.0000	0.0000	0.0000	0.0000	nan
3989	-74.625	30.958	0.0000	0.0000	0.0000	0.0000	nan
3990	-74.542	30.958	0.0000	0.0000	0.0000	0.0000	nan
3991	-74.458	30.958	0.0000	0.0000	0.0000	0.0000	nan
3992	-74.375	30.958	0.0000	0.0000	0.0000	0.0000	nan
3993	-74.292	30.958	0.0000	0.0000	0.0000	0.0000	nan
3994	-74.208	30.958	0.0000	0.0000	0.0000	0.0000	nan
3995	-74.125	30.958	0.0000	0.0000	0.0000	0.0000	nan
3996	-74.042	30.958	0.0000	0.0000	0.0000	0.0000	nan
3997	-73.958	30.958	0.0000	0.0000	0.0000	0.0000	nan
3998	-73.875	30.958	0.0000	0.0000	0.0000	0.0000	nan
3999	-73.792	30.958	0.0000	0.0000	0.0000	0.0000	nan
4000	-73.708	30.958	0.0000	0.0000	0.0000	0.0000	nan
4001	-73.625	30.958	0.0000	0.0000	0.0000	0.0000	nan
4002	-73.542	30.958	0.0000	0.0000	0.0000	0.0000	nan
4003	-73.458	30.958	0.0000	0.0000	0.0000	0.0000	nan
4004	-73.375	30.958	0.0000	0.0000	0.0000	0.0000	nan
4005	-73.292	30.958	0.0000	0.0000	0.0000	0.0000	nan
4006	-73.208	30.958	0.0000	0.0000	0.0000	0.0000	nan
4007	-73.125	30.958	0.0000	0.0000	0.0000	0.0000	nan
4008	-73.042	30.958	0.0000	0.0000	0.0000	0.0000	nan
4009	-72.958	30.958	0.0000	0.0000	0.0000	0.0000	nan
4010	-72.875	30.958	0.0000	0.0000	0.0000	0.0000	nan
4011	-72.792	30.958	0.0000	0.0000	0.0000	0.0000	nan
4012	-72.708	30.958	0.0000	0.0000	0.0000	0.0000	nan
4013	-72.625	30.958	0.0000	0.0000	0.0000	0.0000	nan
4014	-72.542	30.958	0.0000	0.0000	0.0000	0.0000	nan
4015	-72.458	30.958	0.0000	0.0000	0.0000	0.0000	nan
4016	-72.375	30.958	0.0000	0.0000	0.0000	0.0000	nan
4017	-72.292	30.958	0.0000	0.0000	0.0000	0.0000	nan
4018	-72.208	30.958	0.0000	0.0000	0.0000	0.0000	nan
4019	-72.125	30.958	0.0000	0.0000	0.0000	0.0000	nan
4020	-72.042	30.958	0.0000	0.0000	0.0000	0.0000	nan
4021	-71.958	30.958	0.0000	0.0000	0.0000	0.0000	nan
4022	-71.875	30.958	0.0000	0.0000	0.0000	0.0000	nan
4023	-71.792	30.958	0.0000	0.0000	0.0000	0.0000	nan
4024	-71.708	30.958	0.0000	0.0000	0.0000	0.0000	nan
4025	-71.625	30.958	0.0000	0.0000	0.0000	0.0000	nan
4026	-71.542	30.958	0.0000	0.0000	0.0000	0.0000	nan
4027	-71.458	30.958	0.0000	0.0000	0.0000	0.0000	nan
4028	-71.375	30.958	0.0000	0.0000	0.0000	0.0000	nan
4029	-71.292	30.958	0.0000	0.0000	0.0000	0.0000	nan
4030	-71.208	30.958	0.0000	0.0000	0.0000	0.0000	nan
4031	-71.125	30.958	0.0000	0.0000	0.0000	0.0000	nan
4032	-71.042	30.958	0.0000	0.0000	0.0000	0.0000	nan
4033	-77.958	31.042	0.0000	0.0000	0.0000	0.0000	nan
4034	-77.875	31.042	0.0000	0.0000	0.0000	0.0000	nan
4035	-77.792	31.042	0.0000	0.0000	0.0000	0.0000	nan
4036	-77.708	31.042	0.0000	0.0000	0.0000	0.0000	nan
4037	-77.625	31.042	0.0000	0.0000	0.0000	0.0000	nan
4038	-77.542	31.042	0.0000	0.0000	0.0000	0.0000	nan
4039	-77.458	31.042	0.0000	0.0000	0.0000	0.0000	nan
4040	-77.375	31.042	0.0000	0.0000	0.0000	0.0000	nan
4041	-77.292	31.042	0.0000	0.0000	0.0000	0.0000	nan
4042	-77.208	31.042	0.0000	0.0000	0.0000	0.0000	nan
4043	-77.125	31.042	0.0000	0.0000	0.0000	0.0000	nan
4044	-77.042	31.042	0.0000	0.0000	0.0000	0.0000	nan
4045	-76.958	31.042	0.0000	0.0000	0.0000	0.0000	nan
4046	-76.875	31.042	0.0000	0.0000	0.0000	0.0000	nan
4047	-76.792	31.042	0.0000	0.0000	0.0000	0.0000	nan
4048	-76.708	31.042	0.0000	0.0000	0.0000	0.0000	nan
4049	-76.625	31.042	0.0000	0.0000	0.0000	0.0000	nan
4050	-76.542	31.042	0.0000	0.0000	0.0000	0.0000	nan
4051	-76.458	31.042	0.0000	0.0000	0.0000	0.0000	nan
4052	-76.375	31.042	0.0000	0.0000	0.0000	0.0000	nan
4053	-76.292	31.042	0.0000	0.0000	0.0000	0.0000	nan
4054	-76.208	31.042	0.0000	0.0000	0.0000	0.0000	0.0
4055	-76.125	31.042	0.2176	0.1801	0.0799	-0.0513	1.0
4056	-76.042	31.042	0.0240	0.2799	0.1347	0.0435	1.0
4057	-75.958	31.042	0.0240	0.2799	0.1347	0.0435	nan
4058	-75.875	31.042	0.0000	0.0000	0.0000	0.0000	nan
4059	-75.792	31.042	0.0000	0.0000	0.0000	0.0000	0.0
4060	-75.708	31.042	0.2620	0.2620	0.0934	-0.0054	1.0
4061	-75.625	31.042	0.0240	0.2758	0.1347	0.0435	nan
4062	-75.542	31.042	0.0000	0.0000	0.0000	0.0000	nan
4063	-75.458	31.042	0.0000	0.0000	0.0000	0.0000	nan
4064	-75.375	31.042	0.0000	0.0000	0.0000	0.0000	nan
4065	-75.292	31.042	0.0000	0.0000	0.0000	0.0000	nan
4066	-75.208	31.042	0.0000	0.0000	0.0000	0.0000	nan
4067	-75.125	31.042	0.0000	0.0000	0.0000	0.0000	nan
4068	-75.042	31.042	0.0000	0.0000	0.0000	0.0000	nan
4069	-74.958	31.042	0.0000	0.0000	0.0000	0.0000	nan
4070	-74.875	31.042	0.0000	0.0000	0.0000	0.0000	nan
4071	-74.792	31.042	0.0000	0.0000	0.0000	0.0000	nan
4072	-74.708	31.042	0.0000	0.0000	0.0000	0.0000	nan
4073	-74.625	31.042	0.0000	0.0000	0.0000	0.0000	nan
4074	-74.542	31.042	0.0000	0.0000	0.0000	0.0000	nan
4075	-74.458	31.042	0.0000	0.0000	0.0000	0.0000	nan
4076	-74.375	31.042	0.0000	0.0000	0.0000	0.0000	nan
4077	-74.292	31.042	0.0000	0.0000	0.0000	0.0000	nan
4078	-74.208	31.042	0.0000	0.0000	0.0000	0.0000	nan
4079	-74.125	31.042	0.0000	0.0000	0.0000	0.0000	nan
4080	-74.042	31.042	0.0000	0.0000	0.0000	0.0000	nan
4081	-73.958	31.042	0.0000	0.0000	0.0000	0.0000	nan
4082	-73.875	31.042	0.0000	0.0000	0.0000	0.0000	nan
4083	-73.792	31.042	0.0000	0.0000	0.0000	0.0000	nan
4084	-73.708	31.042	0.0000	0.0000	0.0000	0.0000	nan
4085	-73.625	31.042	0.0000	0.0000	0.0000	0.0000	nan
4086	-73.542	31.042	0.0000	0.0000	0.0000	0.0000	nan
4087	-73.458	31.042	0.0000	0.0000	0.0000	0.0000	nan
4088	-73.375	31.042	0.0000	0.0000	0.0000	0.0000	nan
4089	-73.292	31.042	0.0000	0.0000	0.0000	0.0000	nan
4090	-73.208	31.042	0.0000	0.0000	0.0000	0.0000	nan
4091	-73.125	31.042	0.0000	0.0000	0.0000	0.0000	nan
4092	-73.042	31.042	0.0000	0.0000	0.0000	0.0000	nan
4093	-72.958	31.042	0.0000	0.0000	0.0000	0.0000	nan
4094	-72.875	31.042	0.0000	0.0000	0.0000	0.0000	nan
4095	-72.792	31.042	0.0000	0.0000	0.0000	0.0000	nan
4096	-72.708	31.042	0.0000	0.0000	0.0000	0.0000	nan
4097	-72.625	31.042	0.0000	0.0000	0.0000	0.0000	nan
4098	-72.542	31.042	0.0000	0.0000	0.0000	0.0000	nan
4099	-72.458	31.042	0.0000	0.0000	0.0000	0.0000	nan
4100	-72.375	31.042	0.0000	0.0000	0.0000	0.0000	nan
4101	-72.292	31.042	0.0000	0.0000	0.0000	0.0000	nan
4102	-72.208	31.042	0.0000	0.0000	0.0000	0.0000	nan
4103	-72.125	31.042	0.0000	0.0000	0.0000	0.0000	nan
4104	-72.042	31.042	0.0000	0.0000	0.0000	0.0000	nan
4105	-71.958	31.042	0.0000	0.0000	0.0000	0.0000	nan
4106	-71.875	31.042	0.0000	0.0000	0.0000	0.0000	nan
4107	-71.792	31.042	0.0000	0.0000	0.0000	0.0000	nan
4108	-71.708	31.042	0.0000	0.0000	0.0000	0.0000	nan
4109	-71.625	31.042	0.0000	0.0000	0.0000	0.0000	nan
4110	-71.542	31.042	0.0000	0.0000	0.0000	0.0000	nan
4111	-71.458	31.042	0.0000	0.0000	0.0000	0.0000	nan
4112	-71.375	31.042	0.0000	0.0000	0.0000	0.0000	nan
4113	-71.292	31.042	0.0000	0.0000	0.0000	0.0000	nan
4114	-71.208	31.042	0.0000	0.0000	0.0000	0.0000	nan
4115	-71.125	31.042	0.0000	0.0000	0.0000	0.0000	nan
4116	-71.042	31.042	0.0000	0.0000	0.0000	0.0000	nan
4117	-77.958	31.125	0.0000	0.0000	0.0000	0.0000	nan
4118	-77.875	31.125	0.0000	0.0000	0.0000	0.0000	nan
4119	-77.792	31.125	0.0000	0.0000	0.0000	0.0000	nan
4120	-77.708	31.125	0.0000	0.0000	0.0000	0.0000	nan
4121	-77.625	31.125	0.0000	0.0000	0.0000	0.0000	nan
4122	-77.542	31.125	0.0000	0.0000	0.0000	0.0000	nan
4123	-77.458	31.125	0.0000	0.0000	0.0000	0.0000	nan
4124	-77.375	31.125	0.0000	0.0000	0.0000	0.0000	nan
4125	-77.292	31.125	0.0000	0.0000	0.0000	0.0000	nan
4126	-77.208	31.125	0.0000	0.0000	0.0000	0.0000	nan
4127	-77.125	31.125	0.0000	0.0000	0.0000	0.0000	nan
4128	-77.042	31.125	0.0000	0.0000	0.0000	0.0000	nan
4129	-76.958	31.125	0.0000	0.0000	0.0000	0.0000	nan
4130	-76.875	31.125	0.0000	0.0000	0.0000	0.0000	nan
4131	-76.792	31.125	0.0000	0.0000	0.0000	0.0000	nan
4132	-76.708	31.125	0.0000	0.0000	0.0000	0.0000	nan
4133	-76.625	31.125	0.0000	0.0000	0.0000	0.0000	nan
4134	-76.542	31.125	0.0000	0.0000	0.0000	0.0000	nan
4135	-76.458	31.125	0.0000	0.0000	0.0000	0.0000	nan
4136	-76.375	31.125	0.0000	0.0000	0.0000	0.0000	nan
4137	-76.292	31.125	0.0000	0.0000	0.0000	0.0000	nan
4138	-76.208	31.125	0.0000	0.0000	0.0000	0.0000	nan
4139	-76.125	31.125	0.0000	0.0000	0.0000	0.0000	0.0
4140	-76.042	31.125	0.2176	0.1805	0.0799	-0.0513	1.0
4141	-75.958	31.125	0.0240	0.2795	0.1347	0.0435	1.0
4142	-75.875	31.125	0.0240	0.2797	0.1347	0.0435	nan
4143	-75.792	31.125	0.0000	0.0000	0.0000	0.0000	nan
4144	-75.708	31.125	0.0000	0.0000	0.0000	0.0000	1.0
4145	-75.625	31.125	0.2612	0.2636	0.0950	-0.0047	1.0
4146	-75.542	31.125	0.0240	0.2764	0.1347	0.0435	nan
4147	-75.458	31.125	0.0000	0.0000	0.0000	0.0000	nan
4148	-75.375	31.125	0.0000	0.0000	0.0000	0.0000	nan
4149	-75.292	31.125	0.0000	0.0000	0.0000	0.0000	0.0
4150	-75.208	31.125	0.2658	0.1894	0.0563	-0.0189	0.0
4151	-75.125	31.125	0.3446	0.3041	0.1170	-0.0415	0.0
4152	-75.042	31.125	0.3444	0.2622	0.0962	-0.0492	0.0
4153	-74.958	31.125	0.3411	0.3233	0.1267	-0.0366	nan
4154	-74.875	31.125	0.0000	0.0000	0.0000	0.0000	nan
4155	-74.792	31.125	0.0000	0.0000	0.0000	0.0000	nan
4156	-74.708	31.125	0.0000	0.0000	0.0000	0.0000	nan
4157	-74.625	31.125	0.0000	0.0000	0.0000	0.0000	nan
4158	-74.542	31.125	0.0000	0.0000	0.0000	0.0000	nan
4159	-74.458	31.125	0.0000	0.0000	0.0000	0.0000	nan
4160	-74.375	31.125	0.0000	0.0000	0.0000	0.0000	nan
4161	-74.292	31.125	0.0000	0.0000	0.0000	0.0000	nan
4162	-74.208	31.125	0.0000	0.0000	0.0000	0.0000	nan
4163	-74.125	31.125	0.0000	0.0000	0.0000	0.0000	nan
4164	-74.042	31.125	0.0000	0.0000	0.0000	0.0000	nan
4165	-73.958	31.125	0.0000	0.0000	0.0000	0.0000	nan
4166	-73.875	31.125	0.0000	0.0000	0.0000	0.0000	nan
4167	-73.792	31.125	0.0000	0.0000	0.0000	0.0000	nan
4168	-73.708	31.125	0.0000	0.0000	0.0000	0.0000	nan
4169	-73.625	31.125	0.0000	0.0000	0.0000	0.0000	nan
4170	-73.542	31.125	0.0000	0.0000	0.0000	0.0000	nan
4171	-73.458	31.125	0.0000	0.0000	0.0000	0.0000	nan
4172	-73.375	31.125	0.0000	0.0000	0.0000	0.0000	nan
4173	-73.292	31.125	0.0000	0.0000	0.0000	0.0000	nan
4174	-73.208	31.125	0.0000	0.0000	0.0000	0.0000	nan
4175	-73.125	31.125	0.0000	0.0000	0.0000	0.0000	nan
4176	-73.042	31.125	0.0000	0.0000	0.0000	0.0000	nan
4177	-72.958	31.125	0.0000	0.0000	0.0000	0.0000	nan
4178	-72.875	31.125	0.0000	0.0000	0.0000	0.0000	nan
4179	-72.792	31.125	0.0000	0.0000	0.0000	0.0000	nan
4180	-72.708	31.125	0.0000	0.0000	0.0000	0.0000	nan
4181	-72.625	31.125	0.0000	0.0000	0.0000	0.0000	nan
4182	-72.542	31.125	0.0000	0.0000	0.0000	0.0000	nan
4183	-72.458	31.125	0.0000	0.0000	0.0000	0.0000	nan
4184	-72.375	31.125	0.0000	0.0000	0.0000	0.0000	nan
4185	-72.292	31.125	0.0000	0.0000	0.0000	0.0000	nan
4186	-72.208	31.125	0.0000	0.0000	0.0000	0.0000	nan
4187	-72.125	31.125	0.0000	0.0000	0.0000	0.0000	nan
4188	-72.042	31.125	0.0000	0.0000	0.0000	0.0000	nan
4189	-71.958	31.125	0.0000	0.0000	0.0000	0.0000	nan
4190	-71.875	31.125	0.0000	0.0000	0.0000	0.0000	nan
4191	-71.792	31.125	0.0000	0.0000	0.0000	0.0000	nan
4192	-71.708	31.125	0.0000	0.0000	0.0000	0.0000	nan
4193	-71.625	31.125	0.0000	0.0000	0.0000	0.0000	nan
4194	-71.542	31.125	0.0000	0.0000	0.0000	0.0000	nan
4195	-71.458	31.125	0.0000	0.0000	0.0000	0.0000	nan
4196	-71.375	31.125	0.0000	0.0000	0.0000	0.0000	nan
4197	-71.292	31.125	0.0000	0.0000	0.0000	0.0000	nan
4198	-71.208	31.125	0.0000	0.0000	0.0000	0.0000	nan
4199	-71.125	31.125	0.0000	0.0000	0.0000	0.0000	nan
4200	-71.042	31.125	0.0000	0.0000	0.0000	0.0000	nan
4201	-77.958	31.208	0.0000	0.0000	0.0000	0.0000	nan
4202	-77.875	31.208	0.0000	0.0000	0.0000	0.0000	nan
4203	-77.792	31.208	0.0000	0.0000	0.0000	0.0000	nan
4204	-77.708	31.208	0.0000	0.0000	0.0000	0.0000	nan
4205	-77.625	31.208	0.0000	0.0000	0.0000	0.0000	nan
4206	-77.542	31.208	0.0000	0.0000	0.0000	0.0000	nan
4207	-77.458	31.208	0.0000	0.0000	0.0000	0.0000	nan
4208	-77.375	31.208	0.0000	0.0000	0.0000	0.0000	nan
4209	-77.292	31.208	0.0000	0.0000	0.0000	0.0000	nan
4210	-77.208	31.208	0.0000	0.0000	0.0000	0.0000	nan
4211	-77.125	31.208	0.0000	0.0000	0.0000	0.0000	nan
4212	-77.042	31.208	0.0000	0.0000	0.0000	0.0000	nan
4213	-76.958	31.208	0.0000	0.0000	0.0000	0.0000	nan
4214	-76.875	31.208	0.0000	0.0000	0.0000	0.0000	nan
4215	-76.792	31.208	0.0000	0.0000	0.0000	0.0000	nan
4216	-76.708	31.208	0.0000	0.0000	0.0000	0.0000	nan
4217	-76.625	31.208	0.0000	0.0000	0.0000	0.0000	nan
4218	-76.542	31.208	0.0000	0.0000	0.0000	0.0000	nan
4219	-76.458	31.208	0.0000	0.0000	0.0000	0.0000	nan
4220	-76.375	31.208	0.0000	0.0000	0.0000	0.0000	nan
4221	-76.292	31.208	0.0000	0.0000	0.0000	0.0000	nan
4222	-76.208	31.208	0.0000	0.0000	0.0000	0.0000	nan
4223	-76.125	31.208	0.0000	0.0000	0.0000	0.0000	nan
4224	-76.042	31.208	0.0000	0.0000	0.0000	0.0000	0.0
4225	-75.958	31.208	0.2176	0.1745	0.0799	-0.0513	nan
4226	-75.875	31.208	0.0000	0.0000	0.0000	0.0000	1.0
4227	-75.792	31.208	0.0240	0.2738	0.1347	0.0435	nan
4228	-75.708	31.208	0.0000	0.0000	0.0000	0.0000	nan
4229	-75.625	31.208	0.0000	0.0000	0.0000	0.0000	1.0
4230	-75.542	31.208	0.0240	0.2743	0.1347	0.0435	0.0
4231	-75.458	31.208	0.3429	0.3150	0.1228	-0.0386	0.0
4232	-75.375	31.208	0.2658	0.1891	0.0563	-0.0189	0.0
4233	-75.292	31.208	0.3453	0.2939	0.1120	-0.0437	1.0
4234	-75.208	31.208	0.0240	0.2763	0.1347	0.0435	0.0
4235	-75.125	31.208	0.2651	0.2461	0.0848	-0.0089	0.0
4236	-75.042	31.208	0.3429	0.3157	0.1228	-0.0386	nan
4237	-74.958	31.208	0.0000	0.0000	0.0000	0.0000	nan
4238	-74.875	31.208	0.0000	0.0000	0.0000	0.0000	nan
4239	-74.792	31.208	0.0000	0.0000	0.0000	0.0000	nan
4240	-74.708	31.208	0.0000	0.0000	0.0000	0.0000	nan
4241	-74.625	31.208	0.0000	0.0000	0.0000	0.0000	nan
4242	-74.542	31.208	0.0000	0.0000	0.0000	0.0000	nan
4243	-74.458	31.208	0.0000	0.0000	0.0000	0.0000	nan
4244	-74.375	31.208	0.0000	0.0000	0.0000	0.0000	nan
4245	-74.292	31.208	0.0000	0.0000	0.0000	0.0000	nan
4246	-74.208	31.208	0.0000	0.0000	0.0000	0.0000	nan
4247	-74.125	31.208	0.0000	0.0000	0.0000	0.0000	nan
4248	-74.042	31.208	0.0000	0.0000	0.0000	0.0000	nan
4249	-73.958	31.208	0.0000	0.0000	0.0000	0.0000	nan
4250	-73.875	31.208	0.0000	0.0000	0.0000	0.0000	nan
4251	-73.792	31.208	0.0000	0.0000	0.0000	0.0000	nan
4252	-73.708	31.208	0.0000	0.0000	0.0000	0.0000	nan
4253	-73.625	31.208	0.0000	0.0000	0.0000	0.0000	nan
4254	-73.542	31.208	0.0000	0.0000	0.0000	0.0000	nan
4255	-73.458	31.208	0.0000	0.0000	0.0000	0.0000	nan
4256	-73.375	31.208	0.0000	0.0000	0.0000	0.0000	nan
4257	-73.292	31.208	0.0000	0.0000	0.0000	0.0000	nan
4258	-73.208	31.208	0.0000	0.0000	0.0000	0.0000	nan
4259	-73.125	31.208	0.0000	0.0000	0.0000	0.0000	nan
4260	-73.042	31.208	0.0000	0.0000	0.0000	0.0000	nan
4261	-72.958	31.208	0.0000	0.0000	0.0000	0.0000	nan
4262	-72.875	31.208	0.0000	0.0000	0.0000	0.0000	nan
4263	-72.792	31.208	0.0000	0.0000	0.0000	0.0000	nan
4264	-72.708	31.208	0.0000	0.0000	0.0000	0.0000	nan
4265	-72.625	31.208	0.0000	0.0000	0.0000	0.0000	nan
4266	-72.542	31.208	0.0000	0.0000	0.0000	0.0000	nan
4267	-72.458	31.208	0.0000	0.0000	0.0000	0.0000	nan
4268	-72.375	31.208	0.0000	0.0000	0.0000	0.0000	nan
4269	-72.292	31.208	0.0000	0.0000	0.0000	0.0000	nan
4270	-72.208	31.208	0.0000	0.0000	0.0000	0.0000	nan
4271	-72.125	31.208	0.0000	0.0000	0.0000	0.0000	nan
4272	-72.042	31.208	0.0000	0.0000	0.0000	0.0000	nan
4273	-71.958	31.208	0.0000	0.0000	0.0000	0.0000	nan
4274	-71.875	31.208	0.0000	0.0000	0.0000	0.0000	nan
4275	-71.792	31.208	0.0000	0.0000	0.0000	0.0000	nan
4276	-71.708	31.208	0.0000	0.0000	0.0000	0.0000	nan
4277	-71.625	31.208	0.0000	0.0000	0.0000	0.0000	nan
4278	-71.542	31.208	0.0000	0.0000	0.0000	0.0000	nan
4279	-71.458	31.208	0.0000	0.0000	0.0000	0.0000	nan
4280	-71.375	31.208	0.0000	0.0000	0.0000	0.0000	nan
4281	-71.292	31.208	0.0000	0.0000	0.0000	0.0000	nan
4282	-71.208	31.208	0.0000	0.0000	0.0000	0.0000	nan
4283	-71.125	31.208	0.0000	0.0000	0.0000	0.0000	nan
4284	-71.042	31.208	0.0000	0.0000	0.0000	0.0000	nan
4285	-77.958	31.292	0.0000	0.0000	0.0000	0.0000	nan
4286	-77.875	31.292	0.0000	0.0000	0.0000	0.0000	nan
4287	-77.792	31.292	0.0000	0.0000	0.0000	0.0000	nan
4288	-77.708	31.292	0.0000	0.0000	0.0000	0.0000	nan
4289	-77.625	31.292	0.0000	0.0000	0.0000	0.0000	nan
4290	-77.542	31.292	0.0000	0.0000	0.0000	0.0000	nan
4291	-77.458	31.292	0.0000	0.0000	0.0000	0.0000	nan
4292	-77.375	31.292	0.0000	0.0000	0.0000	0.0000	nan
4293	-77.292	31.292	0.0000	0.0000	0.0000	0.0000	nan
4294	-77.208	31.292	0.0000	0.0000	0.0000	0.0000	nan
4295	-77.125	31.292	0.0000	0.0000	0.0000	0.0000	1.0
4296	-77.042	31.292	0.1972	0.3898	0.1616	0.0160	1.0
4297	-76.958	31.292	0.2157	0.3959	0.1629	0.0115	nan
4298	-76.875	31.292	0.0000	0.0000	0.0000	0.0000	nan
4299	-76.792	31.292	0.0000	0.0000	0.0000	0.0000	nan
4300	-76.708	31.292	0.0000	0.0000	0.0000	0.0000	nan
4301	-76.625	31.292	0.0000	0.0000	0.0000	0.0000	nan
4302	-76.542	31.292	0.0000	0.0000	0.0000	0.0000	nan
4303	-76.458	31.292	0.0000	0.0000	0.0000	0.0000	nan
4304	-76.375	31.292	0.0000	0.0000	0.0000	0.0000	nan
4305	-76.292	31.292	0.0000	0.0000	0.0000	0.0000	nan
4306	-76.208	31.292	0.0000	0.0000	0.0000	0.0000	nan
4307	-76.125	31.292	0.0000	0.0000	0.0000	0.0000	nan
4308	-76.042	31.292	0.0000	0.0000	0.0000	0.0000	nan
4309	-75.958	31.292	0.0000	0.0000	0.0000	0.0000	1.0
4310	-75.875	31.292	0.2001	0.2992	0.1382	-0.0219	1.0
4311	-75.792	31.292	0.2026	0.2898	0.1359	-0.0237	1.0
4312	-75.708	31.292	0.0240	0.2740	0.1347	0.0435	nan
4313	-75.625	31.292	0.0000	0.0000	0.0000	0.0000	nan
4314	-75.542	31.292	0.0000	0.0000	0.0000	0.0000	1.0
4315	-75.458	31.292	0.2571	0.2759	0.1019	-0.0017	1.0
4316	-75.375	31.292	0.3330	0.3435	0.1374	-0.0302	1.0
4317	-75.292	31.292	0.3355	0.3385	0.1348	-0.0318	1.0
4318	-75.208	31.292	0.3360	0.3379	0.1342	-0.0321	1.0
4319	-75.125	31.292	0.3356	0.3385	0.1347	-0.0318	1.0
4320	-75.042	31.292	0.0240	0.2778	0.1347	0.0435	0.0
4321	-74.958	31.292	0.3434	0.3147	0.1217	-0.0385	nan
4322	-74.875	31.292	0.0000	0.0000	0.0000	0.0000	0.0
4323	-74.792	31.292	0.2658	0.1900	0.0563	-0.0189	nan
4324	-74.708	31.292	0.0000	0.0000	0.0000	0.0000	nan
4325	-74.625	31.292	0.0000	0.0000	0.0000	0.0000	nan
4326	-74.542	31.292	0.0000	0.0000	0.0000	0.0000	nan
4327	-74.458	31.292	0.0000	0.0000	0.0000	0.0000	nan
4328	-74.375	31.292	0.0000	0.0000	0.0000	0.0000	nan
4329	-74.292	31.292	0.0000	0.0000	0.0000	0.0000	nan
4330	-74.208	31.292	0.0000	0.0000	0.0000	0.0000	nan
4331	-74.125	31.292	0.0000	0.0000	0.0000	0.0000	nan
4332	-74.042	31.292	0.0000	0.0000	0.0000	0.0000	nan
4333	-73.958	31.292	0.0000	0.0000	0.0000	0.0000	nan
4334	-73.875	31.292	0.0000	0.0000	0.0000	0.0000	nan
4335	-73.792	31.292	0.0000	0.0000	0.0000	0.0000	nan
4336	-73.708	31.292	0.0000	0.0000	0.0000	0.0000	nan
4337	-73.625	31.292	0.0000	0.0000	0.0000	0.0000	nan
4338	-73.542	31.292	0.0000	0.0000	0.0000	0.0000	nan
4339	-73.458	31.292	0.0000	0.0000	0.0000	0.0000	nan
4340	-73.375	31.292	0.0000	0.0000	0.0000	0.0000	nan
4341	-73.292	31.292	0.0000	0.0000	0.0000	0.0000	nan
4342	-73.208	31.292	0.0000	0.0000	0.0000	0.0000	nan
4343	-73.125	31.292	0.0000	0.0000	0.0000	0.0000	nan
4344	-73.042	31.292	0.0000	0.0000	0.0000	0.0000	nan
4345	-72.958	31.292	0.0000	0.0000	0.0000	0.0000	nan
4346	-72.875	31.292	0.0000	0.0000	0.0000	0.0000	nan
4347	-72.792	31.292	0.0000	0.0000	0.0000	0.0000	nan
4348	-72.708	31.292	0.0000	0.0000	0.0000	0.0000	nan
4349	-72.625	31.292	0.0000	0.0000	0.0000	0.0000	nan
4350	-72.542	31.292	0.0000	0.0000	0.0000	0.0000	nan
4351	-72.458	31.292	0.0000	0.0000	0.0000	0.0000	nan
4352	-72.375	31.292	0.0000	0.0000	0.0000	0.0000	nan
4353	-72.292	31.292	0.0000	0.0000	0.0000	0.0000	nan
4354	-72.208	31.292	0.0000	0.0000	0.0000	0.0000	nan
4355	-72.125	31.292	0.0000	0.0000	0.0000	0.0000	nan
4356	-72.042	31.292	0.0000	0.0000	0.0000	0.0000	nan
4357	-71.958	31.292	0.0000	0.0000	0.0000	0.0000	nan
4358	-71.875	31.292	0.0000	0.0000	0.0000	0.0000	nan
4359	-71.792	31.292	0.0000	0.0000	0.0000	0.0000	nan
4360	-71.708	31.292	0.0000	0.0000	0.0000	0.0000	nan
4361	-71.625	31.292	0.0000	0.0000	0.0000	0.0000	nan
4362	-71.542	31.292	0.0000	0.0000	0.0000	0.0000	nan
4363	-71.458	31.292	0.0000	0.0000	0.0000	0.0000	nan
4364	-71.375	31.292	0.0000	0.0000	0.0000	0.0000	nan
4365	-71.292	31.292	0.0000	0.0000	0.0000	0.0000	nan
4366	-71.208	31.292	0.0000	0.0000	0.0000	0.0000	nan
4367	-71.125	31.292	0.0000	0.0000	0.0000	0.0000	nan
4368	-71.042	31.292	0.0000	0.0000	0.0000	0.0000	nan
4369	-77.958	31.375	0.0000	0.0000	0.0000	0.0000	nan
4370	-77.875	31.375	0.0000	0.0000	0.0000	0.0000	nan
4371	-77.792	31.375	0.0000	0.0000	0.0000	0.0000	nan
4372	-77.708	31.375	0.0000	0.0000	0.0000	0.0000	nan
4373	-77.625	31.375	0.0000	0.0000	0.0000	0.0000	nan
4374	-77.542	31.375	0.0000	0.0000	0.0000	0.0000	nan
4375	-77.458	31.375	0.0000	0.0000	0.0000	0.0000	nan
4376	-77.375	31.375	0.0000	0.0000	0.0000	0.0000	nan
4377	-77.292	31.375	0.0000	0.0000	0.0000	0.0000	nan
4378	-77.208	31.375	0.0000	0.0000	0.0000	0.0000	1.0
4379	-77.125	31.375	0.1423	0.4570	0.0669	-0.0115	1.0
4380	-77.042	31.375	0.1895	0.4335	0.1354	0.0010	1.0
4381	-76.958	31.375	0.2140	0.3976	0.1628	0.0119	nan
4382	-76.875	31.375	0.0000	0.0000	0.0000	0.0000	nan
4383	-76.792	31.375	0.0000	0.0000	0.0000	0.0000	nan
4384	-76.708	31.375	0.0000	0.0000	0.0000	0.0000	nan
4385	-76.625	31.375	0.0000	0.0000	0.0000	0.0000	nan
4386	-76.542	31.375	0.0000	0.0000	0.0000	0.0000	nan
4387	-76.458	31.375	0.0000	0.0000	0.0000	0.0000	nan
4388	-76.375	31.375	0.0000	0.0000	0.0000	0.0000	nan
4389	-76.292	31.375	0.0000	0.0000	0.0000	0.0000	nan
4390	-76.208	31.375	0.0000	0.0000	0.0000	0.0000	1.0
4391	-76.125	31.375	0.0240	0.2802	0.1347	0.0435	nan
4392	-76.042	31.375	0.0000	0.0000	0.0000	0.0000	nan
4393	-75.958	31.375	0.0000	0.0000	0.0000	0.0000	0.0
4394	-75.875	31.375	0.2176	0.1761	0.0799	-0.0513	0.0
4395	-75.792	31.375	0.2176	0.1762	0.0799	-0.0513	1.0
4396	-75.708	31.375	0.1939	0.3028	0.1428	-0.0177	1.0
4397	-75.625	31.375	0.0240	0.2738	0.1347	0.0435	1.0
4398	-75.542	31.375	0.0240	0.2738	0.1347	0.0435	nan
4399	-75.458	31.375	0.0000	0.0000	0.0000	0.0000	1.0
4400	-75.375	31.375	0.2443	0.2999	0.1157	0.0049	1.0
4401	-75.292	31.375	0.3160	0.3620	0.1491	-0.0212	1.0
4402	-75.208	31.375	0.2507	0.2966	0.1098	0.0019	1.0
4403	-75.125	31.375	0.3197	0.3613	0.1471	-0.0228	1.0
4404	-75.042	31.375	0.0240	0.2897	0.1347	0.0435	nan
4405	-74.958	31.375	0.0000	0.0000	0.0000	0.0000	1.0
4406	-74.875	31.375	0.3336	0.3519	0.1367	-0.0302	nan
4407	-74.792	31.375	0.0000	0.0000	0.0000	0.0000	nan
4408	-74.708	31.375	0.0000	0.0000	0.0000	0.0000	nan
4409	-74.625	31.375	0.0000	0.0000	0.0000	0.0000	nan
4410	-74.542	31.375	0.0000	0.0000	0.0000	0.0000	nan
4411	-74.458	31.375	0.0000	0.0000	0.0000	0.0000	nan
4412	-74.375	31.375	0.0000	0.0000	0.0000	0.0000	nan
4413	-74.292	31.375	0.0000	0.0000	0.0000	0.0000	nan
4414	-74.208	31.375	0.0000	0.0000	0.0000	0.0000	nan
4415	-74.125	31.375	0.0000	0.0000	0.0000	0.0000	nan
4416	-74.042	31.375	0.0000	0.0000	0.0000	0.0000	nan
4417	-73.958	31.375	0.0000	0.0000	0.0000	0.0000	nan
4418	-73.875	31.375	0.0000	0.0000	0.0000	0.0000	nan
4419	-73.792	31.375	0.0000	0.0000	0.0000	0.0000	nan
4420	-73.708	31.375	0.0000	0.0000	0.0000	0.0000	nan
4421	-73.625	31.375	0.0000	0.0000	0.0000	0.0000	nan
4422	-73.542	31.375	0.0000	0.0000	0.0000	0.0000	nan
4423	-73.458	31.375	0.0000	0.0000	0.0000	0.0000	nan
4424	-73.375	31.375	0.0000	0.0000	0.0000	0.0000	nan
4425	-73.292	31.375	0.0000	0.0000	0.0000	0.0000	nan
4426	-73.208	31.375	0.0000	0.0000	0.0000	0.0000	nan
4427	-73.125	31.375	0.0000	0.0000	0.0000	0.0000	nan
4428	-73.042	31.375	0.0000	0.0000	0.0000	0.0000	nan
4429	-72.958	31.375	0.0000	0.0000	0.0000	0.0000	nan
4430	-72.875	31.375	0.0000	0.0000	0.0000	0.0000	nan
4431	-72.792	31.375	0.0000	0.0000	0.0000	0.0000	nan
4432	-72.708	31.375	0.0000	0.0000	0.0000	0.0000	nan
4433	-72.625	31.375	0.0000	0.0000	0.0000	0.0000	nan
4434	-72.542	31.375	0.0000	0.0000	0.0000	0.0000	nan
4435	-72.458	31.375	0.0000	0.0000	0.0000	0.0000	nan
4436	-72.375	31.375	0.0000	0.0000	0.0000	0.0000	nan
4437	-72.292	31.375	0.0000	0.0000	0.0000	0.0000	nan
4438	-72.208	31.375	0.0000	0.0000	0.0000	0.0000	nan
4439	-72.125	31.375	0.0000	0.0000	0.0000	0.0000	nan
4440	-72.042	31.375	0.0000	0.0000	0.0000	0.0000	nan
4441	-71.958	31.375	0.0000	0.0000	0.0000	0.0000	nan
4442	-71.875	31.375	0.0000	0.0000	0.0000	0.0000	nan
4443	-71.792	31.375	0.0000	0.0000	0.0000	0.0000	nan
4444	-71.708	31.375	0.0000	0.0000	0.0000	0.0000	nan
4445	-71.625	31.375	0.0000	0.0000	0.0000	0.0000	nan
4446	-71.542	31.375	0.0000	0.0000	0.0000	0.0000	nan
4447	-71.458	31.375	0.0000	0.0000	0.0000	0.0000	nan
4448	-71.375	31.375	0.0000	0.0000	0.0000	0.0000	nan
4449	-71.292	31.375	0.0000	0.0000	0.0000	0.0000	nan
4450	-71.208	31.375	0.0000	0.0000	0.0000	0.0000	nan
4451	-71.125	31.375	0.0000	0.0000	0.0000	0.0000	nan
4452	-71.042	31.375	0.0000	0.0000	0.0000	0.0000	nan
4453	-77.958	31.458	0.0000	0.0000	0.0000	0.0000	nan
4454	-77.875	31.458	0.0000	0.0000	0.0000	0.0000	nan
4455	-77.792	31.458	0.0000	0.0000	0.0000	0.0000	nan
4456	-77.708	31.458	0.0000	0.0000	0.0000	0.0000	nan
4457	-77.625	31.458	0.0000	0.0000	0.0000	0.0000	nan
4458	-77.542	31.458	0.0000	0.0000	0.0000	0.0000	nan
4459	-77.458	31.458	0.0000	0.0000	0.0000	0.0000	1.0
4460	-77.375	31.458	0.0240	0.2907	0.1347	0.0435	nan
4461	-77.292	31.458	0.0000	0.0000	0.0000	0.0000	1.0
4462	-77.208	31.458	0.1193	0.4305	0.0422	0.0231	1.0
4463	-77.125	31.458	0.1666	0.5053	-0.0486	0.0042	1.0
4464	-77.042	31.458	0.1882	0.4425	0.1238	-0.0037	1.0
4465	-76.958	31.458	0.2079	0.4424	0.1402	-0.0065	1.0
4466	-76.875	31.458	0.2194	0.3988	0.1629	0.0106	1.0
4467	-76.792	31.458	0.2211	0.3980	0.1629	0.0102	nan
4468	-76.708	31.458	0.0000	0.0000	0.0000	0.0000	nan
4469	-76.625	31.458	0.0000	0.0000	0.0000	0.0000	nan
4470	-76.542	31.458	0.0000	0.0000	0.0000	0.0000	nan
4471	-76.458	31.458	0.0000	0.0000	0.0000	0.0000	nan
4472	-76.375	31.458	0.0000	0.0000	0.0000	0.0000	nan
4473	-76.292	31.458	0.0000	0.0000	0.0000	0.0000	1.0
4474	-76.208	31.458	0.0240	0.2856	0.1347	0.0435	1.0
4475	-76.125	31.458	0.2515	0.3729	0.1643	0.0007	1.0
4476	-76.042	31.458	0.0240	0.2679	0.1347	0.0435	nan
4477	-75.958	31.458	0.0000	0.0000	0.0000	0.0000	1.0
4478	-75.875	31.458	0.1985	0.2933	0.1395	-0.0208	0.0
4479	-75.792	31.458	0.2176	0.1761	0.0799	-0.0513	0.0
4480	-75.708	31.458	0.2176	0.1776	0.0799	-0.0513	1.0
4481	-75.625	31.458	0.0240	0.2736	0.1347	0.0435	1.0
4482	-75.542	31.458	0.0240	0.2738	0.1347	0.0435	1.0
4483	-75.458	31.458	0.0749	0.3054	0.1433	0.0391	nan
4484	-75.375	31.458	0.0000	0.0000	0.0000	0.0000	1.0
4485	-75.292	31.458	0.3121	0.3651	0.1510	-0.0194	1.0
4486	-75.208	31.458	0.3204	0.3660	0.1465	-0.0228	1.0
4487	-75.125	31.458	0.3040	0.3698	0.1542	-0.0161	1.0
4488	-75.042	31.458	0.0240	0.2806	0.1347	0.0435	nan
4489	-74.958	31.458	0.0000	0.0000	0.0000	0.0000	1.0
4490	-74.875	31.458	0.2600	0.2647	0.0973	-0.0038	nan
4491	-74.792	31.458	0.0000	0.0000	0.0000	0.0000	nan
4492	-74.708	31.458	0.0000	0.0000	0.0000	0.0000	nan
4493	-74.625	31.458	0.0000	0.0000	0.0000	0.0000	nan
4494	-74.542	31.458	0.0000	0.0000	0.0000	0.0000	nan
4495	-74.458	31.458	0.0000	0.0000	0.0000	0.0000	nan
4496	-74.375	31.458	0.0000	0.0000	0.0000	0.0000	nan
4497	-74.292	31.458	0.0000	0.0000	0.0000	0.0000	nan
4498	-74.208	31.458	0.0000	0.0000	0.0000	0.0000	nan
4499	-74.125	31.458	0.0000	0.0000	0.0000	0.0000	nan
4500	-74.042	31.458	0.0000	0.0000	0.0000	0.0000	nan
4501	-73.958	31.458	0.0000	0.0000	0.0000	0.0000	nan
4502	-73.875	31.458	0.0000	0.0000	0.0000	0.0000	nan
4503	-73.792	31.458	0.0000	0.0000	0.0000	0.0000	nan
4504	-73.708	31.458	0.0000	0.0000	0.0000	0.0000	nan
4505	-73.625	31.458	0.0000	0.0000	0.0000	0.0000	nan
4506	-73.542	31.458	0.0000	0.0000	0.0000	0.0000	nan
4507	-73.458	31.458	0.0000	0.0000	0.0000	0.0000	nan
4508	-73.375	31.458	0.0000	0.0000	0.0000	0.0000	nan
4509	-73.292	31.458	0.0000	0.0000	0.0000	0.0000	nan
4510	-73.208	31.458	0.0000	0.0000	0.0000	0.0000	nan
4511	-73.125	31.458	0.0000	0.0000	0.0000	0.0000	nan
4512	-73.042	31.458	0.0000	0.0000	0.0000	0.0000	nan
4513	-72.958	31.458	0.0000	0.0000	0.0000	0.0000	nan
4514	-72.875	31.458	0.0000	0.0000	0.0000	0.0000	nan
4515	-72.792	31.458	0.0000	0.0000	0.0000	0.0000	nan
4516	-72.708	31.458	0.0000	0.0000	0.0000	0.0000	nan
4517	-72.625	31.458	0.0000	0.0000	0.0000	0.0000	nan
4518	-72.542	31.458	0.0000	0.0000	0.0000	0.0000	nan
4519	-72.458	31.458	0.0000	0.0000	0.0000	0.0000	nan
4520	-72.375	31.458	0.0000	0.0000	0.0000	0.0000	nan
4521	-72.292	31.458	0.0000	0.0000	0.0000	0.0000	nan
4522	-72.208	31.458	0.0000	0.0000	0.0000	0.0000	nan
4523	-72.125	31.458	0.0000	0.0000	0.0000	0.0000	nan
4524	-72.042	31.458	0.0000	0.0000	0.0000	0.0000	nan
4525	-71.958	31.458	0.0000	0.0000	0.0000	0.0000	nan
4526	-71.875	31.458	0.0000	0.0000	0.0000	0.0000	nan
4527	-71.792	31.458	0.0000	0.0000	0.0000	0.0000	nan
4528	-71.708	31.458	0.0000	0.0000	0.0000	0.0000	nan
4529	-71.625	31.458	0.0000	0.0000	0.0000	0.0000	nan
4530	-71.542	31.458	0.0000	0.0000	0.0000	0.0000	nan
4531	-71.458	31.458	0.0000	0.0000	0.0000	0.0000	nan
4532	-71.375	31.458	0.0000	0.0000	0.0000	0.0000	nan
4533	-71.292	31.458	0.0000	0.0000	0.0000	0.0000	nan
4534	-71.208	31.458	0.0000	0.0000	0.0000	0.0000	nan
4535	-71.125	31.458	0.0000	0.0000	0.0000	0.0000	nan
4536	-71.042	31.458	0.0000	0.0000	0.0000	0.0000	nan
4537	-77.958	31.542	0.0000	0.0000	0.0000	0.0000	nan
4538	-77.875	31.542	0.0000	0.0000	0.0000	0.0000	nan
4539	-77.792	31.542	0.0000	0.0000	0.0000	0.0000	2.0
4540	-77.708	31.542	0.0700	0.0613	-0.1568	0.0635	nan
4541	-77.625	31.542	0.0000	0.0000	0.0000	0.0000	nan
4542	-77.542	31.542	0.0000	0.0000	0.0000	0.0000	1.0
4543	-77.458	31.542	0.0701	0.1985	-0.1478	0.0609	1.0
4544	-77.375	31.542	0.0240	0.2868	0.1347	0.0435	1.0
4545	-77.292	31.542	0.0683	0.4478	-0.2258	-0.0398	1.0
4546	-77.208	31.542	0.1329	0.5010	-0.0455	0.0392	1.0
4547	-77.125	31.542	0.1620	0.5115	-0.0504	0.0209	1.0
4548	-77.042	31.542	0.2222	0.4600	0.1215	-0.0048	1.0
4549	-76.958	31.542	0.1956	0.4154	0.1529	0.0092	1.0
4550	-76.875	31.542	0.1563	0.4143	0.1247	0.0123	1.0
4551	-76.792	31.542	0.2198	0.3991	0.1630	0.0105	1.0
4552	-76.708	31.542	0.2189	0.3966	0.1629	0.0107	1.0
4553	-76.625	31.542	0.1498	0.3547	0.1458	0.0291	nan
4554	-76.542	31.542	0.0000	0.0000	0.0000	0.0000	nan
4555	-76.458	31.542	0.0000	0.0000	0.0000	0.0000	nan
4556	-76.375	31.542	0.0000	0.0000	0.0000	0.0000	nan
4557	-76.292	31.542	0.0000	0.0000	0.0000	0.0000	1.0
4558	-76.208	31.542	0.2629	0.3920	0.1617	-0.0013	1.0
4559	-76.125	31.542	0.3362	0.4466	0.1195	0.0068	1.0
4560	-76.042	31.542	0.3172	0.3760	0.1599	0.0396	1.0
4561	-75.958	31.542	0.0240	0.2795	0.1347	0.0435	1.0
4562	-75.875	31.542	0.1518	0.3235	0.1563	0.0035	1.0
4563	-75.792	31.542	0.1647	0.3202	0.1542	-0.0022	1.0
4564	-75.708	31.542	0.0240	0.2731	0.1347	0.0435	1.0
4565	-75.625	31.542	0.1858	0.3109	0.1473	-0.0129	1.0
4566	-75.542	31.542	0.1972	0.2984	0.1405	-0.0199	1.0
4567	-75.458	31.542	0.0240	0.2737	0.1347	0.0435	1.0
4568	-75.375	31.542	0.0240	0.2741	0.1347	0.0435	1.0
4569	-75.292	31.542	0.2401	0.3049	0.1191	0.0067	1.0
4570	-75.208	31.542	0.3081	0.3676	0.1526	-0.0178	1.0
4571	-75.125	31.542	0.2957	0.3738	0.1568	-0.0130	nan
4572	-75.042	31.542	0.0000	0.0000	0.0000	0.0000	nan
4573	-74.958	31.542	0.0000	0.0000	0.0000	0.0000	1.0
4574	-74.875	31.542	0.0240	0.2767	0.1347	0.0435	nan
4575	-74.792	31.542	0.0000	0.0000	0.0000	0.0000	nan
4576	-74.708	31.542	0.0000	0.0000	0.0000	0.0000	nan
4577	-74.625	31.542	0.0000	0.0000	0.0000	0.0000	nan
4578	-74.542	31.542	0.0000	0.0000	0.0000	0.0000	nan
4579	-74.458	31.542	0.0000	0.0000	0.0000	0.0000	nan
4580	-74.375	31.542	0.0000	0.0000	0.0000	0.0000	nan
4581	-74.292	31.542	0.0000	0.0000	0.0000	0.0000	nan
4582	-74.208	31.542	0.0000	0.0000	0.0000	0.0000	nan
4583	-74.125	31.542	0.0000	0.0000	0.0000	0.0000	nan
4584	-74.042	31.542	0.0000	0.0000	0.0000	0.0000	nan
4585	-73.958	31.542	0.0000	0.0000	0.0000	0.0000	nan
4586	-73.875	31.542	0.0000	0.0000	0.0000	0.0000	nan
4587	-73.792	31.542	0.0000	0.0000	0.0000	0.0000	nan
4588	-73.708	31.542	0.0000	0.0000	0.0000	0.0000	nan
4589	-73.625	31.542	0.0000	0.0000	0.0000	0.0000	nan
4590	-73.542	31.542	0.0000	0.0000	0.0000	0.0000	nan
4591	-73.458	31.542	0.0000	0.0000	0.0000	0.0000	nan
4592	-73.375	31.542	0.0000	0.0000	0.0000	0.0000	nan
4593	-73.292	31.542	0.0000	0.0000	0.0000	0.0000	nan
4594	-73.208	31.542	0.0000	0.0000	0.0000	0.0000	nan
4595	-73.125	31.542	0.0000	0.0000	0.0000	0.0000	nan
4596	-73.042	31.542	0.0000	0.0000	0.0000	0.0000	nan
4597	-72.958	31.542	0.0000	0.0000	0.0000	0.0000	nan
4598	-72.875	31.542	0.0000	0.0000	0.0000	0.0000	nan
4599	-72.792	31.542	0.0000	0.0000	0.0000	0.0000	nan
4600	-72.708	31.542	0.0000	0.0000	0.0000	0.0000	nan
4601	-72.625	31.542	0.0000	0.0000	0.0000	0.0000	nan
4602	-72.542	31.542	0.0000	0.0000	0.0000	0.0000	nan
4603	-72.458	31.542	0.0000	0.0000	0.0000	0.0000	nan
4604	-72.375	31.542	0.0000	0.0000	0.0000	0.0000	nan
4605	-72.292	31.542	0.0000	0.0000	0.0000	0.0000	nan
4606	-72.208	31.542	0.0000	0.0000	0.0000	0.0000	nan
4607	-72.125	31.542	0.0000	0.0000	0.0000	0.0000	nan
4608	-72.042	31.542	0.0000	0.0000	0.0000	0.0000	nan
4609	-71.958	31.542	0.0000	0.0000	0.0000	0.0000	nan
4610	-71.875	31.542	0.0000	0.0000	0.0000	0.0000	nan
4611	-71.792	31.542	0.0000	0.0000	0.0000	0.0000	nan
4612	-71.708	31.542	0.0000	0.0000	0.0000	0.0000	nan
4613	-71.625	31.542	0.0000	0.0000	0.0000	0.0000	nan
4614	-71.542	31.542	0.0000	0.0000	0.0000	0.0000	nan
4615	-71.458	31.542	0.0000	0.0000	0.0000	0.0000	nan
4616	-71.375	31.542	0.0000	0.0000	0.0000	0.0000	nan
4617	-71.292	31.542	0.0000	0.0000	0.0000	0.0000	nan
4618	-71.208	31.542	0.0000	0.0000	0.0000	0.0000	nan
4619	-71.125	31.542	0.0000	0.0000	0.0000	0.0000	nan
4620	-71.042	31.542	0.0000	0.0000	0.0000	0.0000	nan
4621	-77.958	31.625	0.0000	0.0000	0.0000	0.0000	nan
4622	-77.875	31.625	0.0000	0.0000	0.0000	0.0000	nan
4623	-77.792	31.625	0.0000	0.0000	0.0000	0.0000	nan
4624	-77.708	31.625	0.0000	0.0000	0.0000	0.0000	2.0
4625	-77.625	31.625	0.0782	0.0671	-0.1596	0.0649	2.0
4626	-77.542	31.625	0.0697	0.0613	-0.1591	0.0622	2.0
4627	-77.458	31.625	0.0616	0.1020	-0.1823	0.0489	1.0
4628	-77.375	31.625	0.0468	0.2942	-0.1659	-0.0039	1.0
4629	-77.292	31.625	0.1227	0.5189	-0.0435	0.0376	1.0
4630	-77.208	31.625	0.1431	0.5502	-0.0467	0.0540	1.0
4631	-77.125	31.625	0.1389	0.5226	-0.0555	0.0338	1.0
4632	-77.042	31.625	0.1848	0.5414	-0.0518	-0.0093	1.0
4633	-76.958	31.625	0.2536	0.4606	0.1120	-0.0115	1.0
4634	-76.875	31.625	0.3360	0.3928	0.0585	-0.0770	1.0
4635	-76.792	31.625	0.2075	0.3933	0.1628	0.0133	1.0
4636	-76.708	31.625	0.1655	0.3665	0.1467	0.0269	1.0
4637	-76.625	31.625	0.2181	0.3992	0.1630	0.0109	1.0
4638	-76.542	31.625	0.2179	0.3968	0.1628	0.0110	1.0
4639	-76.458	31.625	0.3232	0.4849	0.1353	0.0151	1.0
4640	-76.375	31.625	0.2484	0.3992	0.1622	0.0031	nan
4641	-76.292	31.625	0.0000	0.0000	0.0000	0.0000	1.0
4642	-76.208	31.625	0.2961	0.4780	0.1244	0.0172	0.0
4643	-76.125	31.625	0.3832	0.3761	-0.0046	-0.0213	1.0
4644	-76.042	31.625	0.3430	0.4435	0.0827	0.0249	1.0
4645	-75.958	31.625	0.3575	0.3863	0.1237	0.0334	1.0
4646	-75.875	31.625	0.2705	0.3944	0.1340	0.0267	1.0
4647	-75.792	31.625	0.0240	0.2709	0.1347	0.0435	1.0
4648	-75.708	31.625	0.0240	0.2704	0.1347	0.0435	1.0
4649	-75.625	31.625	0.1716	0.3175	0.1525	-0.0055	1.0
4650	-75.542	31.625	0.1904	0.3063	0.1449	-0.0156	1.0
4651	-75.458	31.625	0.0240	0.2736	0.1347	0.0435	1.0
4652	-75.375	31.625	0.0240	0.2740	0.1347	0.0435	1.0
4653	-75.292	31.625	0.0240	0.2738	0.1347	0.0435	1.0
4654	-75.208	31.625	0.0240	0.2740	0.1347	0.0435	nan
4655	-75.125	31.625	0.0000	0.0000	0.0000	0.0000	nan
4656	-75.042	31.625	0.0000	0.0000	0.0000	0.0000	nan
4657	-74.958	31.625	0.0000	0.0000	0.0000	0.0000	nan
4658	-74.875	31.625	0.0000	0.0000	0.0000	0.0000	nan
4659	-74.792	31.625	0.0000	0.0000	0.0000	0.0000	nan
4660	-74.708	31.625	0.0000	0.0000	0.0000	0.0000	nan
4661	-74.625	31.625	0.0000	0.0000	0.0000	0.0000	nan
4662	-74.542	31.625	0.0000	0.0000	0.0000	0.0000	nan
4663	-74.458	31.625	0.0000	0.0000	0.0000	0.0000	nan
4664	-74.375	31.625	0.0000	0.0000	0.0000	0.0000	nan
4665	-74.292	31.625	0.0000	0.0000	0.0000	0.0000	nan
4666	-74.208	31.625	0.0000	0.0000	0.0000	0.0000	nan
4667	-74.125	31.625	0.0000	0.0000	0.0000	0.0000	nan
4668	-74.042	31.625	0.0000	0.0000	0.0000	0.0000	nan
4669	-73.958	31.625	0.0000	0.0000	0.0000	0.0000	nan
4670	-73.875	31.625	0.0000	0.0000	0.0000	0.0000	nan
4671	-73.792	31.625	0.0000	0.0000	0.0000	0.0000	nan
4672	-73.708	31.625	0.0000	0.0000	0.0000	0.0000	nan
4673	-73.625	31.625	0.0000	0.0000	0.0000	0.0000	nan
4674	-73.542	31.625	0.0000	0.0000	0.0000	0.0000	nan
4675	-73.458	31.625	0.0000	0.0000	0.0000	0.0000	nan
4676	-73.375	31.625	0.0000	0.0000	0.0000	0.0000	nan
4677	-73.292	31.625	0.0000	0.0000	0.0000	0.0000	nan
4678	-73.208	31.625	0.0000	0.0000	0.0000	0.0000	nan
4679	-73.125	31.625	0.0000	0.0000	0.0000	0.0000	nan
4680	-73.042	31.625	0.0000	0.0000	0.0000	0.0000	nan
4681	-72.958	31.625	0.0000	0.0000	0.0000	0.0000	nan
4682	-72.875	31.625	0.0000	0.0000	0.0000	0.0000	nan
4683	-72.792	31.625	0.0000	0.0000	0.0000	0.0000	nan
4684	-72.708	31.625	0.0000	0.0000	0.0000	0.0000	nan
4685	-72.625	31.625	0.0000	0.0000	0.0000	0.0000	nan
4686	-72.542	31.625	0.0000	0.0000	0.0000	0.0000	nan
4687	-72.458	31.625	0.0000	0.0000	0.0000	0.0000	nan
4688	-72.375	31.625	0.0000	0.0000	0.0000	0.0000	nan
4689	-72.292	31.625	0.0000	0.0000	0.0000	0.0000	nan
4690	-72.208	31.625	0.0000	0.0000	0.0000	0.0000	nan
4691	-72.125	31.625	0.0000	0.0000	0.0000	0.0000	nan
4692	-72.042	31.625	0.0000	0.0000	0.0000	0.0000	nan
4693	-71.958	31.625	0.0000	0.0000	0.0000	0.0000	nan
4694	-71.875	31.625	0.0000	0.0000	0.0000	0.0000	nan
4695	-71.792	31.625	0.0000	0.0000	0.0000	0.0000	nan
4696	-71.708	31.625	0.0000	0.0000	0.0000	0.0000	nan
4697	-71.625	31.625	0.0000	0.0000	0.0000	0.0000	nan
4698	-71.542	31.625	0.0000	0.0000	0.0000	0.0000	nan
4699	-71.458	31.625	0.0000	0.0000	0.0000	0.0000	nan
4700	-71.375	31.625	0.0000	0.0000	0.0000	0.0000	nan
4701	-71.292	31.625	0.0000	0.0000	0.0000	0.0000	nan
4702	-71.208	31.625	0.0000	0.0000	0.0000	0.0000	nan
4703	-71.125	31.625	0.0000	0.0000	0.0000	0.0000	nan
4704	-71.042	31.625	0.0000	0.0000	0.0000	0.0000	nan
4705	-77.958	31.708	0.0000	0.0000	0.0000	0.0000	nan
4706	-77.875	31.708	0.0000	0.0000	0.0000	0.0000	nan
4707	-77.792	31.708	0.0000	0.0000	0.0000	0.0000	nan
4708	-77.708	31.708	0.0000	0.0000	0.0000	0.0000	2.0
4709	-77.625	31.708	0.0726	0.0660	-0.1602	0.0618	nan
4710	-77.542	31.708	0.0000	0.0000	0.0000	0.0000	2.0
4711	-77.458	31.708	0.0705	0.0837	-0.1761	0.0572	1.0
4712	-77.375	31.708	0.0632	0.4692	-0.1740	-0.0399	1.0
4713	-77.292	31.708	0.0656	0.3951	-0.2444	0.0008	1.0
4714	-77.208	31.708	0.1150	0.5145	-0.0676	0.0147	1.0
4715	-77.125	31.708	0.1561	0.5542	-0.0565	0.0334	1.0
4716	-77.042	31.708	0.1770	0.5557	-0.0546	0.0099	1.0
4717	-76.958	31.708	0.2570	0.4539	0.0945	-0.0040	1.0
4718	-76.875	31.708	0.2456	0.3945	0.1534	0.0012	1.0
4719	-76.792	31.708	0.2114	0.3969	0.1630	0.0124	1.0
4720	-76.708	31.708	0.2203	0.3861	0.1710	0.0126	1.0
4721	-76.625	31.708	0.2085	0.3972	0.1633	0.0128	1.0
4722	-76.542	31.708	0.2034	0.3934	0.1630	0.0141	1.0
4723	-76.458	31.708	0.4031	0.4223	-0.0029	-0.0237	1.0
4724	-76.375	31.708	0.3228	0.4857	0.1376	0.0105	1.0
4725	-76.292	31.708	0.2670	0.3953	0.1601	-0.0020	1.0
4726	-76.208	31.708	0.3122	0.5158	0.1369	0.0161	1.0
4727	-76.125	31.708	0.3034	0.5043	0.1134	0.0254	1.0
4728	-76.042	31.708	0.2913	0.5093	0.0552	0.0551	1.0
4729	-75.958	31.708	0.3205	0.4752	0.0936	0.0385	1.0
4730	-75.875	31.708	0.3343	0.4158	0.1220	0.0502	1.0
4731	-75.792	31.708	0.3315	0.3950	0.1754	0.0342	1.0
4732	-75.708	31.708	0.0240	0.2736	0.1347	0.0435	1.0
4733	-75.625	31.708	0.0240	0.2709	0.1347	0.0435	1.0
4734	-75.542	31.708	0.0240	0.2735	0.1347	0.0435	1.0
4735	-75.458	31.708	0.0240	0.2735	0.1347	0.0435	nan
4736	-75.375	31.708	0.0000	0.0000	0.0000	0.0000	1.0
4737	-75.292	31.708	0.0240	0.2740	0.1347	0.0435	nan
4738	-75.208	31.708	0.0000	0.0000	0.0000	0.0000	nan
4739	-75.125	31.708	0.0000	0.0000	0.0000	0.0000	nan
4740	-75.042	31.708	0.0000	0.0000	0.0000	0.0000	nan
4741	-74.958	31.708	0.0000	0.0000	0.0000	0.0000	nan
4742	-74.875	31.708	0.0000	0.0000	0.0000	0.0000	nan
4743	-74.792	31.708	0.0000	0.0000	0.0000	0.0000	nan
4744	-74.708	31.708	0.0000	0.0000	0.0000	0.0000	nan
4745	-74.625	31.708	0.0000	0.0000	0.0000	0.0000	nan
4746	-74.542	31.708	0.0000	0.0000	0.0000	0.0000	nan
4747	-74.458	31.708	0.0000	0.0000	0.0000	0.0000	nan
4748	-74.375	31.708	0.0000	0.0000	0.0000	0.0000	nan
4749	-74.292	31.708	0.0000	0.0000	0.0000	0.0000	nan
4750	-74.208	31.708	0.0000	0.0000	0.0000	0.0000	nan
4751	-74.125	31.708	0.0000	0.0000	0.0000	0.0000	nan
4752	-74.042	31.708	0.0000	0.0000	0.0000	0.0000	nan
4753	-73.958	31.708	0.0000	0.0000	0.0000	0.0000	nan
4754	-73.875	31.708	0.0000	0.0000	0.0000	0.0000	nan
4755	-73.792	31.708	0.0000	0.0000	0.0000	0.0000	nan
4756	-73.708	31.708	0.0000	0.0000	0.0000	0.0000	nan
4757	-73.625	31.708	0.0000	0.0000	0.0000	0.0000	nan
4758	-73.542	31.708	0.0000	0.0000	0.0000	0.0000	nan
4759	-73.458	31.708	0.0000	0.0000	0.0000	0.0000	nan
4760	-73.375	31.708	0.0000	0.0000	0.0000	0.0000	nan
4761	-73.292	31.708	0.0000	0.0000	0.0000	0.0000	nan
4762	-73.208	31.708	0.0000	0.0000	0.0000	0.0000	nan
4763	-73.125	31.708	0.0000	0.0000	0.0000	0.0000	nan
4764	-73.042	31.708	0.0000	0.0000	0.0000	0.0000	nan
4765	-72.958	31.708	0.0000	0.0000	0.0000	0.0000	nan
4766	-72.875	31.708	0.0000	0.0000	0.0000	0.0000	nan
4767	-72.792	31.708	0.0000	0.0000	0.0000	0.0000	nan
4768	-72.708	31.708	0.0000	0.0000	0.0000	0.0000	nan
4769	-72.625	31.708	0.0000	0.0000	0.0000	0.0000	nan
4770	-72.542	31.708	0.0000	0.0000	0.0000	0.0000	nan
4771	-72.458	31.708	0.0000	0.0000	0.0000	0.0000	nan
4772	-72.375	31.708	0.0000	0.0000	0.0000	0.0000	nan
4773	-72.292	31.708	0.0000	0.0000	0.0000	0.0000	nan
4774	-72.208	31.708	0.0000	0.0000	0.0000	0.0000	nan
4775	-72.125	31.708	0.0000	0.0000	0.0000	0.0000	nan
4776	-72.042	31.708	0.0000	0.0000	0.0000	0.0000	nan
4777	-71.958	31.708	0.0000	0.0000	0.0000	0.0000	nan
4778	-71.875	31.708	0.0000	0.0000	0.0000	0.0000	nan
4779	-71.792	31.708	0.0000	0.0000	0.0000	0.0000	nan
4780	-71.708	31.708	0.0000	0.0000	0.0000	0.0000	nan
4781	-71.625	31.708	0.0000	0.0000	0.0000	0.0000	nan
4782	-71.542	31.708	0.0000	0.0000	0.0000	0.0000	nan
4783	-71.458	31.708	0.0000	0.0000	0.0000	0.0000	nan
4784	-71.375	31.708	0.0000	0.0000	0.0000	0.0000	nan
4785	-71.292	31.708	0.0000	0.0000	0.0000	0.0000	nan
4786	-71.208	31.708	0.0000	0.0000	0.0000	0.0000	nan
4787	-71.125	31.708	0.0000	0.0000	0.0000	0.0000	nan
4788	-71.042	31.708	0.0000	0.0000	0.0000	0.0000	nan
4789	-77.958	31.792	0.0000	0.0000	0.0000	0.0000	nan
4790	-77.875	31.792	0.0000	0.0000	0.0000	0.0000	nan
4791	-77.792	31.792	0.0000	0.0000	0.0000	0.0000	nan
4792	-77.708	31.792	0.0000	0.0000	0.0000	0.0000	2.0
4793	-77.625	31.792	0.0791	0.0736	-0.1583	0.0625	2.0
4794	-77.542	31.792	0.0779	0.0771	-0.1632	0.0614	2.0
4795	-77.458	31.792	0.0802	0.0794	-0.1690	0.0587	2.0
4796	-77.375	31.792	0.0734	0.0726	-0.1574	0.0621	1.0
4797	-77.292	31.792	0.0758	0.3611	-0.2341	0.0216	1.0
4798	-77.208	31.792	0.1346	0.4788	-0.0257	0.0608	1.0
4799	-77.125	31.792	0.1530	0.5398	-0.0551	0.0281	1.0
4800	-77.042	31.792	0.1071	0.5281	-0.0750	-0.0016	1.0
4801	-76.958	31.792	0.1949	0.5439	-0.0715	-0.0084	1.0
4802	-76.875	31.792	0.2552	0.4559	0.1161	-0.0123	1.0
4803	-76.792	31.792	0.2025	0.4598	0.1277	-0.0098	1.0
4804	-76.708	31.792	0.2093	0.3965	0.1630	0.0128	1.0
4805	-76.625	31.792	0.2062	0.3936	0.1632	0.0133	1.0
4806	-76.542	31.792	0.2028	0.3958	0.1631	0.0142	1.0
4807	-76.458	31.792	0.2051	0.3975	0.1632	0.0136	1.0
4808	-76.375	31.792	0.3008	0.5239	0.0900	0.0116	1.0
4809	-76.292	31.792	0.3279	0.4954	0.0905	0.0044	1.0
4810	-76.208	31.792	0.2972	0.4538	0.1263	0.0252	1.0
4811	-76.125	31.792	0.2883	0.3766	0.1791	0.0336	1.0
4812	-76.042	31.792	0.2627	0.4626	0.0590	0.0477	1.0
4813	-75.958	31.792	0.3375	0.4383	0.0704	0.0803	1.0
4814	-75.875	31.792	0.2888	0.5147	0.1141	0.0268	1.0
4815	-75.792	31.792	0.3465	0.4579	0.1007	0.0134	1.0
4816	-75.708	31.792	0.3521	0.4027	0.1415	0.0212	1.0
4817	-75.625	31.792	0.3109	0.3846	0.1693	0.0255	1.0
4818	-75.542	31.792	0.1938	0.3314	0.1392	0.0205	1.0
4819	-75.458	31.792	0.0240	0.2734	0.1347	0.0435	1.0
4820	-75.375	31.792	0.0240	0.2734	0.1347	0.0435	nan
4821	-75.292	31.792	0.0000	0.0000	0.0000	0.0000	nan
4822	-75.208	31.792	0.0000	0.0000	0.0000	0.0000	nan
4823	-75.125	31.792	0.0000	0.0000	0.0000	0.0000	nan
4824	-75.042	31.792	0.0000	0.0000	0.0000	0.0000	nan
4825	-74.958	31.792	0.0000	0.0000	0.0000	0.0000	nan
4826	-74.875	31.792	0.0000	0.0000	0.0000	0.0000	nan
4827	-74.792	31.792	0.0000	0.0000	0.0000	0.0000	nan
4828	-74.708	31.792	0.0000	0.0000	0.0000	0.0000	nan
4829	-74.625	31.792	0.0000	0.0000	0.0000	0.0000	nan
4830	-74.542	31.792	0.0000	0.0000	0.0000	0.0000	nan
4831	-74.458	31.792	0.0000	0.0000	0.0000	0.0000	nan
4832	-74.375	31.792	0.0000	0.0000	0.0000	0.0000	nan
4833	-74.292	31.792	0.0000	0.0000	0.0000	0.0000	nan
4834	-74.208	31.792	0.0000	0.0000	0.0000	0.0000	nan
4835	-74.125	31.792	0.0000	0.0000	0.0000	0.0000	nan
4836	-74.042	31.792	0.0000	0.0000	0.0000	0.0000	nan
4837	-73.958	31.792	0.0000	0.0000	0.0000	0.0000	nan
4838	-73.875	31.792	0.0000	0.0000	0.0000	0.0000	nan
4839	-73.792	31.792	0.0000	0.0000	0.0000	0.0000	nan
4840	-73.708	31.792	0.0000	0.0000	0.0000	0.0000	nan
4841	-73.625	31.792	0.0000	0.0000	0.0000	0.0000	nan
4842	-73.542	31.792	0.0000	0.0000	0.0000	0.0000	nan
4843	-73.458	31.792	0.0000	0.0000	0.0000	0.0000	nan
4844	-73.375	31.792	0.0000	0.0000	0.0000	0.0000	nan
4845	-73.292	31.792	0.0000	0.0000	0.0000	0.0000	nan
4846	-73.208	31.792	0.0000	0.0000	0.0000	0.0000	nan
4847	-73.125	31.792	0.0000	0.0000	0.0000	0.0000	nan
4848	-73.042	31.792	0.0000	0.0000	0.0000	0.0000	nan
4849	-72.958	31.792	0.0000	0.0000	0.0000	0.0000	nan
4850	-72.875	31.792	0.0000	0.0000	0.0000	0.0000	nan
4851	-72.792	31.792	0.0000	0.0000	0.0000	0.0000	nan
4852	-72.708	31.792	0.0000	0.0000	0.0000	0.0000	nan
4853	-72.625	31.792	0.0000	0.0000	0.0000	0.0000	nan
4854	-72.542	31.792	0.0000	0.0000	0.0000	0.0000	nan
4855	-72.458	31.792	0.0000	0.0000	0.0000	0.0000	nan
4856	-72.375	31.792	0.0000	0.0000	0.0000	0.0000	nan
4857	-72.292	31.792	0.0000	0.0000	0.0000	0.0000	nan
4858	-72.208	31.792	0.0000	0.0000	0.0000	0.0000	nan
4859	-72.125	31.792	0.0000	0.0000	0.0000	0.0000	nan
4860	-72.042	31.792	0.0000	0.0000	0.0000	0.0000	nan
4861	-71.958	31.792	0.0000	0.0000	0.0000	0.0000	nan
4862	-71.875	31.792	0.0000	0.0000	0.0000	0.0000	nan
4863	-71.792	31.792	0.0000	0.0000	0.0000	0.0000	nan
4864	-71.708	31.792	0.0000	0.0000	0.0000	0.0000	nan
4865	-71.625	31.792	0.0000	0.0000	0.0000	0.0000	nan
4866	-71.542	31.792	0.0000	0.0000	0.0000	0.0000	nan
4867	-71.458	31.792	0.0000	0.0000	0.0000	0.0000	nan
4868	-71.375	31.792	0.0000	0.0000	0.0000	0.0000	nan
4869	-71.292	31.792	0.0000	0.0000	0.0000	0.0000	nan
4870	-71.208	31.792	0.0000	0.0000	0.0000	0.0000	nan
4871	-71.125	31.792	0.0000	0.0000	0.0000	0.0000	nan
4872	-71.042	31.792	0.0000	0.0000	0.0000	0.0000	nan
4873	-77.958	31.875	0.0000	0.0000	0.0000	0.0000	nan
4874	-77.875	31.875	0.0000	0.0000	0.0000	0.0000	nan
4875	-77.792	31.875	0.0000	0.0000	0.0000	0.0000	nan
4876	-77.708	31.875	0.0000	0.0000	0.0000	0.0000	nan
4877	-77.625	31.875	0.0000	0.0000	0.0000	0.0000	nan
4878	-77.542	31.875	0.0000	0.0000	0.0000	0.0000	1.0
4879	-77.458	31.875	0.0342	0.3117	0.1438	0.0441	2.0
4880	-77.375	31.875	0.0814	0.0830	-0.1604	0.0592	2.0
4881	-77.292	31.875	0.0622	0.1098	-0.1528	0.0686	1.0
4882	-77.208	31.875	0.1187	0.4369	-0.0238	0.0936	1.0
4883	-77.125	31.875	0.1556	0.5357	-0.0361	0.0382	1.0
4884	-77.042	31.875	0.1839	0.4782	-0.1752	-0.0017	1.0
4885	-76.958	31.875	0.1901	0.5701	-0.0567	-0.0037	1.0
4886	-76.875	31.875	0.2478	0.5346	-0.0065	-0.0444	1.0
4887	-76.792	31.875	0.2666	0.4550	0.1234	-0.0202	1.0
4888	-76.708	31.875	0.2289	0.4472	0.1522	-0.0075	1.0
4889	-76.625	31.875	0.2132	0.3981	0.1636	0.0116	1.0
4890	-76.542	31.875	0.2118	0.3952	0.1635	0.0120	1.0
4891	-76.458	31.875	0.2155	0.3965	0.1634	0.0112	1.0
4892	-76.375	31.875	0.1587	0.3646	0.1473	0.0281	1.0
4893	-76.292	31.875	0.2096	0.3955	0.1633	0.0126	1.0
4894	-76.208	31.875	0.3459	0.4221	0.1109	0.0383	1.0
4895	-76.125	31.875	0.2942	0.5275	0.0431	0.0671	1.0
4896	-76.042	31.875	0.3208	0.4767	0.0704	0.0350	1.0
4897	-75.958	31.875	0.3834	0.4327	0.0187	0.0072	1.0
4898	-75.875	31.875	0.3092	0.5311	0.0527	0.0416	1.0
4899	-75.792	31.875	0.2978	0.5132	0.0649	0.0346	1.0
4900	-75.708	31.875	0.3255	0.4736	0.0913	0.0181	1.0
4901	-75.625	31.875	0.3002	0.4455	0.1129	0.0081	1.0
4902	-75.542	31.875	0.3237	0.3570	0.1793	0.0056	1.0
4903	-75.458	31.875	0.2978	0.3725	0.1564	-0.0140	1.0
4904	-75.375	31.875	0.0240	0.2739	0.1347	0.0435	nan
4905	-75.292	31.875	0.0000	0.0000	0.0000	0.0000	nan
4906	-75.208	31.875	0.0000	0.0000	0.0000	0.0000	nan
4907	-75.125	31.875	0.0000	0.0000	0.0000	0.0000	nan
4908	-75.042	31.875	0.0000	0.0000	0.0000	0.0000	nan
4909	-74.958	31.875	0.0000	0.0000	0.0000	0.0000	nan
4910	-74.875	31.875	0.0000	0.0000	0.0000	0.0000	nan
4911	-74.792	31.875	0.0000	0.0000	0.0000	0.0000	nan
4912	-74.708	31.875	0.0000	0.0000	0.0000	0.0000	nan
4913	-74.625	31.875	0.0000	0.0000	0.0000	0.0000	nan
4914	-74.542	31.875	0.0000	0.0000	0.0000	0.0000	nan
4915	-74.458	31.875	0.0000	0.0000	0.0000	0.0000	nan
4916	-74.375	31.875	0.0000	0.0000	0.0000	0.0000	nan
4917	-74.292	31.875	0.0000	0.0000	0.0000	0.0000	nan
4918	-74.208	31.875	0.0000	0.0000	0.0000	0.0000	nan
4919	-74.125	31.875	0.0000	0.0000	0.0000	0.0000	nan
4920	-74.042	31.875	0.0000	0.0000	0.0000	0.0000	nan
4921	-73.958	31.875	0.0000	0.0000	0.0000	0.0000	nan
4922	-73.875	31.875	0.0000	0.0000	0.0000	0.0000	nan
4923	-73.792	31.875	0.0000	0.0000	0.0000	0.0000	nan
4924	-73.708	31.875	0.0000	0.0000	0.0000	0.0000	nan
4925	-73.625	31.875	0.0000	0.0000	0.0000	0.0000	nan
4926	-73.542	31.875	0.0000	0.0000	0.0000	0.0000	nan
4927	-73.458	31.875	0.0000	0.0000	0.0000	0.0000	nan
4928	-73.375	31.875	0.0000	0.0000	0.0000	0.0000	nan
4929	-73.292	31.875	0.0000	0.0000	0.0000	0.0000	nan
4930	-73.208	31.875	0.0000	0.0000	0.0000	0.0000	nan
4931	-73.125	31.875	0.0000	0.0000	0.0000	0.0000	nan
4932	-73.042	31.875	0.0000	0.0000	0.0000	0.0000	nan
4933	-72.958	31.875	0.0000	0.0000	0.0000	0.0000	nan
4934	-72.875	31.875	0.0000	0.0000	0.0000	0.0000	nan
4935	-72.792	31.875	0.0000	0.0000	0.0000	0.0000	nan
4936	-72.708	31.875	0.0000	0.0000	0.0000	0.0000	nan
4937	-72.625	31.875	0.0000	0.0000	0.0000	0.0000	nan
4938	-72.542	31.875	0.0000	0.0000	0.0000	0.0000	nan
4939	-72.458	31.875	0.0000	0.0000	0.0000	0.0000	nan
4940	-72.375	31.875	0.0000	0.0000	0.0000	0.0000	nan
4941	-72.292	31.875	0.0000	0.0000	0.0000	0.0000	nan
4942	-72.208	31.875	0.0000	0.0000	0.0000	0.0000	nan
4943	-72.125	31.875	0.0000	0.0000	0.0000	0.0000	nan
4944	-72.042	31.875	0.0000	0.0000	0.0000	0.0000	nan
4945	-71.958	31.875	0.0000	0.0000	0.0000	0.0000	nan
4946	-71.875	31.875	0.0000	0.0000	0.0000	0.0000	nan
4947	-71.792	31.875	0.0000	0.0000	0.0000	0.0000	nan
4948	-71.708	31.875	0.0000	0.0000	0.0000	0.0000	nan
4949	-71.625	31.875	0.0000	0.0000	0.0000	0.0000	nan
4950	-71.542	31.875	0.0000	0.0000	0.0000	0.0000	nan
4951	-71.458	31.875	0.0000	0.0000	0.0000	0.0000	nan
4952	-71.375	31.875	0.0000	0.0000	0.0000	0.0000	nan
4953	-71.292	31.875	0.0000	0.0000	0.0000	0.0000	nan
4954	-71.208	31.875	0.0000	0.0000	0.0000	0.0000	nan
4955	-71.125	31.875	0.0000	0.0000	0.0000	0.0000	nan
4956	-71.042	31.875	0.0000	0.0000	0.0000	0.0000	nan
4957	-77.958	31.958	0.0000	0.0000	0.0000	0.0000	nan
4958	-77.875	31.958	0.0000	0.0000	0.0000	0.0000	nan
4959	-77.792	31.958	0.0000	0.0000	0.0000	0.0000	nan
4960	-77.708	31.958	0.0000	0.0000	0.0000	0.0000	nan
4961	-77.625	31.958	0.0000	0.0000	0.0000	0.0000	nan
4962	-77.542	31.958	0.0000	0.0000	0.0000	0.0000	2.0
4963	-77.458	31.958	0.0738	0.0858	-0.1518	0.0625	2.0
4964	-77.375	31.958	0.0736	0.0730	-0.1577	0.0619	2.0
4965	-77.292	31.958	0.1140	-0.0177	-0.3235	0.1306	1.0
4966	-77.208	31.958	0.0867	0.2908	-0.0175	0.0969	1.0
4967	-77.125	31.958	0.0981	0.4148	-0.0308	0.0636	1.0
4968	-77.042	31.958	0.2116	0.5387	0.0072	0.0309	1.0
4969	-76.958	31.958	0.1966	0.4982	-0.1345	-0.0085	1.0
4970	-76.875	31.958	0.2209	0.5607	-0.0408	-0.0084	1.0
4971	-76.792	31.958	0.1928	0.5030	-0.0170	-0.0220	1.0
4972	-76.708	31.958	0.2428	0.4595	0.1534	-0.0131	1.0
4973	-76.625	31.958	0.2042	0.4509	0.1368	-0.0050	1.0
4974	-76.542	31.958	0.2067	0.3989	0.1634	0.0131	1.0
4975	-76.458	31.958	0.2116	0.3855	0.1636	0.0120	1.0
4976	-76.375	31.958	0.2206	0.4003	0.1635	0.0099	1.0
4977	-76.292	31.958	0.1503	0.3577	0.1458	0.0290	1.0
4978	-76.208	31.958	0.3240	0.4477	0.1152	0.0376	1.0
4979	-76.125	31.958	0.2804	0.5791	0.0023	0.0540	1.0
4980	-76.042	31.958	0.3458	0.4499	0.0641	0.0368	1.0
4981	-75.958	31.958	0.3193	0.4636	0.0903	0.0359	1.0
4982	-75.875	31.958	0.3453	0.4433	0.0718	0.0824	1.0
4983	-75.792	31.958	0.2939	0.4983	0.0422	0.0528	1.0
4984	-75.708	31.958	0.2971	0.5278	0.0758	0.0146	1.0
4985	-75.625	31.958	0.3514	0.3779	0.1706	0.0394	1.0
4986	-75.542	31.958	0.3520	0.3826	0.1867	0.0178	1.0
4987	-75.458	31.958	0.3163	0.3743	0.1919	-0.0075	1.0
4988	-75.375	31.958	0.0240	0.2738	0.1347	0.0435	1.0
4989	-75.292	31.958	0.0240	0.2738	0.1347	0.0435	nan
4990	-75.208	31.958	0.0000	0.0000	0.0000	0.0000	nan
4991	-75.125	31.958	0.0000	0.0000	0.0000	0.0000	nan
4992	-75.042	31.958	0.0000	0.0000	0.0000	0.0000	nan
4993	-74.958	31.958	0.0000	0.0000	0.0000	0.0000	nan
4994	-74.875	31.958	0.0000	0.0000	0.0000	0.0000	nan
4995	-74.792	31.958	0.0000	0.0000	0.0000	0.0000	nan
4996	-74.708	31.958	0.0000	0.0000	0.0000	0.0000	nan
4997	-74.625	31.958	0.0000	0.0000	0.0000	0.0000	nan
4998	-74.542	31.958	0.0000	0.0000	0.0000	0.0000	nan
4999	-74.458	31.958	0.0000	0.0000	0.0000	0.0000	nan
5000	-74.375	31.958	0.0000	0.0000	0.0000	0.0000	nan
5001	-74.292	31.958	0.0000	0.0000	0.0000	0.0000	nan
5002	-74.208	31.958	0.0000	0.0000	0.0000	0.0000	nan
5003	-74.125	31.958	0.0000	0.0000	0.0000	0.0000	nan
5004	-74.042	31.958	0.0000	0.0000	0.0000	0.0000	nan
5005	-73.958	31.958	0.0000	0.0000	0.0000	0.0000	nan
5006	-73.875	31.958	0.0000	0.0000	0.0000	0.0000	nan
5007	-73.792	31.958	0.0000	0.0000	0.0000	0.0000	nan
5008	-73.708	31.958	0.0000	0.0000	0.0000	0.0000	nan
5009	-73.625	31.958	0.0000	0.0000	0.0000	0.0000	nan
5010	-73.542	31.958	0.0000	0.0000	0.0000	0.0000	nan
5011	-73.458	31.958	0.0000	0.0000	0.0000	0.0000	nan
5012	-73.375	31.958	0.0000	0.0000	0.0000	0.0000	nan
5013	-73.292	31.958	0.0000	0.0000	0.0000	0.0000	nan
5014	-73.208	31.958	0.0000	0.0000	0.0000	0.0000	nan
5015	-73.125	31.958	0.0000	0.0000	0.0000	0.0000	nan
5016	-73.042	31.958	0.0000	0.0000	0.0000	0.0000	nan
5017	-72.958	31.958	0.0000	0.0000	0.0000	0.0000	nan
5018	-72.875	31.958	0.0000	0.0000	0.0000	0.0000	nan
5019	-72.792	31.958	0.0000	0.0000	0.0000	0.0000	nan
5020	-72.708	31.958	0.0000	0.0000	0.0000	0.0000	nan
5021	-72.625	31.958	0.0000	0.0000	0.0000	0.0000	nan
5022	-72.542	31.958	0.0000	0.0000	0.0000	0.0000	nan
5023	-72.458	31.958	0.0000	0.0000	0.0000	0.0000	nan
5024	-72.375	31.958	0.0000	0.0000	0.0000	0.0000	nan
5025	-72.292	31.958	0.0000	0.0000	0.0000	0.0000	nan
5026	-72.208	31.958	0.0000	0.0000	0.0000	0.0000	nan
5027	-72.125	31.958	0.0000	0.0000	0.0000	0.0000	nan
5028	-72.042	31.958	0.0000	0.0000	0.0000	0.0000	nan
5029	-71.958	31.958	0.0000	0.0000	0.0000	0.0000	nan
5030	-71.875	31.958	0.0000	0.0000	0.0000	0.0000	nan
5031	-71.792	31.958	0.0000	0.0000	0.0000	0.0000	nan
5032	-71.708	31.958	0.0000	0.0000	0.0000	0.0000	nan
5033	-71.625	31.958	0.0000	0.0000	0.0000	0.0000	nan
5034	-71.542	31.958	0.0000	0.0000	0.0000	0.0000	nan
5035	-71.458	31.958	0.0000	0.0000	0.0000	0.0000	nan
5036	-71.375	31.958	0.0000	0.0000	0.0000	0.0000	nan
5037	-71.292	31.958	0.0000	0.0000	0.0000	0.0000	nan
5038	-71.208	31.958	0.0000	0.0000	0.0000	0.0000	nan
5039	-71.125	31.958	0.0000	0.0000	0.0000	0.0000	nan
5040	-71.042	31.958	0.0000	0.0000	0.0000	0.0000	nan
5041	-77.958	32.042	0.0000	0.0000	0.0000	0.0000	nan
5042	-77.875	32.042	0.0000	0.0000	0.0000	0.0000	nan
5043	-77.792	32.042	0.0000	0.0000	0.0000	0.0000	nan
5044	-77.708	32.042	0.0000	0.0000	0.0000	0.0000	nan
5045	-77.625	32.042	0.0000	0.0000	0.0000	0.0000	nan
5046	-77.542	32.042	0.0000	0.0000	0.0000	0.0000	2.0
5047	-77.458	32.042	0.0786	0.0677	-0.1580	0.0624	2.0
5048	-77.375	32.042	0.0758	0.0692	-0.1577	0.0624	2.0
5049	-77.292	32.042	0.0676	0.0695	-0.1628	0.0610	1.0
5050	-77.208	32.042	0.0744	0.1953	-0.0746	0.0774	1.0
5051	-77.125	32.042	0.0974	0.3708	-0.0343	0.1230	1.0
5052	-77.042	32.042	0.1445	0.4785	-0.0304	0.0862	1.0
5053	-76.958	32.042	0.1756	0.5474	-0.0417	0.0421	1.0
5054	-76.875	32.042	0.1305	0.5469	-0.0543	0.0110	1.0
5055	-76.792	32.042	0.2365	0.5638	-0.0523	-0.0253	1.0
5056	-76.708	32.042	0.2651	0.4753	0.0627	-0.0174	1.0
5057	-76.625	32.042	0.2522	0.4518	0.1588	-0.0142	1.0
5058	-76.542	32.042	0.2448	0.4473	0.1573	-0.0111	1.0
5059	-76.458	32.042	0.2188	0.4015	0.1637	0.0103	1.0
5060	-76.375	32.042	0.2247	0.3981	0.1635	0.0090	1.0
5061	-76.292	32.042	0.2240	0.3982	0.1635	0.0092	1.0
5062	-76.208	32.042	0.2172	0.3981	0.1635	0.0108	1.0
5063	-76.125	32.042	0.3115	0.5022	0.0832	0.0199	1.0
5064	-76.042	32.042	0.2555	0.5655	-0.0100	0.0451	1.0
5065	-75.958	32.042	0.3304	0.4942	0.0814	0.0428	1.0
5066	-75.875	32.042	0.3003	0.5215	0.0066	0.0339	1.0
5067	-75.792	32.042	0.3085	0.5163	0.0054	0.0197	1.0
5068	-75.708	32.042	0.3203	0.4804	0.0928	0.0035	1.0
5069	-75.625	32.042	0.3254	0.4527	0.1292	0.0084	1.0
5070	-75.542	32.042	0.3281	0.3770	0.1687	0.0246	1.0
5071	-75.458	32.042	0.3177	0.3687	0.1960	-0.0065	1.0
5072	-75.375	32.042	0.0240	0.2855	0.1347	0.0435	nan
5073	-75.292	32.042	0.0000	0.0000	0.0000	0.0000	nan
5074	-75.208	32.042	0.0000	0.0000	0.0000	0.0000	nan
5075	-75.125	32.042	0.0000	0.0000	0.0000	0.0000	nan
5076	-75.042	32.042	0.0000	0.0000	0.0000	0.0000	nan
5077	-74.958	32.042	0.0000	0.0000	0.0000	0.0000	nan
5078	-74.875	32.042	0.0000	0.0000	0.0000	0.0000	nan
5079	-74.792	32.042	0.0000	0.0000	0.0000	0.0000	nan
5080	-74.708	32.042	0.0000	0.0000	0.0000	0.0000	nan
5081	-74.625	32.042	0.0000	0.0000	0.0000	0.0000	nan
5082	-74.542	32.042	0.0000	0.0000	0.0000	0.0000	nan
5083	-74.458	32.042	0.0000	0.0000	0.0000	0.0000	nan
5084	-74.375	32.042	0.0000	0.0000	0.0000	0.0000	nan
5085	-74.292	32.042	0.0000	0.0000	0.0000	0.0000	nan
5086	-74.208	32.042	0.0000	0.0000	0.0000	0.0000	nan
5087	-74.125	32.042	0.0000	0.0000	0.0000	0.0000	nan
5088	-74.042	32.042	0.0000	0.0000	0.0000	0.0000	nan
5089	-73.958	32.042	0.0000	0.0000	0.0000	0.0000	nan
5090	-73.875	32.042	0.0000	0.0000	0.0000	0.0000	nan
5091	-73.792	32.042	0.0000	0.0000	0.0000	0.0000	nan
5092	-73.708	32.042	0.0000	0.0000	0.0000	0.0000	nan
5093	-73.625	32.042	0.0000	0.0000	0.0000	0.0000	nan
5094	-73.542	32.042	0.0000	0.0000	0.0000	0.0000	nan
5095	-73.458	32.042	0.0000	0.0000	0.0000	0.0000	nan
5096	-73.375	32.042	0.0000	0.0000	0.0000	0.0000	nan
5097	-73.292	32.042	0.0000	0.0000	0.0000	0.0000	nan
5098	-73.208	32.042	0.0000	0.0000	0.0000	0.0000	nan
5099	-73.125	32.042	0.0000	0.0000	0.0000	0.0000	nan
5100	-73.042	32.042	0.0000	0.0000	0.0000	0.0000	nan
5101	-72.958	32.042	0.0000	0.0000	0.0000	0.0000	nan
5102	-72.875	32.042	0.0000	0.0000	0.0000	0.0000	nan
5103	-72.792	32.042	0.0000	0.0000	0.0000	0.0000	nan
5104	-72.708	32.042	0.0000	0.0000	0.0000	0.0000	nan
5105	-72.625	32.042	0.0000	0.0000	0.0000	0.0000	nan
5106	-72.542	32.042	0.0000	0.0000	0.0000	0.0000	nan
5107	-72.458	32.042	0.0000	0.0000	0.0000	0.0000	nan
5108	-72.375	32.042	0.0000	0.0000	0.0000	0.0000	nan
5109	-72.292	32.042	0.0000	0.0000	0.0000	0.0000	nan
5110	-72.208	32.042	0.0000	0.0000	0.0000	0.0000	nan
5111	-72.125	32.042	0.0000	0.0000	0.0000	0.0000	nan
5112	-72.042	32.042	0.0000	0.0000	0.0000	0.0000	nan
5113	-71.958	32.042	0.0000	0.0000	0.0000	0.0000	nan
5114	-71.875	32.042	0.0000	0.0000	0.0000	0.0000	nan
5115	-71.792	32.042	0.0000	0.0000	0.0000	0.0000	nan
5116	-71.708	32.042	0.0000	0.0000	0.0000	0.0000	nan
5117	-71.625	32.042	0.0000	0.0000	0.0000	0.0000	nan
5118	-71.542	32.042	0.0000	0.0000	0.0000	0.0000	nan
5119	-71.458	32.042	0.0000	0.0000	0.0000	0.0000	nan
5120	-71.375	32.042	0.0000	0.0000	0.0000	0.0000	nan
5121	-71.292	32.042	0.0000	0.0000	0.0000	0.0000	nan
5122	-71.208	32.042	0.0000	0.0000	0.0000	0.0000	nan
5123	-71.125	32.042	0.0000	0.0000	0.0000	0.0000	nan
5124	-71.042	32.042	0.0000	0.0000	0.0000	0.0000	nan
5125	-77.958	32.125	0.0000	0.0000	0.0000	0.0000	nan
5126	-77.875	32.125	0.0000	0.0000	0.0000	0.0000	nan
5127	-77.792	32.125	0.0000	0.0000	0.0000	0.0000	nan
5128	-77.708	32.125	0.0000	0.0000	0.0000	0.0000	nan
5129	-77.625	32.125	0.0000	0.0000	0.0000	0.0000	nan
5130	-77.542	32.125	0.0000	0.0000	0.0000	0.0000	nan
5131	-77.458	32.125	0.0000	0.0000	0.0000	0.0000	nan
5132	-77.375	32.125	0.0000	0.0000	0.0000	0.0000	nan
5133	-77.292	32.125	0.0000	0.0000	0.0000	0.0000	1.0
5134	-77.208	32.125	0.0976	0.1955	-0.0772	0.1169	1.0
5135	-77.125	32.125	0.0898	0.3608	-0.0561	0.2009	1.0
5136	-77.042	32.125	0.1497	0.4268	-0.0465	0.1566	1.0
5137	-76.958	32.125	0.1456	0.4511	-0.0458	0.1164	1.0
5138	-76.875	32.125	0.1511	0.5471	-0.0687	-0.0045	1.0
5139	-76.792	32.125	0.2109	0.5772	-0.0325	-0.0118	1.0
5140	-76.708	32.125	0.2624	0.5705	-0.0331	-0.0456	1.0
5141	-76.625	32.125	0.2999	0.4528	0.1183	-0.0282	1.0
5142	-76.542	32.125	0.2734	0.4733	0.1623	-0.0214	1.0
5143	-76.458	32.125	0.2400	0.4429	0.1559	-0.0095	1.0
5144	-76.375	32.125	0.2134	0.4004	0.1636	0.0116	1.0
5145	-76.292	32.125	0.2257	0.3984	0.1635	0.0087	1.0
5146	-76.208	32.125	0.2128	0.3969	0.1634	0.0118	1.0
5147	-76.125	32.125	0.2145	0.3975	0.1635	0.0114	1.0
5148	-76.042	32.125	0.2183	0.3948	0.1634	0.0106	1.0
5149	-75.958	32.125	0.2456	0.5836	-0.0096	0.0241	1.0
5150	-75.875	32.125	0.3137	0.4990	0.0567	0.0179	1.0
5151	-75.792	32.125	0.3595	0.4742	0.0992	-0.0108	1.0
5152	-75.708	32.125	0.3340	0.4526	0.0918	-0.0083	1.0
5153	-75.625	32.125	0.3332	0.3712	0.1597	0.0400	1.0
5154	-75.542	32.125	0.3422	0.3940	0.1971	0.0018	1.0
5155	-75.458	32.125	0.3241	0.3679	0.1908	-0.0091	1.0
5156	-75.375	32.125	0.0240	0.2694	0.1347	0.0435	nan
5157	-75.292	32.125	0.0000	0.0000	0.0000	0.0000	nan
5158	-75.208	32.125	0.0000	0.0000	0.0000	0.0000	nan
5159	-75.125	32.125	0.0000	0.0000	0.0000	0.0000	nan
5160	-75.042	32.125	0.0000	0.0000	0.0000	0.0000	nan
5161	-74.958	32.125	0.0000	0.0000	0.0000	0.0000	nan
5162	-74.875	32.125	0.0000	0.0000	0.0000	0.0000	nan
5163	-74.792	32.125	0.0000	0.0000	0.0000	0.0000	nan
5164	-74.708	32.125	0.0000	0.0000	0.0000	0.0000	nan
5165	-74.625	32.125	0.0000	0.0000	0.0000	0.0000	nan
5166	-74.542	32.125	0.0000	0.0000	0.0000	0.0000	nan
5167	-74.458	32.125	0.0000	0.0000	0.0000	0.0000	nan
5168	-74.375	32.125	0.0000	0.0000	0.0000	0.0000	nan
5169	-74.292	32.125	0.0000	0.0000	0.0000	0.0000	nan
5170	-74.208	32.125	0.0000	0.0000	0.0000	0.0000	nan
5171	-74.125	32.125	0.0000	0.0000	0.0000	0.0000	nan
5172	-74.042	32.125	0.0000	0.0000	0.0000	0.0000	nan
5173	-73.958	32.125	0.0000	0.0000	0.0000	0.0000	nan
5174	-73.875	32.125	0.0000	0.0000	0.0000	0.0000	nan
5175	-73.792	32.125	0.0000	0.0000	0.0000	0.0000	nan
5176	-73.708	32.125	0.0000	0.0000	0.0000	0.0000	nan
5177	-73.625	32.125	0.0000	0.0000	0.0000	0.0000	nan
5178	-73.542	32.125	0.0000	0.0000	0.0000	0.0000	nan
5179	-73.458	32.125	0.0000	0.0000	0.0000	0.0000	nan
5180	-73.375	32.125	0.0000	0.0000	0.0000	0.0000	nan
5181	-73.292	32.125	0.0000	0.0000	0.0000	0.0000	nan
5182	-73.208	32.125	0.0000	0.0000	0.0000	0.0000	nan
5183	-73.125	32.125	0.0000	0.0000	0.0000	0.0000	nan
5184	-73.042	32.125	0.0000	0.0000	0.0000	0.0000	nan
5185	-72.958	32.125	0.0000	0.0000	0.0000	0.0000	nan
5186	-72.875	32.125	0.0000	0.0000	0.0000	0.0000	nan
5187	-72.792	32.125	0.0000	0.0000	0.0000	0.0000	nan
5188	-72.708	32.125	0.0000	0.0000	0.0000	0.0000	nan
5189	-72.625	32.125	0.0000	0.0000	0.0000	0.0000	nan
5190	-72.542	32.125	0.0000	0.0000	0.0000	0.0000	nan
5191	-72.458	32.125	0.0000	0.0000	0.0000	0.0000	nan
5192	-72.375	32.125	0.0000	0.0000	0.0000	0.0000	nan
5193	-72.292	32.125	0.0000	0.0000	0.0000	0.0000	nan
5194	-72.208	32.125	0.0000	0.0000	0.0000	0.0000	nan
5195	-72.125	32.125	0.0000	0.0000	0.0000	0.0000	nan
5196	-72.042	32.125	0.0000	0.0000	0.0000	0.0000	nan
5197	-71.958	32.125	0.0000	0.0000	0.0000	0.0000	nan
5198	-71.875	32.125	0.0000	0.0000	0.0000	0.0000	nan
5199	-71.792	32.125	0.0000	0.0000	0.0000	0.0000	nan
5200	-71.708	32.125	0.0000	0.0000	0.0000	0.0000	nan
5201	-71.625	32.125	0.0000	0.0000	0.0000	0.0000	nan
5202	-71.542	32.125	0.0000	0.0000	0.0000	0.0000	nan
5203	-71.458	32.125	0.0000	0.0000	0.0000	0.0000	nan
5204	-71.375	32.125	0.0000	0.0000	0.0000	0.0000	nan
5205	-71.292	32.125	0.0000	0.0000	0.0000	0.0000	nan
5206	-71.208	32.125	0.0000	0.0000	0.0000	0.0000	nan
5207	-71.125	32.125	0.0000	0.0000	0.0000	0.0000	nan
5208	-71.042	32.125	0.0000	0.0000	0.0000	0.0000	nan
5209	-77.958	32.208	0.0000	0.0000	0.0000	0.0000	nan
5210	-77.875	32.208	0.0000	0.0000	0.0000	0.0000	nan
5211	-77.792	32.208	0.0000	0.0000	0.0000	0.0000	nan
5212	-77.708	32.208	0.0000	0.0000	0.0000	0.0000	nan
5213	-77.625	32.208	0.0000	0.0000	0.0000	0.0000	nan
5214	-77.542	32.208	0.0000	0.0000	0.0000	0.0000	nan
5215	-77.458	32.208	0.0000	0.0000	0.0000	0.0000	nan
5216	-77.375	32.208	0.0000	0.0000	0.0000	0.0000	nan
5217	-77.292	32.208	0.0000	0.0000	0.0000	0.0000	2.0
5218	-77.208	32.208	0.0750	0.0725	-0.1605	0.0631	3.0
5219	-77.125	32.208	0.0922	0.1829	-0.1357	0.1949	1.0
5220	-77.042	32.208	0.1068	0.3635	-0.0762	0.2575	1.0
5221	-76.958	32.208	0.1310	0.4223	-0.0623	0.1927	1.0
5222	-76.875	32.208	0.1737	0.4999	-0.0607	0.1919	1.0
5223	-76.792	32.208	0.2072	0.5170	-0.1296	-0.0092	1.0
5224	-76.708	32.208	0.2296	0.5761	-0.0478	-0.0263	1.0
5225	-76.625	32.208	0.2727	0.5057	0.0429	-0.0548	1.0
5226	-76.542	32.208	0.3145	0.4703	0.1050	-0.0385	1.0
5227	-76.458	32.208	0.2367	0.4016	0.1727	0.0090	1.0
5228	-76.375	32.208	0.2409	0.4515	0.1491	-0.0140	1.0
5229	-76.292	32.208	0.2135	0.4000	0.1634	0.0117	1.0
5230	-76.208	32.208	0.2128	0.3981	0.1633	0.0119	1.0
5231	-76.125	32.208	0.2117	0.3967	0.1635	0.0120	1.0
5232	-76.042	32.208	0.2089	0.3962	0.1634	0.0127	nan
5233	-75.958	32.208	0.0000	0.0000	0.0000	0.0000	1.0
5234	-75.875	32.208	0.2829	0.5454	0.0274	-0.0003	1.0
5235	-75.792	32.208	0.3537	0.4924	0.1027	-0.0190	1.0
5236	-75.708	32.208	0.3343	0.4162	0.1908	0.0270	1.0
5237	-75.625	32.208	0.2674	0.3877	0.1616	-0.0030	1.0
5238	-75.542	32.208	0.3158	0.3708	0.1930	-0.0063	1.0
5239	-75.458	32.208	0.0240	0.2709	0.1347	0.0435	1.0
5240	-75.375	32.208	0.0240	0.2710	0.1347	0.0435	0.0
5241	-75.292	32.208	0.2176	0.1825	0.0799	-0.0513	nan
5242	-75.208	32.208	0.0000	0.0000	0.0000	0.0000	nan
5243	-75.125	32.208	0.0000	0.0000	0.0000	0.0000	nan
5244	-75.042	32.208	0.0000	0.0000	0.0000	0.0000	nan
5245	-74.958	32.208	0.0000	0.0000	0.0000	0.0000	nan
5246	-74.875	32.208	0.0000	0.0000	0.0000	0.0000	nan
5247	-74.792	32.208	0.0000	0.0000	0.0000	0.0000	nan
5248	-74.708	32.208	0.0000	0.0000	0.0000	0.0000	nan
5249	-74.625	32.208	0.0000	0.0000	0.0000	0.0000	nan
5250	-74.542	32.208	0.0000	0.0000	0.0000	0.0000	nan
5251	-74.458	32.208	0.0000	0.0000	0.0000	0.0000	nan
5252	-74.375	32.208	0.0000	0.0000	0.0000	0.0000	nan
5253	-74.292	32.208	0.0000	0.0000	0.0000	0.0000	nan
5254	-74.208	32.208	0.0000	0.0000	0.0000	0.0000	nan
5255	-74.125	32.208	0.0000	0.0000	0.0000	0.0000	nan
5256	-74.042	32.208	0.0000	0.0000	0.0000	0.0000	nan
5257	-73.958	32.208	0.0000	0.0000	0.0000	0.0000	nan
5258	-73.875	32.208	0.0000	0.0000	0.0000	0.0000	nan
5259	-73.792	32.208	0.0000	0.0000	0.0000	0.0000	nan
5260	-73.708	32.208	0.0000	0.0000	0.0000	0.0000	nan
5261	-73.625	32.208	0.0000	0.0000	0.0000	0.0000	nan
5262	-73.542	32.208	0.0000	0.0000	0.0000	0.0000	nan
5263	-73.458	32.208	0.0000	0.0000	0.0000	0.0000	nan
5264	-73.375	32.208	0.0000	0.0000	0.0000	0.0000	nan
5265	-73.292	32.208	0.0000	0.0000	0.0000	0.0000	nan
5266	-73.208	32.208	0.0000	0.0000	0.0000	0.0000	nan
5267	-73.125	32.208	0.0000	0.0000	0.0000	0.0000	nan
5268	-73.042	32.208	0.0000	0.0000	0.0000	0.0000	nan
5269	-72.958	32.208	0.0000	0.0000	0.0000	0.0000	nan
5270	-72.875	32.208	0.0000	0.0000	0.0000	0.0000	nan
5271	-72.792	32.208	0.0000	0.0000	0.0000	0.0000	nan
5272	-72.708	32.208	0.0000	0.0000	0.0000	0.0000	nan
5273	-72.625	32.208	0.0000	0.0000	0.0000	0.0000	nan
5274	-72.542	32.208	0.0000	0.0000	0.0000	0.0000	nan
5275	-72.458	32.208	0.0000	0.0000	0.0000	0.0000	nan
5276	-72.375	32.208	0.0000	0.0000	0.0000	0.0000	nan
5277	-72.292	32.208	0.0000	0.0000	0.0000	0.0000	nan
5278	-72.208	32.208	0.0000	0.0000	0.0000	0.0000	nan
5279	-72.125	32.208	0.0000	0.0000	0.0000	0.0000	nan
5280	-72.042	32.208	0.0000	0.0000	0.0000	0.0000	nan
5281	-71.958	32.208	0.0000	0.0000	0.0000	0.0000	nan
5282	-71.875	32.208	0.0000	0.0000	0.0000	0.0000	nan
5283	-71.792	32.208	0.0000	0.0000	0.0000	0.0000	nan
5284	-71.708	32.208	0.0000	0.0000	0.0000	0.0000	nan
5285	-71.625	32.208	0.0000	0.0000	0.0000	0.0000	nan
5286	-71.542	32.208	0.0000	0.0000	0.0000	0.0000	nan
5287	-71.458	32.208	0.0000	0.0000	0.0000	0.0000	nan
5288	-71.375	32.208	0.0000	0.0000	0.0000	0.0000	nan
5289	-71.292	32.208	0.0000	0.0000	0.0000	0.0000	nan
5290	-71.208	32.208	0.0000	0.0000	0.0000	0.0000	nan
5291	-71.125	32.208	0.0000	0.0000	0.0000	0.0000	nan
5292	-71.042	32.208	0.0000	0.0000	0.0000	0.0000	nan
5293	-77.958	32.292	0.0000	0.0000	0.0000	0.0000	nan
5294	-77.875	32.292	0.0000	0.0000	0.0000	0.0000	nan
5295	-77.792	32.292	0.0000	0.0000	0.0000	0.0000	nan
5296	-77.708	32.292	0.0000	0.0000	0.0000	0.0000	nan
5297	-77.625	32.292	0.0000	0.0000	0.0000	0.0000	nan
5298	-77.542	32.292	0.0000	0.0000	0.0000	0.0000	nan
5299	-77.458	32.292	0.0000	0.0000	0.0000	0.0000	nan
5300	-77.375	32.292	0.0000	0.0000	0.0000	0.0000	nan
5301	-77.292	32.292	0.0000	0.0000	0.0000	0.0000	nan
5302	-77.208	32.292	0.0000	0.0000	0.0000	0.0000	3.0
5303	-77.125	32.292	0.0691	0.1499	-0.1663	0.2478	3.0
5304	-77.042	32.292	0.1257	0.2974	-0.1091	0.3238	1.0
5305	-76.958	32.292	0.1265	0.3928	-0.1146	0.3190	1.0
5306	-76.875	32.292	0.1563	0.3894	-0.1889	0.2833	2.0
5307	-76.792	32.292	0.3336	-0.0466	-0.3656	0.3649	1.0
5308	-76.708	32.292	0.2184	0.5549	-0.0383	-0.0072	1.0
5309	-76.625	32.292	0.2680	0.5869	-0.0244	-0.0574	1.0
5310	-76.542	32.292	0.3049	0.4549	0.1255	-0.0444	1.0
5311	-76.458	32.292	0.2610	0.4674	0.1567	-0.0266	1.0
5312	-76.375	32.292	0.2285	0.4629	0.1402	-0.0128	1.0
5313	-76.292	32.292	0.2199	0.4629	0.1376	-0.0109	1.0
5314	-76.208	32.292	0.2596	0.4575	0.1221	-0.0043	1.0
5315	-76.125	32.292	0.2685	0.4764	0.1260	-0.0121	1.0
5316	-76.042	32.292	0.2105	0.4139	0.1568	0.0073	1.0
5317	-75.958	32.292	0.1710	0.3404	0.1527	-0.0052	1.0
5318	-75.875	32.292	0.3310	0.4693	0.0942	0.0186	1.0
5319	-75.792	32.292	0.3208	0.4663	0.0826	0.0046	1.0
5320	-75.708	32.292	0.1739	0.3210	0.1519	-0.0066	nan
5321	-75.625	32.292	0.0000	0.0000	0.0000	0.0000	1.0
5322	-75.542	32.292	0.0240	0.2872	0.1347	0.0435	nan
5323	-75.458	32.292	0.0000	0.0000	0.0000	0.0000	0.0
5324	-75.375	32.292	0.2176	0.1825	0.0799	-0.0513	0.0
5325	-75.292	32.292	0.2176	0.1825	0.0799	-0.0513	0.0
5326	-75.208	32.292	0.2176	0.1685	0.0799	-0.0513	nan
5327	-75.125	32.292	0.0000	0.0000	0.0000	0.0000	nan
5328	-75.042	32.292	0.0000	0.0000	0.0000	0.0000	nan
5329	-74.958	32.292	0.0000	0.0000	0.0000	0.0000	nan
5330	-74.875	32.292	0.0000	0.0000	0.0000	0.0000	nan
5331	-74.792	32.292	0.0000	0.0000	0.0000	0.0000	nan
5332	-74.708	32.292	0.0000	0.0000	0.0000	0.0000	nan
5333	-74.625	32.292	0.0000	0.0000	0.0000	0.0000	nan
5334	-74.542	32.292	0.0000	0.0000	0.0000	0.0000	nan
5335	-74.458	32.292	0.0000	0.0000	0.0000	0.0000	nan
5336	-74.375	32.292	0.0000	0.0000	0.0000	0.0000	nan
5337	-74.292	32.292	0.0000	0.0000	0.0000	0.0000	nan
5338	-74.208	32.292	0.0000	0.0000	0.0000	0.0000	nan
5339	-74.125	32.292	0.0000	0.0000	0.0000	0.0000	nan
5340	-74.042	32.292	0.0000	0.0000	0.0000	0.0000	nan
5341	-73.958	32.292	0.0000	0.0000	0.0000	0.0000	nan
5342	-73.875	32.292	0.0000	0.0000	0.0000	0.0000	nan
5343	-73.792	32.292	0.0000	0.0000	0.0000	0.0000	nan
5344	-73.708	32.292	0.0000	0.0000	0.0000	0.0000	nan
5345	-73.625	32.292	0.0000	0.0000	0.0000	0.0000	nan
5346	-73.542	32.292	0.0000	0.0000	0.0000	0.0000	nan
5347	-73.458	32.292	0.0000	0.0000	0.0000	0.0000	nan
5348	-73.375	32.292	0.0000	0.0000	0.0000	0.0000	nan
5349	-73.292	32.292	0.0000	0.0000	0.0000	0.0000	nan
5350	-73.208	32.292	0.0000	0.0000	0.0000	0.0000	nan
5351	-73.125	32.292	0.0000	0.0000	0.0000	0.0000	nan
5352	-73.042	32.292	0.0000	0.0000	0.0000	0.0000	nan
5353	-72.958	32.292	0.0000	0.0000	0.0000	0.0000	nan
5354	-72.875	32.292	0.0000	0.0000	0.0000	0.0000	nan
5355	-72.792	32.292	0.0000	0.0000	0.0000	0.0000	nan
5356	-72.708	32.292	0.0000	0.0000	0.0000	0.0000	nan
5357	-72.625	32.292	0.0000	0.0000	0.0000	0.0000	nan
5358	-72.542	32.292	0.0000	0.0000	0.0000	0.0000	nan
5359	-72.458	32.292	0.0000	0.0000	0.0000	0.0000	nan
5360	-72.375	32.292	0.0000	0.0000	0.0000	0.0000	nan
5361	-72.292	32.292	0.0000	0.0000	0.0000	0.0000	nan
5362	-72.208	32.292	0.0000	0.0000	0.0000	0.0000	nan
5363	-72.125	32.292	0.0000	0.0000	0.0000	0.0000	nan
5364	-72.042	32.292	0.0000	0.0000	0.0000	0.0000	nan
5365	-71.958	32.292	0.0000	0.0000	0.0000	0.0000	nan
5366	-71.875	32.292	0.0000	0.0000	0.0000	0.0000	nan
5367	-71.792	32.292	0.0000	0.0000	0.0000	0.0000	nan
5368	-71.708	32.292	0.0000	0.0000	0.0000	0.0000	nan
5369	-71.625	32.292	0.0000	0.0000	0.0000	0.0000	nan
5370	-71.542	32.292	0.0000	0.0000	0.0000	0.0000	nan
5371	-71.458	32.292	0.0000	0.0000	0.0000	0.0000	nan
5372	-71.375	32.292	0.0000	0.0000	0.0000	0.0000	nan
5373	-71.292	32.292	0.0000	0.0000	0.0000	0.0000	nan
5374	-71.208	32.292	0.0000	0.0000	0.0000	0.0000	nan
5375	-71.125	32.292	0.0000	0.0000	0.0000	0.0000	nan
5376	-71.042	32.292	0.0000	0.0000	0.0000	0.0000	nan
5377	-77.958	32.375	0.0000	0.0000	0.0000	0.0000	nan
5378	-77.875	32.375	0.0000	0.0000	0.0000	0.0000	nan
5379	-77.792	32.375	0.0000	0.0000	0.0000	0.0000	nan
5380	-77.708	32.375	0.0000	0.0000	0.0000	0.0000	nan
5381	-77.625	32.375	0.0000	0.0000	0.0000	0.0000	nan
5382	-77.542	32.375	0.0000	0.0000	0.0000	0.0000	nan
5383	-77.458	32.375	0.0000	0.0000	0.0000	0.0000	nan
5384	-77.375	32.375	0.0000	0.0000	0.0000	0.0000	nan
5385	-77.292	32.375	0.0000	0.0000	0.0000	0.0000	nan
5386	-77.208	32.375	0.0000	0.0000	0.0000	0.0000	3.0
5387	-77.125	32.375	0.0260	0.1467	-0.0947	0.2825	3.0
5388	-77.042	32.375	0.0297	0.1616	-0.0689	0.2951	3.0
5389	-76.958	32.375	0.1072	0.2885	-0.1073	0.3339	1.0
5390	-76.875	32.375	0.1700	0.3521	-0.1257	0.3274	1.0
5391	-76.792	32.375	0.1577	0.3663	-0.1615	0.2793	1.0
5392	-76.708	32.375	0.1902	0.5461	-0.0907	0.0987	1.0
5393	-76.625	32.375	0.1389	0.6084	-0.0520	-0.0084	1.0
5394	-76.542	32.375	0.3022	0.4500	0.1342	-0.0415	0.0
5395	-76.458	32.375	0.3460	0.2805	0.1050	-0.0420	1.0
5396	-76.375	32.375	0.3016	0.4481	0.1127	-0.0429	1.0
5397	-76.292	32.375	0.2284	0.4668	0.1229	-0.0195	1.0
5398	-76.208	32.375	0.2270	0.4651	0.1367	-0.0138	1.0
5399	-76.125	32.375	0.2976	0.4917	0.1225	-0.0284	1.0
5400	-76.042	32.375	0.2130	0.4417	0.1421	-0.0033	1.0
5401	-75.958	32.375	0.2575	0.4019	0.1614	0.0007	nan
5402	-75.875	32.375	0.0000	0.0000	0.0000	0.0000	nan
5403	-75.792	32.375	0.0000	0.0000	0.0000	0.0000	nan
5404	-75.708	32.375	0.0000	0.0000	0.0000	0.0000	nan
5405	-75.625	32.375	0.0000	0.0000	0.0000	0.0000	nan
5406	-75.542	32.375	0.0000	0.0000	0.0000	0.0000	1.0
5407	-75.458	32.375	0.0240	0.2919	0.1347	0.0435	nan
5408	-75.375	32.375	0.0000	0.0000	0.0000	0.0000	0.0
5409	-75.292	32.375	0.2176	0.1824	0.0799	-0.0513	nan
5410	-75.208	32.375	0.0000	0.0000	0.0000	0.0000	0.0
5411	-75.125	32.375	0.2176	0.1683	0.0799	-0.0513	nan
5412	-75.042	32.375	0.0000	0.0000	0.0000	0.0000	nan
5413	-74.958	32.375	0.0000	0.0000	0.0000	0.0000	nan
5414	-74.875	32.375	0.0000	0.0000	0.0000	0.0000	nan
5415	-74.792	32.375	0.0000	0.0000	0.0000	0.0000	nan
5416	-74.708	32.375	0.0000	0.0000	0.0000	0.0000	nan
5417	-74.625	32.375	0.0000	0.0000	0.0000	0.0000	nan
5418	-74.542	32.375	0.0000	0.0000	0.0000	0.0000	nan
5419	-74.458	32.375	0.0000	0.0000	0.0000	0.0000	nan
5420	-74.375	32.375	0.0000	0.0000	0.0000	0.0000	nan
5421	-74.292	32.375	0.0000	0.0000	0.0000	0.0000	nan
5422	-74.208	32.375	0.0000	0.0000	0.0000	0.0000	nan
5423	-74.125	32.375	0.0000	0.0000	0.0000	0.0000	nan
5424	-74.042	32.375	0.0000	0.0000	0.0000	0.0000	nan
5425	-73.958	32.375	0.0000	0.0000	0.0000	0.0000	nan
5426	-73.875	32.375	0.0000	0.0000	0.0000	0.0000	nan
5427	-73.792	32.375	0.0000	0.0000	0.0000	0.0000	nan
5428	-73.708	32.375	0.0000	0.0000	0.0000	0.0000	nan
5429	-73.625	32.375	0.0000	0.0000	0.0000	0.0000	nan
5430	-73.542	32.375	0.0000	0.0000	0.0000	0.0000	nan
5431	-73.458	32.375	0.0000	0.0000	0.0000	0.0000	nan
5432	-73.375	32.375	0.0000	0.0000	0.0000	0.0000	nan
5433	-73.292	32.375	0.0000	0.0000	0.0000	0.0000	nan
5434	-73.208	32.375	0.0000	0.0000	0.0000	0.0000	nan
5435	-73.125	32.375	0.0000	0.0000	0.0000	0.0000	nan
5436	-73.042	32.375	0.0000	0.0000	0.0000	0.0000	nan
5437	-72.958	32.375	0.0000	0.0000	0.0000	0.0000	nan
5438	-72.875	32.375	0.0000	0.0000	0.0000	0.0000	nan
5439	-72.792	32.375	0.0000	0.0000	0.0000	0.0000	nan
5440	-72.708	32.375	0.0000	0.0000	0.0000	0.0000	nan
5441	-72.625	32.375	0.0000	0.0000	0.0000	0.0000	nan
5442	-72.542	32.375	0.0000	0.0000	0.0000	0.0000	nan
5443	-72.458	32.375	0.0000	0.0000	0.0000	0.0000	nan
5444	-72.375	32.375	0.0000	0.0000	0.0000	0.0000	nan
5445	-72.292	32.375	0.0000	0.0000	0.0000	0.0000	nan
5446	-72.208	32.375	0.0000	0.0000	0.0000	0.0000	nan
5447	-72.125	32.375	0.0000	0.0000	0.0000	0.0000	nan
5448	-72.042	32.375	0.0000	0.0000	0.0000	0.0000	nan
5449	-71.958	32.375	0.0000	0.0000	0.0000	0.0000	nan
5450	-71.875	32.375	0.0000	0.0000	0.0000	0.0000	nan
5451	-71.792	32.375	0.0000	0.0000	0.0000	0.0000	nan
5452	-71.708	32.375	0.0000	0.0000	0.0000	0.0000	nan
5453	-71.625	32.375	0.0000	0.0000	0.0000	0.0000	nan
5454	-71.542	32.375	0.0000	0.0000	0.0000	0.0000	nan
5455	-71.458	32.375	0.0000	0.0000	0.0000	0.0000	nan
5456	-71.375	32.375	0.0000	0.0000	0.0000	0.0000	nan
5457	-71.292	32.375	0.0000	0.0000	0.0000	0.0000	nan
5458	-71.208	32.375	0.0000	0.0000	0.0000	0.0000	nan
5459	-71.125	32.375	0.0000	0.0000	0.0000	0.0000	nan
5460	-71.042	32.375	0.0000	0.0000	0.0000	0.0000	nan
5461	-77.958	32.458	0.0000	0.0000	0.0000	0.0000	nan
5462	-77.875	32.458	0.0000	0.0000	0.0000	0.0000	nan
5463	-77.792	32.458	0.0000	0.0000	0.0000	0.0000	nan
5464	-77.708	32.458	0.0000	0.0000	0.0000	0.0000	nan
5465	-77.625	32.458	0.0000	0.0000	0.0000	0.0000	nan
5466	-77.542	32.458	0.0000	0.0000	0.0000	0.0000	nan
5467	-77.458	32.458	0.0000	0.0000	0.0000	0.0000	nan
5468	-77.375	32.458	0.0000	0.0000	0.0000	0.0000	nan
5469	-77.292	32.458	0.0000	0.0000	0.0000	0.0000	nan
5470	-77.208	32.458	0.0000	0.0000	0.0000	0.0000	nan
5471	-77.125	32.458	0.0000	0.0000	0.0000	0.0000	nan
5472	-77.042	32.458	0.0000	0.0000	0.0000	0.0000	3.0
5473	-76.958	32.458	0.0395	0.1521	-0.1357	0.3041	3.0
5474	-76.875	32.458	0.1286	0.2953	-0.1231	0.3747	1.0
5475	-76.792	32.458	0.0937	0.3833	-0.1340	0.3217	1.0
5476	-76.708	32.458	0.1023	0.4621	-0.1625	0.2490	1.0
5477	-76.625	32.458	0.1439	0.6096	-0.0952	0.1407	1.0
5478	-76.542	32.458	0.1870	0.4989	-0.0272	-0.0551	1.0
5479	-76.458	32.458	0.2425	0.6003	-0.0695	-0.0849	1.0
5480	-76.375	32.458	0.3124	0.4850	0.0778	-0.0529	1.0
5481	-76.292	32.458	0.3251	0.3613	0.1405	-0.0234	1.0
5482	-76.208	32.458	0.2407	0.4724	0.1179	-0.0252	1.0
5483	-76.125	32.458	0.2200	0.4689	0.1255	-0.0158	1.0
5484	-76.042	32.458	0.2226	0.4702	0.1249	-0.0167	1.0
5485	-75.958	32.458	0.2552	0.4016	0.1616	0.0013	nan
5486	-75.875	32.458	0.0000	0.0000	0.0000	0.0000	nan
5487	-75.792	32.458	0.0000	0.0000	0.0000	0.0000	nan
5488	-75.708	32.458	0.0000	0.0000	0.0000	0.0000	1.0
5489	-75.625	32.458	0.0240	0.2932	0.1347	0.0435	nan
5490	-75.542	32.458	0.0000	0.0000	0.0000	0.0000	nan
5491	-75.458	32.458	0.0000	0.0000	0.0000	0.0000	nan
5492	-75.375	32.458	0.0000	0.0000	0.0000	0.0000	1.0
5493	-75.292	32.458	0.2070	0.2874	0.1312	-0.0272	0.0
5494	-75.208	32.458	0.2176	0.1709	0.0799	-0.0513	nan
5495	-75.125	32.458	0.0000	0.0000	0.0000	0.0000	nan
5496	-75.042	32.458	0.0000	0.0000	0.0000	0.0000	1.0
5497	-74.958	32.458	0.0240	0.2737	0.1347	0.0435	nan
5498	-74.875	32.458	0.0000	0.0000	0.0000	0.0000	nan
5499	-74.792	32.458	0.0000	0.0000	0.0000	0.0000	nan
5500	-74.708	32.458	0.0000	0.0000	0.0000	0.0000	nan
5501	-74.625	32.458	0.0000	0.0000	0.0000	0.0000	nan
5502	-74.542	32.458	0.0000	0.0000	0.0000	0.0000	nan
5503	-74.458	32.458	0.0000	0.0000	0.0000	0.0000	nan
5504	-74.375	32.458	0.0000	0.0000	0.0000	0.0000	nan
5505	-74.292	32.458	0.0000	0.0000	0.0000	0.0000	nan
5506	-74.208	32.458	0.0000	0.0000	0.0000	0.0000	nan
5507	-74.125	32.458	0.0000	0.0000	0.0000	0.0000	nan
5508	-74.042	32.458	0.0000	0.0000	0.0000	0.0000	nan
5509	-73.958	32.458	0.0000	0.0000	0.0000	0.0000	nan
5510	-73.875	32.458	0.0000	0.0000	0.0000	0.0000	nan
5511	-73.792	32.458	0.0000	0.0000	0.0000	0.0000	nan
5512	-73.708	32.458	0.0000	0.0000	0.0000	0.0000	nan
5513	-73.625	32.458	0.0000	0.0000	0.0000	0.0000	nan
5514	-73.542	32.458	0.0000	0.0000	0.0000	0.0000	nan
5515	-73.458	32.458	0.0000	0.0000	0.0000	0.0000	nan
5516	-73.375	32.458	0.0000	0.0000	0.0000	0.0000	nan
5517	-73.292	32.458	0.0000	0.0000	0.0000	0.0000	nan
5518	-73.208	32.458	0.0000	0.0000	0.0000	0.0000	nan
5519	-73.125	32.458	0.0000	0.0000	0.0000	0.0000	nan
5520	-73.042	32.458	0.0000	0.0000	0.0000	0.0000	nan
5521	-72.958	32.458	0.0000	0.0000	0.0000	0.0000	nan
5522	-72.875	32.458	0.0000	0.0000	0.0000	0.0000	nan
5523	-72.792	32.458	0.0000	0.0000	0.0000	0.0000	nan
5524	-72.708	32.458	0.0000	0.0000	0.0000	0.0000	nan
5525	-72.625	32.458	0.0000	0.0000	0.0000	0.0000	nan
5526	-72.542	32.458	0.0000	0.0000	0.0000	0.0000	nan
5527	-72.458	32.458	0.0000	0.0000	0.0000	0.0000	nan
5528	-72.375	32.458	0.0000	0.0000	0.0000	0.0000	nan
5529	-72.292	32.458	0.0000	0.0000	0.0000	0.0000	nan
5530	-72.208	32.458	0.0000	0.0000	0.0000	0.0000	nan
5531	-72.125	32.458	0.0000	0.0000	0.0000	0.0000	nan
5532	-72.042	32.458	0.0000	0.0000	0.0000	0.0000	nan
5533	-71.958	32.458	0.0000	0.0000	0.0000	0.0000	nan
5534	-71.875	32.458	0.0000	0.0000	0.0000	0.0000	nan
5535	-71.792	32.458	0.0000	0.0000	0.0000	0.0000	nan
5536	-71.708	32.458	0.0000	0.0000	0.0000	0.0000	nan
5537	-71.625	32.458	0.0000	0.0000	0.0000	0.0000	nan
5538	-71.542	32.458	0.0000	0.0000	0.0000	0.0000	nan
5539	-71.458	32.458	0.0000	0.0000	0.0000	0.0000	nan
5540	-71.375	32.458	0.0000	0.0000	0.0000	0.0000	nan
5541	-71.292	32.458	0.0000	0.0000	0.0000	0.0000	nan
5542	-71.208	32.458	0.0000	0.0000	0.0000	0.0000	nan
5543	-71.125	32.458	0.0000	0.0000	0.0000	0.0000	nan
5544	-71.042	32.458	0.0000	0.0000	0.0000	0.0000	nan
5545	-77.958	32.542	0.0000	0.0000	0.0000	0.0000	nan
5546	-77.875	32.542	0.0000	0.0000	0.0000	0.0000	nan
5547	-77.792	32.542	0.0000	0.0000	0.0000	0.0000	nan
5548	-77.708	32.542	0.0000	0.0000	0.0000	0.0000	nan
5549	-77.625	32.542	0.0000	0.0000	0.0000	0.0000	nan
5550	-77.542	32.542	0.0000	0.0000	0.0000	0.0000	nan
5551	-77.458	32.542	0.0000	0.0000	0.0000	0.0000	nan
5552	-77.375	32.542	0.0000	0.0000	0.0000	0.0000	nan
5553	-77.292	32.542	0.0000	0.0000	0.0000	0.0000	nan
5554	-77.208	32.542	0.0000	0.0000	0.0000	0.0000	nan
5555	-77.125	32.542	0.0000	0.0000	0.0000	0.0000	nan
5556	-77.042	32.542	0.0000	0.0000	0.0000	0.0000	nan
5557	-76.958	32.542	0.0000	0.0000	0.0000	0.0000	3.0
5558	-76.875	32.542	0.0664	0.1745	-0.1455	0.3049	3.0
5559	-76.792	32.542	0.1417	0.3226	-0.1193	0.3682	1.0
5560	-76.708	32.542	0.1055	0.4197	-0.1420	0.3117	1.0
5561	-76.625	32.542	0.1317	0.5312	-0.1772	0.1912	1.0
5562	-76.542	32.542	0.1156	0.6139	-0.0792	0.1206	1.0
5563	-76.458	32.542	0.2128	0.6398	-0.0778	-0.0601	1.0
5564	-76.375	32.542	0.3023	0.5864	0.0257	-0.0431	1.0
5565	-76.292	32.542	0.3459	0.4954	0.0298	-0.0789	1.0
5566	-76.208	32.542	0.3257	0.5008	0.0935	-0.0562	1.0
5567	-76.125	32.542	0.2960	0.3955	0.1567	-0.0117	1.0
5568	-76.042	32.542	0.2517	0.4732	0.1124	-0.0306	1.0
5569	-75.958	32.542	0.2616	0.4014	0.1610	-0.0005	1.0
5570	-75.875	32.542	0.3086	0.3833	0.1496	-0.0160	nan
5571	-75.792	32.542	0.0000	0.0000	0.0000	0.0000	1.0
5572	-75.708	32.542	0.0240	0.2890	0.1347	0.0435	nan
5573	-75.625	32.542	0.0000	0.0000	0.0000	0.0000	nan
5574	-75.542	32.542	0.0000	0.0000	0.0000	0.0000	nan
5575	-75.458	32.542	0.0000	0.0000	0.0000	0.0000	1.0
5576	-75.375	32.542	0.0240	0.2918	0.1347	0.0435	0.0
5577	-75.292	32.542	0.2176	0.1762	0.0799	-0.0513	1.0
5578	-75.208	32.542	0.0240	0.2702	0.1347	0.0435	1.0
5579	-75.125	32.542	0.0240	0.2701	0.1347	0.0435	nan
5580	-75.042	32.542	0.0000	0.0000	0.0000	0.0000	nan
5581	-74.958	32.542	0.0000	0.0000	0.0000	0.0000	nan
5582	-74.875	32.542	0.0000	0.0000	0.0000	0.0000	nan
5583	-74.792	32.542	0.0000	0.0000	0.0000	0.0000	nan
5584	-74.708	32.542	0.0000	0.0000	0.0000	0.0000	nan
5585	-74.625	32.542	0.0000	0.0000	0.0000	0.0000	nan
5586	-74.542	32.542	0.0000	0.0000	0.0000	0.0000	nan
5587	-74.458	32.542	0.0000	0.0000	0.0000	0.0000	nan
5588	-74.375	32.542	0.0000	0.0000	0.0000	0.0000	nan
5589	-74.292	32.542	0.0000	0.0000	0.0000	0.0000	nan
5590	-74.208	32.542	0.0000	0.0000	0.0000	0.0000	nan
5591	-74.125	32.542	0.0000	0.0000	0.0000	0.0000	nan
5592	-74.042	32.542	0.0000	0.0000	0.0000	0.0000	nan
5593	-73.958	32.542	0.0000	0.0000	0.0000	0.0000	nan
5594	-73.875	32.542	0.0000	0.0000	0.0000	0.0000	nan
5595	-73.792	32.542	0.0000	0.0000	0.0000	0.0000	nan
5596	-73.708	32.542	0.0000	0.0000	0.0000	0.0000	nan
5597	-73.625	32.542	0.0000	0.0000	0.0000	0.0000	nan
5598	-73.542	32.542	0.0000	0.0000	0.0000	0.0000	nan
5599	-73.458	32.542	0.0000	0.0000	0.0000	0.0000	nan
5600	-73.375	32.542	0.0000	0.0000	0.0000	0.0000	nan
5601	-73.292	32.542	0.0000	0.0000	0.0000	0.0000	nan
5602	-73.208	32.542	0.0000	0.0000	0.0000	0.0000	nan
5603	-73.125	32.542	0.0000	0.0000	0.0000	0.0000	nan
5604	-73.042	32.542	0.0000	0.0000	0.0000	0.0000	nan
5605	-72.958	32.542	0.0000	0.0000	0.0000	0.0000	nan
5606	-72.875	32.542	0.0000	0.0000	0.0000	0.0000	nan
5607	-72.792	32.542	0.0000	0.0000	0.0000	0.0000	nan
5608	-72.708	32.542	0.0000	0.0000	0.0000	0.0000	nan
5609	-72.625	32.542	0.0000	0.0000	0.0000	0.0000	nan
5610	-72.542	32.542	0.0000	0.0000	0.0000	0.0000	nan
5611	-72.458	32.542	0.0000	0.0000	0.0000	0.0000	nan
5612	-72.375	32.542	0.0000	0.0000	0.0000	0.0000	nan
5613	-72.292	32.542	0.0000	0.0000	0.0000	0.0000	nan
5614	-72.208	32.542	0.0000	0.0000	0.0000	0.0000	nan
5615	-72.125	32.542	0.0000	0.0000	0.0000	0.0000	nan
5616	-72.042	32.542	0.0000	0.0000	0.0000	0.0000	nan
5617	-71.958	32.542	0.0000	0.0000	0.0000	0.0000	nan
5618	-71.875	32.542	0.0000	0.0000	0.0000	0.0000	nan
5619	-71.792	32.542	0.0000	0.0000	0.0000	0.0000	nan
5620	-71.708	32.542	0.0000	0.0000	0.0000	0.0000	nan
5621	-71.625	32.542	0.0000	0.0000	0.0000	0.0000	nan
5622	-71.542	32.542	0.0000	0.0000	0.0000	0.0000	nan
5623	-71.458	32.542	0.0000	0.0000	0.0000	0.0000	nan
5624	-71.375	32.542	0.0000	0.0000	0.0000	0.0000	nan
5625	-71.292	32.542	0.0000	0.0000	0.0000	0.0000	nan
5626	-71.208	32.542	0.0000	0.0000	0.0000	0.0000	nan
5627	-71.125	32.542	0.0000	0.0000	0.0000	0.0000	nan
5628	-71.042	32.542	0.0000	0.0000	0.0000	0.0000	nan
5629	-77.958	32.625	0.0000	0.0000	0.0000	0.0000	nan
5630	-77.875	32.625	0.0000	0.0000	0.0000	0.0000	nan
5631	-77.792	32.625	0.0000	0.0000	0.0000	0.0000	nan
5632	-77.708	32.625	0.0000	0.0000	0.0000	0.0000	nan
5633	-77.625	32.625	0.0000	0.0000	0.0000	0.0000	nan
5634	-77.542	32.625	0.0000	0.0000	0.0000	0.0000	nan
5635	-77.458	32.625	0.0000	0.0000	0.0000	0.0000	nan
5636	-77.375	32.625	0.0000	0.0000	0.0000	0.0000	nan
5637	-77.292	32.625	0.0000	0.0000	0.0000	0.0000	nan
5638	-77.208	32.625	0.0000	0.0000	0.0000	0.0000	nan
5639	-77.125	32.625	0.0000	0.0000	0.0000	0.0000	nan
5640	-77.042	32.625	0.0000	0.0000	0.0000	0.0000	nan
5641	-76.958	32.625	0.0000	0.0000	0.0000	0.0000	3.0
5642	-76.875	32.625	0.0475	0.1631	-0.1308	0.2939	3.0
5643	-76.792	32.625	0.0789	0.1560	-0.1603	0.3312	1.0
5644	-76.708	32.625	0.0770	0.3522	-0.1691	0.3314	1.0
5645	-76.625	32.625	0.0893	0.4173	-0.1440	0.2581	1.0
5646	-76.542	32.625	0.0812	0.5717	-0.1489	0.0943	1.0
5647	-76.458	32.625	0.1444	0.5492	-0.2693	0.0587	1.0
5648	-76.375	32.625	0.1379	0.6039	-0.0875	-0.0290	1.0
5649	-76.292	32.625	0.2604	0.5878	-0.0614	-0.0692	1.0
5650	-76.208	32.625	0.2845	0.5306	0.0292	-0.0875	1.0
5651	-76.125	32.625	0.3130	0.4859	0.0742	-0.0592	1.0
5652	-76.042	32.625	0.3337	0.3478	0.1330	-0.0280	1.0
5653	-75.958	32.625	0.3164	0.3801	0.1459	-0.0192	1.0
5654	-75.875	32.625	0.3129	0.3829	0.1474	-0.0176	0.0
5655	-75.792	32.625	0.2176	0.1856	0.0799	-0.0513	nan
5656	-75.708	32.625	0.0000	0.0000	0.0000	0.0000	1.0
5657	-75.625	32.625	0.0240	0.2913	0.1347	0.0435	nan
5658	-75.542	32.625	0.0000	0.0000	0.0000	0.0000	nan
5659	-75.458	32.625	0.0000	0.0000	0.0000	0.0000	0.0
5660	-75.375	32.625	0.2176	0.1896	0.0799	-0.0513	0.0
5661	-75.292	32.625	0.2176	0.1762	0.0799	-0.0513	1.0
5662	-75.208	32.625	0.0240	0.2675	0.1347	0.0435	0.0
5663	-75.125	32.625	0.2176	0.1709	0.0799	-0.0513	1.0
5664	-75.042	32.625	0.0240	0.2733	0.1347	0.0435	nan
5665	-74.958	32.625	0.0000	0.0000	0.0000	0.0000	nan
5666	-74.875	32.625	0.0000	0.0000	0.0000	0.0000	nan
5667	-74.792	32.625	0.0000	0.0000	0.0000	0.0000	0.0
5668	-74.708	32.625	0.2625	0.2579	0.0923	-0.0059	nan
5669	-74.625	32.625	0.0000	0.0000	0.0000	0.0000	nan
5670	-74.542	32.625	0.0000	0.0000	0.0000	0.0000	nan
5671	-74.458	32.625	0.0000	0.0000	0.0000	0.0000	nan
5672	-74.375	32.625	0.0000	0.0000	0.0000	0.0000	nan
5673	-74.292	32.625	0.0000	0.0000	0.0000	0.0000	nan
5674	-74.208	32.625	0.0000	0.0000	0.0000	0.0000	nan
5675	-74.125	32.625	0.0000	0.0000	0.0000	0.0000	nan
5676	-74.042	32.625	0.0000	0.0000	0.0000	0.0000	nan
5677	-73.958	32.625	0.0000	0.0000	0.0000	0.0000	nan
5678	-73.875	32.625	0.0000	0.0000	0.0000	0.0000	nan
5679	-73.792	32.625	0.0000	0.0000	0.0000	0.0000	nan
5680	-73.708	32.625	0.0000	0.0000	0.0000	0.0000	nan
5681	-73.625	32.625	0.0000	0.0000	0.0000	0.0000	nan
5682	-73.542	32.625	0.0000	0.0000	0.0000	0.0000	nan
5683	-73.458	32.625	0.0000	0.0000	0.0000	0.0000	nan
5684	-73.375	32.625	0.0000	0.0000	0.0000	0.0000	nan
5685	-73.292	32.625	0.0000	0.0000	0.0000	0.0000	nan
5686	-73.208	32.625	0.0000	0.0000	0.0000	0.0000	nan
5687	-73.125	32.625	0.0000	0.0000	0.0000	0.0000	nan
5688	-73.042	32.625	0.0000	0.0000	0.0000	0.0000	nan
5689	-72.958	32.625	0.0000	0.0000	0.0000	0.0000	nan
5690	-72.875	32.625	0.0000	0.0000	0.0000	0.0000	nan
5691	-72.792	32.625	0.0000	0.0000	0.0000	0.0000	nan
5692	-72.708	32.625	0.0000	0.0000	0.0000	0.0000	nan
5693	-72.625	32.625	0.0000	0.0000	0.0000	0.0000	nan
5694	-72.542	32.625	0.0000	0.0000	0.0000	0.0000	nan
5695	-72.458	32.625	0.0000	0.0000	0.0000	0.0000	nan
5696	-72.375	32.625	0.0000	0.0000	0.0000	0.0000	nan
5697	-72.292	32.625	0.0000	0.0000	0.0000	0.0000	nan
5698	-72.208	32.625	0.0000	0.0000	0.0000	0.0000	nan
5699	-72.125	32.625	0.0000	0.0000	0.0000	0.0000	nan
5700	-72.042	32.625	0.0000	0.0000	0.0000	0.0000	nan
5701	-71.958	32.625	0.0000	0.0000	0.0000	0.0000	nan
5702	-71.875	32.625	0.0000	0.0000	0.0000	0.0000	nan
5703	-71.792	32.625	0.0000	0.0000	0.0000	0.0000	nan
5704	-71.708	32.625	0.0000	0.0000	0.0000	0.0000	nan
5705	-71.625	32.625	0.0000	0.0000	0.0000	0.0000	nan
5706	-71.542	32.625	0.0000	0.0000	0.0000	0.0000	nan
5707	-71.458	32.625	0.0000	0.0000	0.0000	0.0000	nan
5708	-71.375	32.625	0.0000	0.0000	0.0000	0.0000	nan
5709	-71.292	32.625	0.0000	0.0000	0.0000	0.0000	nan
5710	-71.208	32.625	0.0000	0.0000	0.0000	0.0000	nan
5711	-71.125	32.625	0.0000	0.0000	0.0000	0.0000	nan
5712	-71.042	32.625	0.0000	0.0000	0.0000	0.0000	nan
5713	-77.958	32.708	0.0000	0.0000	0.0000	0.0000	nan
5714	-77.875	32.708	0.0000	0.0000	0.0000	0.0000	nan
5715	-77.792	32.708	0.0000	0.0000	0.0000	0.0000	nan
5716	-77.708	32.708	0.0000	0.0000	0.0000	0.0000	nan
5717	-77.625	32.708	0.0000	0.0000	0.0000	0.0000	nan
5718	-77.542	32.708	0.0000	0.0000	0.0000	0.0000	nan
5719	-77.458	32.708	0.0000	0.0000	0.0000	0.0000	nan
5720	-77.375	32.708	0.0000	0.0000	0.0000	0.0000	nan
5721	-77.292	32.708	0.0000	0.0000	0.0000	0.0000	nan
5722	-77.208	32.708	0.0000	0.0000	0.0000	0.0000	nan
5723	-77.125	32.708	0.0000	0.0000	0.0000	0.0000	nan
5724	-77.042	32.708	0.0000	0.0000	0.0000	0.0000	nan
5725	-76.958	32.708	0.0000	0.0000	0.0000	0.0000	nan
5726	-76.875	32.708	0.0000	0.0000	0.0000	0.0000	3.0
5727	-76.792	32.708	0.0348	0.1411	-0.0802	0.3151	3.0
5728	-76.708	32.708	0.0874	0.2861	-0.1758	0.3348	1.0
5729	-76.625	32.708	0.0901	0.3653	-0.1755	0.2870	1.0
5730	-76.542	32.708	0.1017	0.4906	-0.2273	0.2000	1.0
5731	-76.458	32.708	0.1043	0.5663	-0.2064	0.1445	1.0
5732	-76.375	32.708	0.1279	0.6003	-0.1963	0.0290	1.0
5733	-76.292	32.708	0.2116	0.6056	-0.0843	-0.0534	1.0
5734	-76.208	32.708	0.2718	0.5668	-0.0604	-0.0854	1.0
5735	-76.125	32.708	0.3323	0.4869	0.0876	-0.0693	1.0
5736	-76.042	32.708	0.3386	0.4853	0.0821	-0.0592	1.0
5737	-75.958	32.708	0.3237	0.3719	0.1418	-0.0227	0.0
5738	-75.875	32.708	0.3442	0.2708	0.0924	-0.0451	1.0
5739	-75.792	32.708	0.1874	0.3299	0.1465	-0.0138	0.0
5740	-75.708	32.708	0.2176	0.1856	0.0799	-0.0513	1.0
5741	-75.625	32.708	0.2016	0.3501	0.1371	0.0186	nan
5742	-75.542	32.708	0.0000	0.0000	0.0000	0.0000	nan
5743	-75.458	32.708	0.0000	0.0000	0.0000	0.0000	1.0
5744	-75.375	32.708	0.1837	0.3192	0.1482	-0.0118	0.0
5745	-75.292	32.708	0.2176	0.1816	0.0799	-0.0513	1.0
5746	-75.208	32.708	0.2039	0.2818	0.1347	-0.0247	1.0
5747	-75.125	32.708	0.1992	0.2925	0.1389	-0.0212	0.0
5748	-75.042	32.708	0.2176	0.1708	0.0799	-0.0513	nan
5749	-74.958	32.708	0.0000	0.0000	0.0000	0.0000	nan
5750	-74.875	32.708	0.0000	0.0000	0.0000	0.0000	nan
5751	-74.792	32.708	0.0000	0.0000	0.0000	0.0000	nan
5752	-74.708	32.708	0.0000	0.0000	0.0000	0.0000	nan
5753	-74.625	32.708	0.0000	0.0000	0.0000	0.0000	nan
5754	-74.542	32.708	0.0000	0.0000	0.0000	0.0000	nan
5755	-74.458	32.708	0.0000	0.0000	0.0000	0.0000	nan
5756	-74.375	32.708	0.0000	0.0000	0.0000	0.0000	nan
5757	-74.292	32.708	0.0000	0.0000	0.0000	0.0000	nan
5758	-74.208	32.708	0.0000	0.0000	0.0000	0.0000	nan
5759	-74.125	32.708	0.0000	0.0000	0.0000	0.0000	nan
5760	-74.042	32.708	0.0000	0.0000	0.0000	0.0000	nan
5761	-73.958	32.708	0.0000	0.0000	0.0000	0.0000	nan
5762	-73.875	32.708	0.0000	0.0000	0.0000	0.0000	nan
5763	-73.792	32.708	0.0000	0.0000	0.0000	0.0000	nan
5764	-73.708	32.708	0.0000	0.0000	0.0000	0.0000	nan
5765	-73.625	32.708	0.0000	0.0000	0.0000	0.0000	nan
5766	-73.542	32.708	0.0000	0.0000	0.0000	0.0000	nan
5767	-73.458	32.708	0.0000	0.0000	0.0000	0.0000	nan
5768	-73.375	32.708	0.0000	0.0000	0.0000	0.0000	nan
5769	-73.292	32.708	0.0000	0.0000	0.0000	0.0000	nan
5770	-73.208	32.708	0.0000	0.0000	0.0000	0.0000	nan
5771	-73.125	32.708	0.0000	0.0000	0.0000	0.0000	nan
5772	-73.042	32.708	0.0000	0.0000	0.0000	0.0000	nan
5773	-72.958	32.708	0.0000	0.0000	0.0000	0.0000	nan
5774	-72.875	32.708	0.0000	0.0000	0.0000	0.0000	nan
5775	-72.792	32.708	0.0000	0.0000	0.0000	0.0000	nan
5776	-72.708	32.708	0.0000	0.0000	0.0000	0.0000	nan
5777	-72.625	32.708	0.0000	0.0000	0.0000	0.0000	nan
5778	-72.542	32.708	0.0000	0.0000	0.0000	0.0000	nan
5779	-72.458	32.708	0.0000	0.0000	0.0000	0.0000	nan
5780	-72.375	32.708	0.0000	0.0000	0.0000	0.0000	nan
5781	-72.292	32.708	0.0000	0.0000	0.0000	0.0000	nan
5782	-72.208	32.708	0.0000	0.0000	0.0000	0.0000	nan
5783	-72.125	32.708	0.0000	0.0000	0.0000	0.0000	nan
5784	-72.042	32.708	0.0000	0.0000	0.0000	0.0000	nan
5785	-71.958	32.708	0.0000	0.0000	0.0000	0.0000	nan
5786	-71.875	32.708	0.0000	0.0000	0.0000	0.0000	nan
5787	-71.792	32.708	0.0000	0.0000	0.0000	0.0000	nan
5788	-71.708	32.708	0.0000	0.0000	0.0000	0.0000	nan
5789	-71.625	32.708	0.0000	0.0000	0.0000	0.0000	nan
5790	-71.542	32.708	0.0000	0.0000	0.0000	0.0000	nan
5791	-71.458	32.708	0.0000	0.0000	0.0000	0.0000	nan
5792	-71.375	32.708	0.0000	0.0000	0.0000	0.0000	nan
5793	-71.292	32.708	0.0000	0.0000	0.0000	0.0000	nan
5794	-71.208	32.708	0.0000	0.0000	0.0000	0.0000	nan
5795	-71.125	32.708	0.0000	0.0000	0.0000	0.0000	nan
5796	-71.042	32.708	0.0000	0.0000	0.0000	0.0000	nan
5797	-77.958	32.792	0.0000	0.0000	0.0000	0.0000	nan
5798	-77.875	32.792	0.0000	0.0000	0.0000	0.0000	nan
5799	-77.792	32.792	0.0000	0.0000	0.0000	0.0000	nan
5800	-77.708	32.792	0.0000	0.0000	0.0000	0.0000	nan
5801	-77.625	32.792	0.0000	0.0000	0.0000	0.0000	nan
5802	-77.542	32.792	0.0000	0.0000	0.0000	0.0000	nan
5803	-77.458	32.792	0.0000	0.0000	0.0000	0.0000	nan
5804	-77.375	32.792	0.0000	0.0000	0.0000	0.0000	nan
5805	-77.292	32.792	0.0000	0.0000	0.0000	0.0000	nan
5806	-77.208	32.792	0.0000	0.0000	0.0000	0.0000	nan
5807	-77.125	32.792	0.0000	0.0000	0.0000	0.0000	nan
5808	-77.042	32.792	0.0000	0.0000	0.0000	0.0000	nan
5809	-76.958	32.792	0.0000	0.0000	0.0000	0.0000	nan
5810	-76.875	32.792	0.0000	0.0000	0.0000	0.0000	nan
5811	-76.792	32.792	0.0000	0.0000	0.0000	0.0000	3.0
5812	-76.708	32.792	0.0640	0.1562	-0.1648	0.2963	3.0
5813	-76.625	32.792	0.0944	0.2665	-0.2346	0.2723	1.0
5814	-76.542	32.792	0.1050	0.3762	-0.3020	0.1614	nan
5815	-76.458	32.792	0.0000	0.0000	0.0000	0.0000	1.0
5816	-76.375	32.792	0.1163	0.5417	-0.2603	0.1223	1.0
5817	-76.292	32.792	0.1257	0.6257	-0.1082	-0.0084	1.0
5818	-76.208	32.792	0.2219	0.6182	-0.0832	-0.0714	1.0
5819	-76.125	32.792	0.2715	0.5521	-0.0547	-0.0778	1.0
5820	-76.042	32.792	0.2714	0.4704	-0.0024	-0.0739	1.0
5821	-75.958	32.792	0.3594	0.5294	0.0366	-0.0687	1.0
5822	-75.875	32.792	0.2765	0.4864	0.1104	-0.0126	1.0
5823	-75.792	32.792	0.2870	0.3900	0.1574	-0.0087	nan
5824	-75.708	32.792	0.0000	0.0000	0.0000	0.0000	nan
5825	-75.625	32.792	0.0000	0.0000	0.0000	0.0000	1.0
5826	-75.542	32.792	0.2037	0.3473	0.1365	0.0181	1.0
5827	-75.458	32.792	0.1719	0.3403	0.1524	-0.0056	1.0
5828	-75.375	32.792	0.1982	0.3127	0.1397	-0.0206	1.0
5829	-75.292	32.792	0.1957	0.3062	0.1415	-0.0189	0.0
5830	-75.208	32.792	0.2176	0.1813	0.0799	-0.0513	0.0
5831	-75.125	32.792	0.2176	0.1747	0.0799	-0.0513	nan
5832	-75.042	32.792	0.0000	0.0000	0.0000	0.0000	nan
5833	-74.958	32.792	0.0000	0.0000	0.0000	0.0000	1.0
5834	-74.875	32.792	0.0240	0.2732	0.1347	0.0435	nan
5835	-74.792	32.792	0.0000	0.0000	0.0000	0.0000	nan
5836	-74.708	32.792	0.0000	0.0000	0.0000	0.0000	nan
5837	-74.625	32.792	0.0000	0.0000	0.0000	0.0000	nan
5838	-74.542	32.792	0.0000	0.0000	0.0000	0.0000	nan
5839	-74.458	32.792	0.0000	0.0000	0.0000	0.0000	nan
5840	-74.375	32.792	0.0000	0.0000	0.0000	0.0000	nan
5841	-74.292	32.792	0.0000	0.0000	0.0000	0.0000	nan
5842	-74.208	32.792	0.0000	0.0000	0.0000	0.0000	nan
5843	-74.125	32.792	0.0000	0.0000	0.0000	0.0000	nan
5844	-74.042	32.792	0.0000	0.0000	0.0000	0.0000	nan
5845	-73.958	32.792	0.0000	0.0000	0.0000	0.0000	nan
5846	-73.875	32.792	0.0000	0.0000	0.0000	0.0000	nan
5847	-73.792	32.792	0.0000	0.0000	0.0000	0.0000	nan
5848	-73.708	32.792	0.0000	0.0000	0.0000	0.0000	nan
5849	-73.625	32.792	0.0000	0.0000	0.0000	0.0000	nan
5850	-73.542	32.792	0.0000	0.0000	0.0000	0.0000	nan
5851	-73.458	32.792	0.0000	0.0000	0.0000	0.0000	nan
5852	-73.375	32.792	0.0000	0.0000	0.0000	0.0000	nan
5853	-73.292	32.792	0.0000	0.0000	0.0000	0.0000	nan
5854	-73.208	32.792	0.0000	0.0000	0.0000	0.0000	nan
5855	-73.125	32.792	0.0000	0.0000	0.0000	0.0000	nan
5856	-73.042	32.792	0.0000	0.0000	0.0000	0.0000	nan
5857	-72.958	32.792	0.0000	0.0000	0.0000	0.0000	nan
5858	-72.875	32.792	0.0000	0.0000	0.0000	0.0000	nan
5859	-72.792	32.792	0.0000	0.0000	0.0000	0.0000	nan
5860	-72.708	32.792	0.0000	0.0000	0.0000	0.0000	nan
5861	-72.625	32.792	0.0000	0.0000	0.0000	0.0000	nan
5862	-72.542	32.792	0.0000	0.0000	0.0000	0.0000	nan
5863	-72.458	32.792	0.0000	0.0000	0.0000	0.0000	nan
5864	-72.375	32.792	0.0000	0.0000	0.0000	0.0000	nan
5865	-72.292	32.792	0.0000	0.0000	0.0000	0.0000	nan
5866	-72.208	32.792	0.0000	0.0000	0.0000	0.0000	nan
5867	-72.125	32.792	0.0000	0.0000	0.0000	0.0000	nan
5868	-72.042	32.792	0.0000	0.0000	0.0000	0.0000	nan
5869	-71.958	32.792	0.0000	0.0000	0.0000	0.0000	nan
5870	-71.875	32.792	0.0000	0.0000	0.0000	0.0000	nan
5871	-71.792	32.792	0.0000	0.0000	0.0000	0.0000	nan
5872	-71.708	32.792	0.0000	0.0000	0.0000	0.0000	nan
5873	-71.625	32.792	0.0000	0.0000	0.0000	0.0000	nan
5874	-71.542	32.792	0.0000	0.0000	0.0000	0.0000	nan
5875	-71.458	32.792	0.0000	0.0000	0.0000	0.0000	nan
5876	-71.375	32.792	0.0000	0.0000	0.0000	0.0000	nan
5877	-71.292	32.792	0.0000	0.0000	0.0000	0.0000	nan
5878	-71.208	32.792	0.0000	0.0000	0.0000	0.0000	nan
5879	-71.125	32.792	0.0000	0.0000	0.0000	0.0000	nan
5880	-71.042	32.792	0.0000	0.0000	0.0000	0.0000	nan
5881	-77.958	32.875	0.0000	0.0000	0.0000	0.0000	nan
5882	-77.875	32.875	0.0000	0.0000	0.0000	0.0000	nan
5883	-77.792	32.875	0.0000	0.0000	0.0000	0.0000	nan
5884	-77.708	32.875	0.0000	0.0000	0.0000	0.0000	nan
5885	-77.625	32.875	0.0000	0.0000	0.0000	0.0000	nan
5886	-77.542	32.875	0.0000	0.0000	0.0000	0.0000	nan
5887	-77.458	32.875	0.0000	0.0000	0.0000	0.0000	nan
5888	-77.375	32.875	0.0000	0.0000	0.0000	0.0000	nan
5889	-77.292	32.875	0.0000	0.0000	0.0000	0.0000	nan
5890	-77.208	32.875	0.0000	0.0000	0.0000	0.0000	nan
5891	-77.125	32.875	0.0000	0.0000	0.0000	0.0000	nan
5892	-77.042	32.875	0.0000	0.0000	0.0000	0.0000	nan
5893	-76.958	32.875	0.0000	0.0000	0.0000	0.0000	nan
5894	-76.875	32.875	0.0000	0.0000	0.0000	0.0000	nan
5895	-76.792	32.875	0.0000	0.0000	0.0000	0.0000	3.0
5896	-76.708	32.875	0.0579	0.1479	-0.1578	0.2769	1.0
5897	-76.625	32.875	0.0767	0.3101	-0.2156	0.2766	1.0
5898	-76.542	32.875	0.1112	0.3992	-0.2868	0.2670	1.0
5899	-76.458	32.875	0.0897	0.4656	-0.2513	0.2528	1.0
5900	-76.375	32.875	0.0966	0.4680	-0.2730	0.1984	1.0
5901	-76.292	32.875	0.1572	0.5792	-0.1918	0.0826	1.0
5902	-76.208	32.875	0.2009	0.5973	-0.0996	-0.0079	1.0
5903	-76.125	32.875	0.2524	0.5851	-0.0722	-0.0662	1.0
5904	-76.042	32.875	0.2530	0.5549	-0.0801	-0.0780	1.0
5905	-75.958	32.875	0.3792	0.5089	0.0520	-0.0621	1.0
5906	-75.875	32.875	0.3069	0.4773	0.1210	-0.0115	1.0
5907	-75.792	32.875	0.3008	0.4585	0.1232	0.0121	1.0
5908	-75.708	32.875	0.2559	0.3972	0.1627	0.0005	1.0
5909	-75.625	32.875	0.1364	0.3541	0.1583	0.0127	1.0
5910	-75.542	32.875	0.2646	0.3890	0.1619	-0.0021	1.0
5911	-75.458	32.875	0.2746	0.3997	0.1606	-0.0052	1.0
5912	-75.375	32.875	0.1754	0.3362	0.1514	-0.0074	1.0
5913	-75.292	32.875	0.0240	0.2908	0.1347	0.0435	0.0
5914	-75.208	32.875	0.2176	0.1677	0.0799	-0.0513	nan
5915	-75.125	32.875	0.0000	0.0000	0.0000	0.0000	nan
5916	-75.042	32.875	0.0000	0.0000	0.0000	0.0000	nan
5917	-74.958	32.875	0.0000	0.0000	0.0000	0.0000	nan
5918	-74.875	32.875	0.0000	0.0000	0.0000	0.0000	nan
5919	-74.792	32.875	0.0000	0.0000	0.0000	0.0000	nan
5920	-74.708	32.875	0.0000	0.0000	0.0000	0.0000	nan
5921	-74.625	32.875	0.0000	0.0000	0.0000	0.0000	nan
5922	-74.542	32.875	0.0000	0.0000	0.0000	0.0000	nan
5923	-74.458	32.875	0.0000	0.0000	0.0000	0.0000	nan
5924	-74.375	32.875	0.0000	0.0000	0.0000	0.0000	nan
5925	-74.292	32.875	0.0000	0.0000	0.0000	0.0000	nan
5926	-74.208	32.875	0.0000	0.0000	0.0000	0.0000	nan
5927	-74.125	32.875	0.0000	0.0000	0.0000	0.0000	nan
5928	-74.042	32.875	0.0000	0.0000	0.0000	0.0000	nan
5929	-73.958	32.875	0.0000	0.0000	0.0000	0.0000	nan
5930	-73.875	32.875	0.0000	0.0000	0.0000	0.0000	nan
5931	-73.792	32.875	0.0000	0.0000	0.0000	0.0000	nan
5932	-73.708	32.875	0.0000	0.0000	0.0000	0.0000	nan
5933	-73.625	32.875	0.0000	0.0000	0.0000	0.0000	nan
5934	-73.542	32.875	0.0000	0.0000	0.0000	0.0000	nan
5935	-73.458	32.875	0.0000	0.0000	0.0000	0.0000	nan
5936	-73.375	32.875	0.0000	0.0000	0.0000	0.0000	nan
5937	-73.292	32.875	0.0000	0.0000	0.0000	0.0000	nan
5938	-73.208	32.875	0.0000	0.0000	0.0000	0.0000	nan
5939	-73.125	32.875	0.0000	0.0000	0.0000	0.0000	nan
5940	-73.042	32.875	0.0000	0.0000	0.0000	0.0000	nan
5941	-72.958	32.875	0.0000	0.0000	0.0000	0.0000	nan
5942	-72.875	32.875	0.0000	0.0000	0.0000	0.0000	nan
5943	-72.792	32.875	0.0000	0.0000	0.0000	0.0000	nan
5944	-72.708	32.875	0.0000	0.0000	0.0000	0.0000	nan
5945	-72.625	32.875	0.0000	0.0000	0.0000	0.0000	nan
5946	-72.542	32.875	0.0000	0.0000	0.0000	0.0000	nan
5947	-72.458	32.875	0.0000	0.0000	0.0000	0.0000	nan
5948	-72.375	32.875	0.0000	0.0000	0.0000	0.0000	nan
5949	-72.292	32.875	0.0000	0.0000	0.0000	0.0000	nan
5950	-72.208	32.875	0.0000	0.0000	0.0000	0.0000	nan
5951	-72.125	32.875	0.0000	0.0000	0.0000	0.0000	nan
5952	-72.042	32.875	0.0000	0.0000	0.0000	0.0000	nan
5953	-71.958	32.875	0.0000	0.0000	0.0000	0.0000	nan
5954	-71.875	32.875	0.0000	0.0000	0.0000	0.0000	nan
5955	-71.792	32.875	0.0000	0.0000	0.0000	0.0000	nan
5956	-71.708	32.875	0.0000	0.0000	0.0000	0.0000	nan
5957	-71.625	32.875	0.0000	0.0000	0.0000	0.0000	nan
5958	-71.542	32.875	0.0000	0.0000	0.0000	0.0000	nan
5959	-71.458	32.875	0.0000	0.0000	0.0000	0.0000	nan
5960	-71.375	32.875	0.0000	0.0000	0.0000	0.0000	nan
5961	-71.292	32.875	0.0000	0.0000	0.0000	0.0000	nan
5962	-71.208	32.875	0.0000	0.0000	0.0000	0.0000	nan
5963	-71.125	32.875	0.0000	0.0000	0.0000	0.0000	nan
5964	-71.042	32.875	0.0000	0.0000	0.0000	0.0000	nan
5965	-77.958	32.958	0.0000	0.0000	0.0000	0.0000	nan
5966	-77.875	32.958	0.0000	0.0000	0.0000	0.0000	nan
5967	-77.792	32.958	0.0000	0.0000	0.0000	0.0000	nan
5968	-77.708	32.958	0.0000	0.0000	0.0000	0.0000	nan
5969	-77.625	32.958	0.0000	0.0000	0.0000	0.0000	nan
5970	-77.542	32.958	0.0000	0.0000	0.0000	0.0000	nan
5971	-77.458	32.958	0.0000	0.0000	0.0000	0.0000	nan
5972	-77.375	32.958	0.0000	0.0000	0.0000	0.0000	nan
5973	-77.292	32.958	0.0000	0.0000	0.0000	0.0000	nan
5974	-77.208	32.958	0.0000	0.0000	0.0000	0.0000	nan
5975	-77.125	32.958	0.0000	0.0000	0.0000	0.0000	nan
5976	-77.042	32.958	0.0000	0.0000	0.0000	0.0000	nan
5977	-76.958	32.958	0.0000	0.0000	0.0000	0.0000	nan
5978	-76.875	32.958	0.0000	0.0000	0.0000	0.0000	nan
5979	-76.792	32.958	0.0000	0.0000	0.0000	0.0000	nan
5980	-76.708	32.958	0.0000	0.0000	0.0000	0.0000	3.0
5981	-76.625	32.958	0.0686	0.1521	-0.1801	0.2332	3.0
5982	-76.542	32.958	0.0489	0.3339	-0.1794	0.3352	2.0
5983	-76.458	32.958	0.1773	-0.1703	-0.4242	0.1178	1.0
5984	-76.375	32.958	0.1028	0.4724	-0.2574	0.2406	1.0
5985	-76.292	32.958	0.1247	0.5229	-0.2046	0.1907	1.0
5986	-76.208	32.958	0.1288	0.6278	-0.1437	-0.0041	1.0
5987	-76.125	32.958	0.1667	0.5594	-0.1149	-0.0378	1.0
5988	-76.042	32.958	0.3434	0.5021	0.0198	-0.0551	1.0
5989	-75.958	32.958	0.3010	0.4751	0.1334	-0.0263	1.0
5990	-75.875	32.958	0.2536	0.4053	0.0404	0.0027	0.0
5991	-75.792	32.958	0.3932	0.3105	0.0984	0.0323	1.0
5992	-75.708	32.958	0.3232	0.3893	0.1525	0.0452	nan
5993	-75.625	32.958	0.0000	0.0000	0.0000	0.0000	1.0
5994	-75.542	32.958	0.3278	0.3766	0.1658	0.0280	1.0
5995	-75.458	32.958	0.2841	0.4033	0.1844	-0.0161	1.0
5996	-75.375	32.958	0.2865	0.3833	0.1583	-0.0090	1.0
5997	-75.292	32.958	0.0240	0.2925	0.1347	0.0435	1.0
5998	-75.208	32.958	0.2071	0.2628	0.1311	-0.0273	1.0
5999	-75.125	32.958	0.0240	0.2633	0.1347	0.0435	nan
6000	-75.042	32.958	0.0000	0.0000	0.0000	0.0000	nan
6001	-74.958	32.958	0.0000	0.0000	0.0000	0.0000	nan
6002	-74.875	32.958	0.0000	0.0000	0.0000	0.0000	nan
6003	-74.792	32.958	0.0000	0.0000	0.0000	0.0000	nan
6004	-74.708	32.958	0.0000	0.0000	0.0000	0.0000	nan
6005	-74.625	32.958	0.0000	0.0000	0.0000	0.0000	nan
6006	-74.542	32.958	0.0000	0.0000	0.0000	0.0000	nan
6007	-74.458	32.958	0.0000	0.0000	0.0000	0.0000	nan
6008	-74.375	32.958	0.0000	0.0000	0.0000	0.0000	nan
6009	-74.292	32.958	0.0000	0.0000	0.0000	0.0000	nan
6010	-74.208	32.958	0.0000	0.0000	0.0000	0.0000	nan
6011	-74.125	32.958	0.0000	0.0000	0.0000	0.0000	nan
6012	-74.042	32.958	0.0000	0.0000	0.0000	0.0000	nan
6013	-73.958	32.958	0.0000	0.0000	0.0000	0.0000	nan
6014	-73.875	32.958	0.0000	0.0000	0.0000	0.0000	nan
6015	-73.792	32.958	0.0000	0.0000	0.0000	0.0000	nan
6016	-73.708	32.958	0.0000	0.0000	0.0000	0.0000	nan
6017	-73.625	32.958	0.0000	0.0000	0.0000	0.0000	nan
6018	-73.542	32.958	0.0000	0.0000	0.0000	0.0000	nan
6019	-73.458	32.958	0.0000	0.0000	0.0000	0.0000	nan
6020	-73.375	32.958	0.0000	0.0000	0.0000	0.0000	nan
6021	-73.292	32.958	0.0000	0.0000	0.0000	0.0000	nan
6022	-73.208	32.958	0.0000	0.0000	0.0000	0.0000	nan
6023	-73.125	32.958	0.0000	0.0000	0.0000	0.0000	nan
6024	-73.042	32.958	0.0000	0.0000	0.0000	0.0000	nan
6025	-72.958	32.958	0.0000	0.0000	0.0000	0.0000	nan
6026	-72.875	32.958	0.0000	0.0000	0.0000	0.0000	nan
6027	-72.792	32.958	0.0000	0.0000	0.0000	0.0000	nan
6028	-72.708	32.958	0.0000	0.0000	0.0000	0.0000	nan
6029	-72.625	32.958	0.0000	0.0000	0.0000	0.0000	nan
6030	-72.542	32.958	0.0000	0.0000	0.0000	0.0000	nan
6031	-72.458	32.958	0.0000	0.0000	0.0000	0.0000	nan
6032	-72.375	32.958	0.0000	0.0000	0.0000	0.0000	nan
6033	-72.292	32.958	0.0000	0.0000	0.0000	0.0000	nan
6034	-72.208	32.958	0.0000	0.0000	0.0000	0.0000	nan
6035	-72.125	32.958	0.0000	0.0000	0.0000	0.0000	nan
6036	-72.042	32.958	0.0000	0.0000	0.0000	0.0000	nan
6037	-71.958	32.958	0.0000	0.0000	0.0000	0.0000	nan
6038	-71.875	32.958	0.0000	0.0000	0.0000	0.0000	nan
6039	-71.792	32.958	0.0000	0.0000	0.0000	0.0000	nan
6040	-71.708	32.958	0.0000	0.0000	0.0000	0.0000	nan
6041	-71.625	32.958	0.0000	0.0000	0.0000	0.0000	nan
6042	-71.542	32.958	0.0000	0.0000	0.0000	0.0000	nan
6043	-71.458	32.958	0.0000	0.0000	0.0000	0.0000	nan
6044	-71.375	32.958	0.0000	0.0000	0.0000	0.0000	nan
6045	-71.292	32.958	0.0000	0.0000	0.0000	0.0000	nan
6046	-71.208	32.958	0.0000	0.0000	0.0000	0.0000	nan
6047	-71.125	32.958	0.0000	0.0000	0.0000	0.0000	nan
6048	-71.042	32.958	0.0000	0.0000	0.0000	0.0000	nan
6049	-77.958	33.042	0.0000	0.0000	0.0000	0.0000	nan
6050	-77.875	33.042	0.0000	0.0000	0.0000	0.0000	nan
6051	-77.792	33.042	0.0000	0.0000	0.0000	0.0000	nan
6052	-77.708	33.042	0.0000	0.0000	0.0000	0.0000	nan
6053	-77.625	33.042	0.0000	0.0000	0.0000	0.0000	nan
6054	-77.542	33.042	0.0000	0.0000	0.0000	0.0000	nan
6055	-77.458	33.042	0.0000	0.0000	0.0000	0.0000	nan
6056	-77.375	33.042	0.0000	0.0000	0.0000	0.0000	nan
6057	-77.292	33.042	0.0000	0.0000	0.0000	0.0000	nan
6058	-77.208	33.042	0.0000	0.0000	0.0000	0.0000	nan
6059	-77.125	33.042	0.0000	0.0000	0.0000	0.0000	nan
6060	-77.042	33.042	0.0000	0.0000	0.0000	0.0000	nan
6061	-76.958	33.042	0.0000	0.0000	0.0000	0.0000	nan
6062	-76.875	33.042	0.0000	0.0000	0.0000	0.0000	nan
6063	-76.792	33.042	0.0000	0.0000	0.0000	0.0000	nan
6064	-76.708	33.042	0.0000	0.0000	0.0000	0.0000	2.0
6065	-76.625	33.042	0.0685	0.0630	-0.1588	0.0620	1.0
6066	-76.542	33.042	0.0651	0.2760	-0.2200	0.2315	1.0
6067	-76.458	33.042	0.0829	0.4239	-0.2530	0.2357	1.0
6068	-76.375	33.042	0.1240	0.3489	-0.3161	0.1576	1.0
6069	-76.292	33.042	0.0773	0.5231	-0.2497	0.1918	1.0
6070	-76.208	33.042	0.1513	0.5361	-0.2092	0.1061	1.0
6071	-76.125	33.042	0.1530	0.5687	-0.1529	-0.0139	1.0
6072	-76.042	33.042	0.3268	0.4946	0.0629	-0.0076	1.0
6073	-75.958	33.042	0.3419	0.4514	0.0849	-0.0216	1.0
6074	-75.875	33.042	0.3151	0.4521	0.1172	-0.0094	1.0
6075	-75.792	33.042	0.3357	0.3633	0.1420	0.0531	1.0
6076	-75.708	33.042	0.2997	0.4306	0.1041	0.0793	1.0
6077	-75.625	33.042	0.3026	0.4560	0.1167	0.0243	1.0
6078	-75.542	33.042	0.0240	0.2888	0.1347	0.0435	1.0
6079	-75.458	33.042	0.2818	0.4009	0.1844	-0.0152	1.0
6080	-75.375	33.042	0.2923	0.3956	0.1726	-0.0146	1.0
6081	-75.292	33.042	0.3031	0.3896	0.1536	-0.0150	1.0
6082	-75.208	33.042	0.3040	0.3961	0.1738	-0.0200	1.0
6083	-75.125	33.042	0.2102	0.2553	0.1270	-0.0301	0.0
6084	-75.042	33.042	0.2176	0.1676	0.0799	-0.0513	nan
6085	-74.958	33.042	0.0000	0.0000	0.0000	0.0000	nan
6086	-74.875	33.042	0.0000	0.0000	0.0000	0.0000	nan
6087	-74.792	33.042	0.0000	0.0000	0.0000	0.0000	nan
6088	-74.708	33.042	0.0000	0.0000	0.0000	0.0000	nan
6089	-74.625	33.042	0.0000	0.0000	0.0000	0.0000	nan
6090	-74.542	33.042	0.0000	0.0000	0.0000	0.0000	nan
6091	-74.458	33.042	0.0000	0.0000	0.0000	0.0000	nan
6092	-74.375	33.042	0.0000	0.0000	0.0000	0.0000	nan
6093	-74.292	33.042	0.0000	0.0000	0.0000	0.0000	nan
6094	-74.208	33.042	0.0000	0.0000	0.0000	0.0000	nan
6095	-74.125	33.042	0.0000	0.0000	0.0000	0.0000	nan
6096	-74.042	33.042	0.0000	0.0000	0.0000	0.0000	nan
6097	-73.958	33.042	0.0000	0.0000	0.0000	0.0000	nan
6098	-73.875	33.042	0.0000	0.0000	0.0000	0.0000	nan
6099	-73.792	33.042	0.0000	0.0000	0.0000	0.0000	nan
6100	-73.708	33.042	0.0000	0.0000	0.0000	0.0000	nan
6101	-73.625	33.042	0.0000	0.0000	0.0000	0.0000	nan
6102	-73.542	33.042	0.0000	0.0000	0.0000	0.0000	nan
6103	-73.458	33.042	0.0000	0.0000	0.0000	0.0000	nan
6104	-73.375	33.042	0.0000	0.0000	0.0000	0.0000	nan
6105	-73.292	33.042	0.0000	0.0000	0.0000	0.0000	nan
6106	-73.208	33.042	0.0000	0.0000	0.0000	0.0000	nan
6107	-73.125	33.042	0.0000	0.0000	0.0000	0.0000	nan
6108	-73.042	33.042	0.0000	0.0000	0.0000	0.0000	nan
6109	-72.958	33.042	0.0000	0.0000	0.0000	0.0000	nan
6110	-72.875	33.042	0.0000	0.0000	0.0000	0.0000	nan
6111	-72.792	33.042	0.0000	0.0000	0.0000	0.0000	nan
6112	-72.708	33.042	0.0000	0.0000	0.0000	0.0000	nan
6113	-72.625	33.042	0.0000	0.0000	0.0000	0.0000	nan
6114	-72.542	33.042	0.0000	0.0000	0.0000	0.0000	nan
6115	-72.458	33.042	0.0000	0.0000	0.0000	0.0000	nan
6116	-72.375	33.042	0.0000	0.0000	0.0000	0.0000	nan
6117	-72.292	33.042	0.0000	0.0000	0.0000	0.0000	nan
6118	-72.208	33.042	0.0000	0.0000	0.0000	0.0000	nan
6119	-72.125	33.042	0.0000	0.0000	0.0000	0.0000	nan
6120	-72.042	33.042	0.0000	0.0000	0.0000	0.0000	nan
6121	-71.958	33.042	0.0000	0.0000	0.0000	0.0000	nan
6122	-71.875	33.042	0.0000	0.0000	0.0000	0.0000	nan
6123	-71.792	33.042	0.0000	0.0000	0.0000	0.0000	nan
6124	-71.708	33.042	0.0000	0.0000	0.0000	0.0000	nan
6125	-71.625	33.042	0.0000	0.0000	0.0000	0.0000	nan
6126	-71.542	33.042	0.0000	0.0000	0.0000	0.0000	nan
6127	-71.458	33.042	0.0000	0.0000	0.0000	0.0000	nan
6128	-71.375	33.042	0.0000	0.0000	0.0000	0.0000	nan
6129	-71.292	33.042	0.0000	0.0000	0.0000	0.0000	nan
6130	-71.208	33.042	0.0000	0.0000	0.0000	0.0000	nan
6131	-71.125	33.042	0.0000	0.0000	0.0000	0.0000	nan
6132	-71.042	33.042	0.0000	0.0000	0.0000	0.0000	nan
6133	-77.958	33.125	0.0000	0.0000	0.0000	0.0000	nan
6134	-77.875	33.125	0.0000	0.0000	0.0000	0.0000	nan
6135	-77.792	33.125	0.0000	0.0000	0.0000	0.0000	nan
6136	-77.708	33.125	0.0000	0.0000	0.0000	0.0000	nan
6137	-77.625	33.125	0.0000	0.0000	0.0000	0.0000	nan
6138	-77.542	33.125	0.0000	0.0000	0.0000	0.0000	nan
6139	-77.458	33.125	0.0000	0.0000	0.0000	0.0000	nan
6140	-77.375	33.125	0.0000	0.0000	0.0000	0.0000	nan
6141	-77.292	33.125	0.0000	0.0000	0.0000	0.0000	nan
6142	-77.208	33.125	0.0000	0.0000	0.0000	0.0000	nan
6143	-77.125	33.125	0.0000	0.0000	0.0000	0.0000	nan
6144	-77.042	33.125	0.0000	0.0000	0.0000	0.0000	nan
6145	-76.958	33.125	0.0000	0.0000	0.0000	0.0000	nan
6146	-76.875	33.125	0.0000	0.0000	0.0000	0.0000	nan
6147	-76.792	33.125	0.0000	0.0000	0.0000	0.0000	nan
6148	-76.708	33.125	0.0000	0.0000	0.0000	0.0000	nan
6149	-76.625	33.125	0.0000	0.0000	0.0000	0.0000	3.0
6150	-76.542	33.125	0.0819	0.1302	-0.1868	0.2038	1.0
6151	-76.458	33.125	0.0679	0.3371	-0.2663	0.2065	1.0
6152	-76.375	33.125	0.0796	0.4627	-0.2585	0.2495	1.0
6153	-76.292	33.125	0.1096	0.4615	-0.3032	0.1347	1.0
6154	-76.208	33.125	0.1168	0.4712	-0.3913	0.1420	1.0
6155	-76.125	33.125	0.1346	0.5760	-0.1818	0.0454	1.0
6156	-76.042	33.125	0.2445	0.5855	-0.0625	-0.0399	1.0
6157	-75.958	33.125	0.3027	0.4796	0.1246	-0.0126	1.0
6158	-75.875	33.125	0.3459	0.3834	0.1711	0.0287	1.0
6159	-75.792	33.125	0.3340	0.3601	0.1409	0.0545	1.0
6160	-75.708	33.125	0.3314	0.3571	0.1288	0.0705	1.0
6161	-75.625	33.125	0.3454	0.3756	0.1476	0.0620	1.0
6162	-75.542	33.125	0.3224	0.4386	0.1355	0.0166	1.0
6163	-75.458	33.125	0.2350	0.3516	0.1205	0.0202	1.0
6164	-75.375	33.125	0.2821	0.3680	0.1592	-0.0076	1.0
6165	-75.292	33.125	0.2963	0.3793	0.1558	-0.0125	1.0
6166	-75.208	33.125	0.3114	0.3632	0.1290	-0.0060	1.0
6167	-75.125	33.125	0.2028	0.2717	0.1357	-0.0239	0.0
6168	-75.042	33.125	0.2655	0.1600	0.1484	-0.0380	0.0
6169	-74.958	33.125	0.2176	0.1668	0.0799	-0.0513	nan
6170	-74.875	33.125	0.0000	0.0000	0.0000	0.0000	nan
6171	-74.792	33.125	0.0000	0.0000	0.0000	0.0000	nan
6172	-74.708	33.125	0.0000	0.0000	0.0000	0.0000	nan
6173	-74.625	33.125	0.0000	0.0000	0.0000	0.0000	nan
6174	-74.542	33.125	0.0000	0.0000	0.0000	0.0000	nan
6175	-74.458	33.125	0.0000	0.0000	0.0000	0.0000	nan
6176	-74.375	33.125	0.0000	0.0000	0.0000	0.0000	nan
6177	-74.292	33.125	0.0000	0.0000	0.0000	0.0000	nan
6178	-74.208	33.125	0.0000	0.0000	0.0000	0.0000	nan
6179	-74.125	33.125	0.0000	0.0000	0.0000	0.0000	nan
6180	-74.042	33.125	0.0000	0.0000	0.0000	0.0000	nan
6181	-73.958	33.125	0.0000	0.0000	0.0000	0.0000	nan
6182	-73.875	33.125	0.0000	0.0000	0.0000	0.0000	nan
6183	-73.792	33.125	0.0000	0.0000	0.0000	0.0000	nan
6184	-73.708	33.125	0.0000	0.0000	0.0000	0.0000	nan
6185	-73.625	33.125	0.0000	0.0000	0.0000	0.0000	nan
6186	-73.542	33.125	0.0000	0.0000	0.0000	0.0000	nan
6187	-73.458	33.125	0.0000	0.0000	0.0000	0.0000	nan
6188	-73.375	33.125	0.0000	0.0000	0.0000	0.0000	nan
6189	-73.292	33.125	0.0000	0.0000	0.0000	0.0000	nan
6190	-73.208	33.125	0.0000	0.0000	0.0000	0.0000	nan
6191	-73.125	33.125	0.0000	0.0000	0.0000	0.0000	nan
6192	-73.042	33.125	0.0000	0.0000	0.0000	0.0000	nan
6193	-72.958	33.125	0.0000	0.0000	0.0000	0.0000	nan
6194	-72.875	33.125	0.0000	0.0000	0.0000	0.0000	nan
6195	-72.792	33.125	0.0000	0.0000	0.0000	0.0000	nan
6196	-72.708	33.125	0.0000	0.0000	0.0000	0.0000	nan
6197	-72.625	33.125	0.0000	0.0000	0.0000	0.0000	nan
6198	-72.542	33.125	0.0000	0.0000	0.0000	0.0000	nan
6199	-72.458	33.125	0.0000	0.0000	0.0000	0.0000	nan
6200	-72.375	33.125	0.0000	0.0000	0.0000	0.0000	nan
6201	-72.292	33.125	0.0000	0.0000	0.0000	0.0000	nan
6202	-72.208	33.125	0.0000	0.0000	0.0000	0.0000	nan
6203	-72.125	33.125	0.0000	0.0000	0.0000	0.0000	nan
6204	-72.042	33.125	0.0000	0.0000	0.0000	0.0000	nan
6205	-71.958	33.125	0.0000	0.0000	0.0000	0.0000	nan
6206	-71.875	33.125	0.0000	0.0000	0.0000	0.0000	nan
6207	-71.792	33.125	0.0000	0.0000	0.0000	0.0000	nan
6208	-71.708	33.125	0.0000	0.0000	0.0000	0.0000	nan
6209	-71.625	33.125	0.0000	0.0000	0.0000	0.0000	nan
6210	-71.542	33.125	0.0000	0.0000	0.0000	0.0000	nan
6211	-71.458	33.125	0.0000	0.0000	0.0000	0.0000	nan
6212	-71.375	33.125	0.0000	0.0000	0.0000	0.0000	nan
6213	-71.292	33.125	0.0000	0.0000	0.0000	0.0000	nan
6214	-71.208	33.125	0.0000	0.0000	0.0000	0.0000	nan
6215	-71.125	33.125	0.0000	0.0000	0.0000	0.0000	nan
6216	-71.042	33.125	0.0000	0.0000	0.0000	0.0000	nan
6217	-77.958	33.208	0.0000	0.0000	0.0000	0.0000	nan
6218	-77.875	33.208	0.0000	0.0000	0.0000	0.0000	nan
6219	-77.792	33.208	0.0000	0.0000	0.0000	0.0000	nan
6220	-77.708	33.208	0.0000	0.0000	0.0000	0.0000	nan
6221	-77.625	33.208	0.0000	0.0000	0.0000	0.0000	nan
6222	-77.542	33.208	0.0000	0.0000	0.0000	0.0000	nan
6223	-77.458	33.208	0.0000	0.0000	0.0000	0.0000	nan
6224	-77.375	33.208	0.0000	0.0000	0.0000	0.0000	nan
6225	-77.292	33.208	0.0000	0.0000	0.0000	0.0000	nan
6226	-77.208	33.208	0.0000	0.0000	0.0000	0.0000	nan
6227	-77.125	33.208	0.0000	0.0000	0.0000	0.0000	nan
6228	-77.042	33.208	0.0000	0.0000	0.0000	0.0000	nan
6229	-76.958	33.208	0.0000	0.0000	0.0000	0.0000	nan
6230	-76.875	33.208	0.0000	0.0000	0.0000	0.0000	nan
6231	-76.792	33.208	0.0000	0.0000	0.0000	0.0000	nan
6232	-76.708	33.208	0.0000	0.0000	0.0000	0.0000	nan
6233	-76.625	33.208	0.0000	0.0000	0.0000	0.0000	3.0
6234	-76.542	33.208	0.0697	0.1703	-0.1893	0.2141	1.0
6235	-76.458	33.208	0.0804	0.2580	-0.2154	0.2100	1.0
6236	-76.375	33.208	0.0800	0.4700	-0.3142	0.2485	1.0
6237	-76.292	33.208	0.0889	0.4455	-0.3233	0.1625	1.0
6238	-76.208	33.208	0.1215	0.4735	-0.3650	0.2031	1.0
6239	-76.125	33.208	0.1047	0.4706	-0.3391	-0.0022	1.0
6240	-76.042	33.208	0.1550	0.5709	-0.0992	-0.0462	1.0
6241	-75.958	33.208	0.2953	0.5085	0.0397	0.0078	1.0
6242	-75.875	33.208	0.3308	0.3630	0.1529	0.0346	1.0
6243	-75.792	33.208	0.3326	0.3673	0.1525	0.0406	1.0
6244	-75.708	33.208	0.3435	0.3807	0.1625	0.0428	1.0
6245	-75.625	33.208	0.3444	0.3794	0.1612	0.0454	1.0
6246	-75.542	33.208	0.3453	0.4608	0.1376	0.0055	1.0
6247	-75.458	33.208	0.1434	0.3309	0.1570	0.0070	1.0
6248	-75.375	33.208	0.3119	0.3962	0.1569	0.0040	1.0
6249	-75.292	33.208	0.3010	0.3768	0.1543	-0.0141	0.0
6250	-75.208	33.208	0.3537	0.3277	0.1927	-0.0167	0.0
6251	-75.125	33.208	0.2873	0.2694	0.1684	0.0077	1.0
6252	-75.042	33.208	0.2108	0.2680	0.1365	-0.0295	0.0
6253	-74.958	33.208	0.2176	0.1676	0.0799	-0.0513	0.0
6254	-74.875	33.208	0.2176	0.1675	0.0799	-0.0513	nan
6255	-74.792	33.208	0.0000	0.0000	0.0000	0.0000	nan
6256	-74.708	33.208	0.0000	0.0000	0.0000	0.0000	nan
6257	-74.625	33.208	0.0000	0.0000	0.0000	0.0000	nan
6258	-74.542	33.208	0.0000	0.0000	0.0000	0.0000	nan
6259	-74.458	33.208	0.0000	0.0000	0.0000	0.0000	nan
6260	-74.375	33.208	0.0000	0.0000	0.0000	0.0000	nan
6261	-74.292	33.208	0.0000	0.0000	0.0000	0.0000	nan
6262	-74.208	33.208	0.0000	0.0000	0.0000	0.0000	nan
6263	-74.125	33.208	0.0000	0.0000	0.0000	0.0000	nan
6264	-74.042	33.208	0.0000	0.0000	0.0000	0.0000	nan
6265	-73.958	33.208	0.0000	0.0000	0.0000	0.0000	nan
6266	-73.875	33.208	0.0000	0.0000	0.0000	0.0000	nan
6267	-73.792	33.208	0.0000	0.0000	0.0000	0.0000	nan
6268	-73.708	33.208	0.0000	0.0000	0.0000	0.0000	nan
6269	-73.625	33.208	0.0000	0.0000	0.0000	0.0000	nan
6270	-73.542	33.208	0.0000	0.0000	0.0000	0.0000	nan
6271	-73.458	33.208	0.0000	0.0000	0.0000	0.0000	nan
6272	-73.375	33.208	0.0000	0.0000	0.0000	0.0000	nan
6273	-73.292	33.208	0.0000	0.0000	0.0000	0.0000	nan
6274	-73.208	33.208	0.0000	0.0000	0.0000	0.0000	nan
6275	-73.125	33.208	0.0000	0.0000	0.0000	0.0000	nan
6276	-73.042	33.208	0.0000	0.0000	0.0000	0.0000	nan
6277	-72.958	33.208	0.0000	0.0000	0.0000	0.0000	nan
6278	-72.875	33.208	0.0000	0.0000	0.0000	0.0000	nan
6279	-72.792	33.208	0.0000	0.0000	0.0000	0.0000	nan
6280	-72.708	33.208	0.0000	0.0000	0.0000	0.0000	nan
6281	-72.625	33.208	0.0000	0.0000	0.0000	0.0000	nan
6282	-72.542	33.208	0.0000	0.0000	0.0000	0.0000	nan
6283	-72.458	33.208	0.0000	0.0000	0.0000	0.0000	nan
6284	-72.375	33.208	0.0000	0.0000	0.0000	0.0000	nan
6285	-72.292	33.208	0.0000	0.0000	0.0000	0.0000	nan
6286	-72.208	33.208	0.0000	0.0000	0.0000	0.0000	nan
6287	-72.125	33.208	0.0000	0.0000	0.0000	0.0000	nan
6288	-72.042	33.208	0.0000	0.0000	0.0000	0.0000	nan
6289	-71.958	33.208	0.0000	0.0000	0.0000	0.0000	nan
6290	-71.875	33.208	0.0000	0.0000	0.0000	0.0000	nan
6291	-71.792	33.208	0.0000	0.0000	0.0000	0.0000	nan
6292	-71.708	33.208	0.0000	0.0000	0.0000	0.0000	nan
6293	-71.625	33.208	0.0000	0.0000	0.0000	0.0000	nan
6294	-71.542	33.208	0.0000	0.0000	0.0000	0.0000	nan
6295	-71.458	33.208	0.0000	0.0000	0.0000	0.0000	nan
6296	-71.375	33.208	0.0000	0.0000	0.0000	0.0000	nan
6297	-71.292	33.208	0.0000	0.0000	0.0000	0.0000	nan
6298	-71.208	33.208	0.0000	0.0000	0.0000	0.0000	nan
6299	-71.125	33.208	0.0000	0.0000	0.0000	0.0000	nan
6300	-71.042	33.208	0.0000	0.0000	0.0000	0.0000	nan
6301	-77.958	33.292	0.0000	0.0000	0.0000	0.0000	nan
6302	-77.875	33.292	0.0000	0.0000	0.0000	0.0000	nan
6303	-77.792	33.292	0.0000	0.0000	0.0000	0.0000	nan
6304	-77.708	33.292	0.0000	0.0000	0.0000	0.0000	nan
6305	-77.625	33.292	0.0000	0.0000	0.0000	0.0000	nan
6306	-77.542	33.292	0.0000	0.0000	0.0000	0.0000	nan
6307	-77.458	33.292	0.0000	0.0000	0.0000	0.0000	nan
6308	-77.375	33.292	0.0000	0.0000	0.0000	0.0000	nan
6309	-77.292	33.292	0.0000	0.0000	0.0000	0.0000	nan
6310	-77.208	33.292	0.0000	0.0000	0.0000	0.0000	nan
6311	-77.125	33.292	0.0000	0.0000	0.0000	0.0000	nan
6312	-77.042	33.292	0.0000	0.0000	0.0000	0.0000	nan
6313	-76.958	33.292	0.0000	0.0000	0.0000	0.0000	nan
6314	-76.875	33.292	0.0000	0.0000	0.0000	0.0000	nan
6315	-76.792	33.292	0.0000	0.0000	0.0000	0.0000	nan
6316	-76.708	33.292	0.0000	0.0000	0.0000	0.0000	nan
6317	-76.625	33.292	0.0000	0.0000	0.0000	0.0000	nan
6318	-76.542	33.292	0.0000	0.0000	0.0000	0.0000	3.0
6319	-76.458	33.292	0.0626	0.1651	-0.1935	0.2045	1.0
6320	-76.375	33.292	0.1097	0.3899	-0.2755	0.1784	1.0
6321	-76.292	33.292	0.1002	0.4102	-0.3359	0.2759	2.0
6322	-76.208	33.292	0.1136	0.3545	-0.3990	0.2887	1.0
6323	-76.125	33.292	0.1265	0.4955	-0.3499	0.1761	2.0
6324	-76.042	33.292	0.2832	0.2947	-0.4666	0.1195	1.0
6325	-75.958	33.292	0.3450	0.4592	-0.1940	-0.0405	1.0
6326	-75.875	33.292	0.2761	0.2978	0.1276	0.0733	0.0
6327	-75.792	33.292	0.3532	0.3405	0.1410	0.0459	1.0
6328	-75.708	33.292	0.3317	0.3677	0.1593	0.0312	1.0
6329	-75.625	33.292	0.3318	0.3694	0.1579	0.0370	1.0
6330	-75.542	33.292	0.3455	0.3877	0.1800	0.0256	1.0
6331	-75.458	33.292	0.1682	0.3187	0.1649	-0.0053	0.0
6332	-75.375	33.292	0.2621	0.2578	0.2193	-0.0201	0.0
6333	-75.292	33.292	0.2504	0.2444	0.1997	-0.0119	1.0
6334	-75.208	33.292	0.1831	0.3319	0.1731	-0.0145	1.0
6335	-75.125	33.292	0.3282	0.3627	0.1911	-0.0100	1.0
6336	-75.042	33.292	0.0447	0.2732	0.1584	0.0294	0.0
6337	-74.958	33.292	0.3413	0.3042	0.1281	-0.0352	1.0
6338	-74.875	33.292	0.2160	0.2340	0.1154	-0.0368	0.0
6339	-74.792	33.292	0.2176	0.1675	0.0799	-0.0513	nan
6340	-74.708	33.292	0.0000	0.0000	0.0000	0.0000	nan
6341	-74.625	33.292	0.0000	0.0000	0.0000	0.0000	nan
6342	-74.542	33.292	0.0000	0.0000	0.0000	0.0000	nan
6343	-74.458	33.292	0.0000	0.0000	0.0000	0.0000	nan
6344	-74.375	33.292	0.0000	0.0000	0.0000	0.0000	nan
6345	-74.292	33.292	0.0000	0.0000	0.0000	0.0000	nan
6346	-74.208	33.292	0.0000	0.0000	0.0000	0.0000	nan
6347	-74.125	33.292	0.0000	0.0000	0.0000	0.0000	nan
6348	-74.042	33.292	0.0000	0.0000	0.0000	0.0000	nan
6349	-73.958	33.292	0.0000	0.0000	0.0000	0.0000	nan
6350	-73.875	33.292	0.0000	0.0000	0.0000	0.0000	nan
6351	-73.792	33.292	0.0000	0.0000	0.0000	0.0000	nan
6352	-73.708	33.292	0.0000	0.0000	0.0000	0.0000	nan
6353	-73.625	33.292	0.0000	0.0000	0.0000	0.0000	nan
6354	-73.542	33.292	0.0000	0.0000	0.0000	0.0000	nan
6355	-73.458	33.292	0.0000	0.0000	0.0000	0.0000	nan
6356	-73.375	33.292	0.0000	0.0000	0.0000	0.0000	nan
6357	-73.292	33.292	0.0000	0.0000	0.0000	0.0000	nan
6358	-73.208	33.292	0.0000	0.0000	0.0000	0.0000	nan
6359	-73.125	33.292	0.0000	0.0000	0.0000	0.0000	nan
6360	-73.042	33.292	0.0000	0.0000	0.0000	0.0000	nan
6361	-72.958	33.292	0.0000	0.0000	0.0000	0.0000	nan
6362	-72.875	33.292	0.0000	0.0000	0.0000	0.0000	nan
6363	-72.792	33.292	0.0000	0.0000	0.0000	0.0000	nan
6364	-72.708	33.292	0.0000	0.0000	0.0000	0.0000	nan
6365	-72.625	33.292	0.0000	0.0000	0.0000	0.0000	nan
6366	-72.542	33.292	0.0000	0.0000	0.0000	0.0000	nan
6367	-72.458	33.292	0.0000	0.0000	0.0000	0.0000	nan
6368	-72.375	33.292	0.0000	0.0000	0.0000	0.0000	nan
6369	-72.292	33.292	0.0000	0.0000	0.0000	0.0000	nan
6370	-72.208	33.292	0.0000	0.0000	0.0000	0.0000	nan
6371	-72.125	33.292	0.0000	0.0000	0.0000	0.0000	nan
6372	-72.042	33.292	0.0000	0.0000	0.0000	0.0000	nan
6373	-71.958	33.292	0.0000	0.0000	0.0000	0.0000	nan
6374	-71.875	33.292	0.0000	0.0000	0.0000	0.0000	nan
6375	-71.792	33.292	0.0000	0.0000	0.0000	0.0000	nan
6376	-71.708	33.292	0.0000	0.0000	0.0000	0.0000	nan
6377	-71.625	33.292	0.0000	0.0000	0.0000	0.0000	nan
6378	-71.542	33.292	0.0000	0.0000	0.0000	0.0000	nan
6379	-71.458	33.292	0.0000	0.0000	0.0000	0.0000	nan
6380	-71.375	33.292	0.0000	0.0000	0.0000	0.0000	nan
6381	-71.292	33.292	0.0000	0.0000	0.0000	0.0000	nan
6382	-71.208	33.292	0.0000	0.0000	0.0000	0.0000	nan
6383	-71.125	33.292	0.0000	0.0000	0.0000	0.0000	nan
6384	-71.042	33.292	0.0000	0.0000	0.0000	0.0000	nan
6385	-77.958	33.375	0.0000	0.0000	0.0000	0.0000	nan
6386	-77.875	33.375	0.0000	0.0000	0.0000	0.0000	nan
6387	-77.792	33.375	0.0000	0.0000	0.0000	0.0000	nan
6388	-77.708	33.375	0.0000	0.0000	0.0000	0.0000	nan
6389	-77.625	33.375	0.0000	0.0000	0.0000	0.0000	nan
6390	-77.542	33.375	0.0000	0.0000	0.0000	0.0000	nan
6391	-77.458	33.375	0.0000	0.0000	0.0000	0.0000	nan
6392	-77.375	33.375	0.0000	0.0000	0.0000	0.0000	nan
6393	-77.292	33.375	0.0000	0.0000	0.0000	0.0000	nan
6394	-77.208	33.375	0.0000	0.0000	0.0000	0.0000	nan
6395	-77.125	33.375	0.0000	0.0000	0.0000	0.0000	nan
6396	-77.042	33.375	0.0000	0.0000	0.0000	0.0000	nan
6397	-76.958	33.375	0.0000	0.0000	0.0000	0.0000	nan
6398	-76.875	33.375	0.0000	0.0000	0.0000	0.0000	nan
6399	-76.792	33.375	0.0000	0.0000	0.0000	0.0000	nan
6400	-76.708	33.375	0.0000	0.0000	0.0000	0.0000	nan
6401	-76.625	33.375	0.0000	0.0000	0.0000	0.0000	nan
6402	-76.542	33.375	0.0000	0.0000	0.0000	0.0000	nan
6403	-76.458	33.375	0.0000	0.0000	0.0000	0.0000	1.0
6404	-76.375	33.375	0.0502	0.3094	-0.1856	0.2118	1.0
6405	-76.292	33.375	0.0681	0.4284	-0.3143	0.2979	1.0
6406	-76.208	33.375	0.0922	0.4442	-0.3214	0.2797	2.0
6407	-76.125	33.375	0.2164	-0.1098	-0.5906	0.2679	2.0
6408	-76.042	33.375	0.2152	-0.0982	-0.5917	0.2597	2.0
6409	-75.958	33.375	0.3451	0.0003	-0.4181	0.0068	1.0
6410	-75.875	33.375	0.3015	0.4171	0.0129	-0.0111	1.0
6411	-75.792	33.375	0.3415	0.3719	0.1556	0.0349	1.0
6412	-75.708	33.375	0.2364	0.3344	0.1558	0.0453	1.0
6413	-75.625	33.375	0.3445	0.3924	0.1885	0.0119	1.0
6414	-75.542	33.375	0.2604	0.3514	0.1685	0.0481	1.0
6415	-75.458	33.375	0.1758	0.3045	0.1513	-0.0076	0.0
6416	-75.375	33.375	0.2176	0.1698	0.0799	-0.0513	0.0
6417	-75.292	33.375	0.2176	0.1784	0.0799	-0.0513	0.0
6418	-75.208	33.375	0.2176	0.1668	0.0799	-0.0513	1.0
6419	-75.125	33.375	0.2612	0.2818	0.2260	-0.0236	1.0
6420	-75.042	33.375	0.2473	0.2768	0.1132	0.0036	0.0
6421	-74.958	33.375	0.3418	0.3003	0.1251	-0.0357	1.0
6422	-74.875	33.375	0.2121	0.2496	0.1239	-0.0320	0.0
6423	-74.792	33.375	0.2176	0.1677	0.0799	-0.0513	0.0
6424	-74.708	33.375	0.2176	0.1676	0.0799	-0.0513	nan
6425	-74.625	33.375	0.0000	0.0000	0.0000	0.0000	nan
6426	-74.542	33.375	0.0000	0.0000	0.0000	0.0000	nan
6427	-74.458	33.375	0.0000	0.0000	0.0000	0.0000	nan
6428	-74.375	33.375	0.0000	0.0000	0.0000	0.0000	nan
6429	-74.292	33.375	0.0000	0.0000	0.0000	0.0000	nan
6430	-74.208	33.375	0.0000	0.0000	0.0000	0.0000	nan
6431	-74.125	33.375	0.0000	0.0000	0.0000	0.0000	nan
6432	-74.042	33.375	0.0000	0.0000	0.0000	0.0000	nan
6433	-73.958	33.375	0.0000	0.0000	0.0000	0.0000	nan
6434	-73.875	33.375	0.0000	0.0000	0.0000	0.0000	nan
6435	-73.792	33.375	0.0000	0.0000	0.0000	0.0000	nan
6436	-73.708	33.375	0.0000	0.0000	0.0000	0.0000	nan
6437	-73.625	33.375	0.0000	0.0000	0.0000	0.0000	nan
6438	-73.542	33.375	0.0000	0.0000	0.0000	0.0000	nan
6439	-73.458	33.375	0.0000	0.0000	0.0000	0.0000	nan
6440	-73.375	33.375	0.0000	0.0000	0.0000	0.0000	nan
6441	-73.292	33.375	0.0000	0.0000	0.0000	0.0000	nan
6442	-73.208	33.375	0.0000	0.0000	0.0000	0.0000	nan
6443	-73.125	33.375	0.0000	0.0000	0.0000	0.0000	nan
6444	-73.042	33.375	0.0000	0.0000	0.0000	0.0000	nan
6445	-72.958	33.375	0.0000	0.0000	0.0000	0.0000	nan
6446	-72.875	33.375	0.0000	0.0000	0.0000	0.0000	nan
6447	-72.792	33.375	0.0000	0.0000	0.0000	0.0000	nan
6448	-72.708	33.375	0.0000	0.0000	0.0000	0.0000	nan
6449	-72.625	33.375	0.0000	0.0000	0.0000	0.0000	nan
6450	-72.542	33.375	0.0000	0.0000	0.0000	0.0000	nan
6451	-72.458	33.375	0.0000	0.0000	0.0000	0.0000	nan
6452	-72.375	33.375	0.0000	0.0000	0.0000	0.0000	nan
6453	-72.292	33.375	0.0000	0.0000	0.0000	0.0000	nan
6454	-72.208	33.375	0.0000	0.0000	0.0000	0.0000	nan
6455	-72.125	33.375	0.0000	0.0000	0.0000	0.0000	nan
6456	-72.042	33.375	0.0000	0.0000	0.0000	0.0000	nan
6457	-71.958	33.375	0.0000	0.0000	0.0000	0.0000	nan
6458	-71.875	33.375	0.0000	0.0000	0.0000	0.0000	nan
6459	-71.792	33.375	0.0000	0.0000	0.0000	0.0000	nan
6460	-71.708	33.375	0.0000	0.0000	0.0000	0.0000	nan
6461	-71.625	33.375	0.0000	0.0000	0.0000	0.0000	nan
6462	-71.542	33.375	0.0000	0.0000	0.0000	0.0000	nan
6463	-71.458	33.375	0.0000	0.0000	0.0000	0.0000	nan
6464	-71.375	33.375	0.0000	0.0000	0.0000	0.0000	nan
6465	-71.292	33.375	0.0000	0.0000	0.0000	0.0000	nan
6466	-71.208	33.375	0.0000	0.0000	0.0000	0.0000	nan
6467	-71.125	33.375	0.0000	0.0000	0.0000	0.0000	nan
6468	-71.042	33.375	0.0000	0.0000	0.0000	0.0000	nan
6469	-77.958	33.458	0.0000	0.0000	0.0000	0.0000	nan
6470	-77.875	33.458	0.0000	0.0000	0.0000	0.0000	nan
6471	-77.792	33.458	0.0000	0.0000	0.0000	0.0000	nan
6472	-77.708	33.458	0.0000	0.0000	0.0000	0.0000	nan
6473	-77.625	33.458	0.0000	0.0000	0.0000	0.0000	nan
6474	-77.542	33.458	0.0000	0.0000	0.0000	0.0000	nan
6475	-77.458	33.458	0.0000	0.0000	0.0000	0.0000	nan
6476	-77.375	33.458	0.0000	0.0000	0.0000	0.0000	nan
6477	-77.292	33.458	0.0000	0.0000	0.0000	0.0000	nan
6478	-77.208	33.458	0.0000	0.0000	0.0000	0.0000	nan
6479	-77.125	33.458	0.0000	0.0000	0.0000	0.0000	nan
6480	-77.042	33.458	0.0000	0.0000	0.0000	0.0000	nan
6481	-76.958	33.458	0.0000	0.0000	0.0000	0.0000	nan
6482	-76.875	33.458	0.0000	0.0000	0.0000	0.0000	nan
6483	-76.792	33.458	0.0000	0.0000	0.0000	0.0000	nan
6484	-76.708	33.458	0.0000	0.0000	0.0000	0.0000	nan
6485	-76.625	33.458	0.0000	0.0000	0.0000	0.0000	nan
6486	-76.542	33.458	0.0000	0.0000	0.0000	0.0000	nan
6487	-76.458	33.458	0.0000	0.0000	0.0000	0.0000	nan
6488	-76.375	33.458	0.0000	0.0000	0.0000	0.0000	1.0
6489	-76.292	33.458	0.0672	0.4457	-0.2120	0.3119	1.0
6490	-76.208	33.458	0.0250	0.4389	-0.3095	0.1672	1.0
6491	-76.125	33.458	0.0909	0.4118	-0.3986	0.2348	2.0
6492	-76.042	33.458	0.2530	0.1926	-0.6170	0.2160	2.0
6493	-75.958	33.458	0.2941	0.3573	-0.4896	0.0566	1.0
6494	-75.875	33.458	0.3938	0.4521	-0.1513	-0.1006	0.0
6495	-75.792	33.458	0.3770	0.3321	0.1445	0.0307	1.0
6496	-75.708	33.458	0.3356	0.3737	0.1682	0.0133	1.0
6497	-75.625	33.458	0.3367	0.3755	0.1638	0.0245	1.0
6498	-75.542	33.458	0.3284	0.3756	0.1692	0.0190	1.0
6499	-75.458	33.458	0.3200	0.3789	0.1788	0.0188	1.0
6500	-75.375	33.458	0.1892	0.2945	0.1455	-0.0149	0.0
6501	-75.292	33.458	0.2176	0.1668	0.0799	-0.0513	0.0
6502	-75.208	33.458	0.2176	0.1668	0.0799	-0.0513	0.0
6503	-75.125	33.458	0.2176	0.1668	0.0799	-0.0513	1.0
6504	-75.042	33.458	0.1986	0.2780	0.1394	-0.0208	0.0
6505	-74.958	33.458	0.3438	0.3276	0.1470	-0.0364	1.0
6506	-74.875	33.458	0.2123	0.2491	0.1236	-0.0322	0.0
6507	-74.792	33.458	0.2176	0.1676	0.0799	-0.0513	0.0
6508	-74.708	33.458	0.2176	0.1676	0.0799	-0.0513	0.0
6509	-74.625	33.458	0.2176	0.1676	0.0799	-0.0513	nan
6510	-74.542	33.458	0.0000	0.0000	0.0000	0.0000	nan
6511	-74.458	33.458	0.0000	0.0000	0.0000	0.0000	nan
6512	-74.375	33.458	0.0000	0.0000	0.0000	0.0000	nan
6513	-74.292	33.458	0.0000	0.0000	0.0000	0.0000	nan
6514	-74.208	33.458	0.0000	0.0000	0.0000	0.0000	nan
6515	-74.125	33.458	0.0000	0.0000	0.0000	0.0000	nan
6516	-74.042	33.458	0.0000	0.0000	0.0000	0.0000	nan
6517	-73.958	33.458	0.0000	0.0000	0.0000	0.0000	nan
6518	-73.875	33.458	0.0000	0.0000	0.0000	0.0000	nan
6519	-73.792	33.458	0.0000	0.0000	0.0000	0.0000	nan
6520	-73.708	33.458	0.0000	0.0000	0.0000	0.0000	nan
6521	-73.625	33.458	0.0000	0.0000	0.0000	0.0000	nan
6522	-73.542	33.458	0.0000	0.0000	0.0000	0.0000	nan
6523	-73.458	33.458	0.0000	0.0000	0.0000	0.0000	nan
6524	-73.375	33.458	0.0000	0.0000	0.0000	0.0000	nan
6525	-73.292	33.458	0.0000	0.0000	0.0000	0.0000	nan
6526	-73.208	33.458	0.0000	0.0000	0.0000	0.0000	nan
6527	-73.125	33.458	0.0000	0.0000	0.0000	0.0000	nan
6528	-73.042	33.458	0.0000	0.0000	0.0000	0.0000	nan
6529	-72.958	33.458	0.0000	0.0000	0.0000	0.0000	nan
6530	-72.875	33.458	0.0000	0.0000	0.0000	0.0000	nan
6531	-72.792	33.458	0.0000	0.0000	0.0000	0.0000	nan
6532	-72.708	33.458	0.0000	0.0000	0.0000	0.0000	nan
6533	-72.625	33.458	0.0000	0.0000	0.0000	0.0000	nan
6534	-72.542	33.458	0.0000	0.0000	0.0000	0.0000	nan
6535	-72.458	33.458	0.0000	0.0000	0.0000	0.0000	nan
6536	-72.375	33.458	0.0000	0.0000	0.0000	0.0000	nan
6537	-72.292	33.458	0.0000	0.0000	0.0000	0.0000	nan
6538	-72.208	33.458	0.0000	0.0000	0.0000	0.0000	nan
6539	-72.125	33.458	0.0000	0.0000	0.0000	0.0000	nan
6540	-72.042	33.458	0.0000	0.0000	0.0000	0.0000	nan
6541	-71.958	33.458	0.0000	0.0000	0.0000	0.0000	nan
6542	-71.875	33.458	0.0000	0.0000	0.0000	0.0000	nan
6543	-71.792	33.458	0.0000	0.0000	0.0000	0.0000	nan
6544	-71.708	33.458	0.0000	0.0000	0.0000	0.0000	nan
6545	-71.625	33.458	0.0000	0.0000	0.0000	0.0000	nan
6546	-71.542	33.458	0.0000	0.0000	0.0000	0.0000	nan
6547	-71.458	33.458	0.0000	0.0000	0.0000	0.0000	nan
6548	-71.375	33.458	0.0000	0.0000	0.0000	0.0000	nan
6549	-71.292	33.458	0.0000	0.0000	0.0000	0.0000	nan
6550	-71.208	33.458	0.0000	0.0000	0.0000	0.0000	nan
6551	-71.125	33.458	0.0000	0.0000	0.0000	0.0000	nan
6552	-71.042	33.458	0.0000	0.0000	0.0000	0.0000	nan
6553	-77.958	33.542	0.0000	0.0000	0.0000	0.0000	nan
6554	-77.875	33.542	0.0000	0.0000	0.0000	0.0000	nan
6555	-77.792	33.542	0.0000	0.0000	0.0000	0.0000	nan
6556	-77.708	33.542	0.0000	0.0000	0.0000	0.0000	nan
6557	-77.625	33.542	0.0000	0.0000	0.0000	0.0000	nan
6558	-77.542	33.542	0.0000	0.0000	0.0000	0.0000	nan
6559	-77.458	33.542	0.0000	0.0000	0.0000	0.0000	nan
6560	-77.375	33.542	0.0000	0.0000	0.0000	0.0000	nan
6561	-77.292	33.542	0.0000	0.0000	0.0000	0.0000	nan
6562	-77.208	33.542	0.0000	0.0000	0.0000	0.0000	nan
6563	-77.125	33.542	0.0000	0.0000	0.0000	0.0000	nan
6564	-77.042	33.542	0.0000	0.0000	0.0000	0.0000	nan
6565	-76.958	33.542	0.0000	0.0000	0.0000	0.0000	nan
6566	-76.875	33.542	0.0000	0.0000	0.0000	0.0000	nan
6567	-76.792	33.542	0.0000	0.0000	0.0000	0.0000	nan
6568	-76.708	33.542	0.0000	0.0000	0.0000	0.0000	nan
6569	-76.625	33.542	0.0000	0.0000	0.0000	0.0000	nan
6570	-76.542	33.542	0.0000	0.0000	0.0000	0.0000	nan
6571	-76.458	33.542	0.0000	0.0000	0.0000	0.0000	nan
6572	-76.375	33.542	0.0000	0.0000	0.0000	0.0000	1.0
6573	-76.292	33.542	0.0571	0.2750	-0.1807	0.2631	1.0
6574	-76.208	33.542	0.1096	0.3252	-0.3137	0.1744	1.0
6575	-76.125	33.542	0.1651	0.4118	-0.3338	0.3063	2.0
6576	-76.042	33.542	0.1752	0.2533	-0.5441	0.2753	2.0
6577	-75.958	33.542	0.2604	0.2897	-0.5295	0.1395	1.0
6578	-75.875	33.542	0.2966	0.4351	-0.3266	-0.1170	0.0
6579	-75.792	33.542	0.3780	0.3364	0.1386	0.0330	0.0
6580	-75.708	33.542	0.3807	0.3283	0.1447	0.0227	0.0
6581	-75.625	33.542	0.3821	0.3280	0.1482	0.0225	0.0
6582	-75.542	33.542	0.3681	0.3409	0.1496	0.0360	1.0
6583	-75.458	33.542	0.3500	0.3944	0.1870	0.0160	nan
6584	-75.375	33.542	0.0000	0.0000	0.0000	0.0000	0.0
6585	-75.292	33.542	0.2176	0.1697	0.0799	-0.0513	0.0
6586	-75.208	33.542	0.2176	0.1668	0.0799	-0.0513	0.0
6587	-75.125	33.542	0.2176	0.1668	0.0799	-0.0513	nan
6588	-75.042	33.542	0.0000	0.0000	0.0000	0.0000	1.0
6589	-74.958	33.542	0.2033	0.2707	0.1353	-0.0242	nan
6590	-74.875	33.542	0.0000	0.0000	0.0000	0.0000	1.0
6591	-74.792	33.542	0.0240	0.2549	0.1347	0.0435	0.0
6592	-74.708	33.542	0.2176	0.1676	0.0799	-0.0513	nan
6593	-74.625	33.542	0.0000	0.0000	0.0000	0.0000	0.0
6594	-74.542	33.542	0.2176	0.1676	0.0799	-0.0513	nan
6595	-74.458	33.542	0.0000	0.0000	0.0000	0.0000	nan
6596	-74.375	33.542	0.0000	0.0000	0.0000	0.0000	nan
6597	-74.292	33.542	0.0000	0.0000	0.0000	0.0000	nan
6598	-74.208	33.542	0.0000	0.0000	0.0000	0.0000	nan
6599	-74.125	33.542	0.0000	0.0000	0.0000	0.0000	nan
6600	-74.042	33.542	0.0000	0.0000	0.0000	0.0000	nan
6601	-73.958	33.542	0.0000	0.0000	0.0000	0.0000	nan
6602	-73.875	33.542	0.0000	0.0000	0.0000	0.0000	nan
6603	-73.792	33.542	0.0000	0.0000	0.0000	0.0000	nan
6604	-73.708	33.542	0.0000	0.0000	0.0000	0.0000	nan
6605	-73.625	33.542	0.0000	0.0000	0.0000	0.0000	nan
6606	-73.542	33.542	0.0000	0.0000	0.0000	0.0000	nan
6607	-73.458	33.542	0.0000	0.0000	0.0000	0.0000	nan
6608	-73.375	33.542	0.0000	0.0000	0.0000	0.0000	nan
6609	-73.292	33.542	0.0000	0.0000	0.0000	0.0000	nan
6610	-73.208	33.542	0.0000	0.0000	0.0000	0.0000	nan
6611	-73.125	33.542	0.0000	0.0000	0.0000	0.0000	nan
6612	-73.042	33.542	0.0000	0.0000	0.0000	0.0000	nan
6613	-72.958	33.542	0.0000	0.0000	0.0000	0.0000	nan
6614	-72.875	33.542	0.0000	0.0000	0.0000	0.0000	nan
6615	-72.792	33.542	0.0000	0.0000	0.0000	0.0000	nan
6616	-72.708	33.542	0.0000	0.0000	0.0000	0.0000	nan
6617	-72.625	33.542	0.0000	0.0000	0.0000	0.0000	nan
6618	-72.542	33.542	0.0000	0.0000	0.0000	0.0000	nan
6619	-72.458	33.542	0.0000	0.0000	0.0000	0.0000	nan
6620	-72.375	33.542	0.0000	0.0000	0.0000	0.0000	nan
6621	-72.292	33.542	0.0000	0.0000	0.0000	0.0000	nan
6622	-72.208	33.542	0.0000	0.0000	0.0000	0.0000	nan
6623	-72.125	33.542	0.0000	0.0000	0.0000	0.0000	nan
6624	-72.042	33.542	0.0000	0.0000	0.0000	0.0000	nan
6625	-71.958	33.542	0.0000	0.0000	0.0000	0.0000	nan
6626	-71.875	33.542	0.0000	0.0000	0.0000	0.0000	nan
6627	-71.792	33.542	0.0000	0.0000	0.0000	0.0000	nan
6628	-71.708	33.542	0.0000	0.0000	0.0000	0.0000	nan
6629	-71.625	33.542	0.0000	0.0000	0.0000	0.0000	nan
6630	-71.542	33.542	0.0000	0.0000	0.0000	0.0000	nan
6631	-71.458	33.542	0.0000	0.0000	0.0000	0.0000	nan
6632	-71.375	33.542	0.0000	0.0000	0.0000	0.0000	nan
6633	-71.292	33.542	0.0000	0.0000	0.0000	0.0000	nan
6634	-71.208	33.542	0.0000	0.0000	0.0000	0.0000	nan
6635	-71.125	33.542	0.0000	0.0000	0.0000	0.0000	nan
6636	-71.042	33.542	0.0000	0.0000	0.0000	0.0000	nan
6637	-77.958	33.625	0.0000	0.0000	0.0000	0.0000	nan
6638	-77.875	33.625	0.0000	0.0000	0.0000	0.0000	nan
6639	-77.792	33.625	0.0000	0.0000	0.0000	0.0000	nan
6640	-77.708	33.625	0.0000	0.0000	0.0000	0.0000	nan
6641	-77.625	33.625	0.0000	0.0000	0.0000	0.0000	nan
6642	-77.542	33.625	0.0000	0.0000	0.0000	0.0000	nan
6643	-77.458	33.625	0.0000	0.0000	0.0000	0.0000	nan
6644	-77.375	33.625	0.0000	0.0000	0.0000	0.0000	nan
6645	-77.292	33.625	0.0000	0.0000	0.0000	0.0000	nan
6646	-77.208	33.625	0.0000	0.0000	0.0000	0.0000	nan
6647	-77.125	33.625	0.0000	0.0000	0.0000	0.0000	nan
6648	-77.042	33.625	0.0000	0.0000	0.0000	0.0000	nan
6649	-76.958	33.625	0.0000	0.0000	0.0000	0.0000	nan
6650	-76.875	33.625	0.0000	0.0000	0.0000	0.0000	nan
6651	-76.792	33.625	0.0000	0.0000	0.0000	0.0000	nan
6652	-76.708	33.625	0.0000	0.0000	0.0000	0.0000	nan
6653	-76.625	33.625	0.0000	0.0000	0.0000	0.0000	nan
6654	-76.542	33.625	0.0000	0.0000	0.0000	0.0000	nan
6655	-76.458	33.625	0.0000	0.0000	0.0000	0.0000	nan
6656	-76.375	33.625	0.0000	0.0000	0.0000	0.0000	nan
6657	-76.292	33.625	0.0000	0.0000	0.0000	0.0000	3.0
6658	-76.208	33.625	0.0444	0.2899	-0.1003	0.3291	1.0
6659	-76.125	33.625	0.1346	0.3737	-0.3320	0.1708	2.0
6660	-76.042	33.625	0.2207	0.2007	-0.5480	0.3369	2.0
6661	-75.958	33.625	0.2039	0.1351	-0.6017	0.1573	2.0
6662	-75.875	33.625	0.2685	0.3741	-0.4143	-0.0415	0.0
6663	-75.792	33.625	0.4447	0.3115	-0.0237	-0.0599	1.0
6664	-75.708	33.625	0.2062	0.3551	-0.0084	-0.0194	1.0
6665	-75.625	33.625	0.3441	0.3634	0.0695	0.0004	0.0
6666	-75.542	33.625	0.3712	0.3362	0.1429	0.0429	1.0
6667	-75.458	33.625	0.3403	0.3742	0.1588	0.0347	0.0
6668	-75.375	33.625	0.4069	0.2804	0.1022	0.0041	nan
6669	-75.292	33.625	0.0000	0.0000	0.0000	0.0000	0.0
6670	-75.208	33.625	0.2176	0.1668	0.0799	-0.0513	nan
6671	-75.125	33.625	0.0000	0.0000	0.0000	0.0000	0.0
6672	-75.042	33.625	0.2176	0.1668	0.0799	-0.0513	0.0
6673	-74.958	33.625	0.2176	0.1672	0.0799	-0.0513	0.0
6674	-74.875	33.625	0.2176	0.1679	0.0799	-0.0513	nan
6675	-74.792	33.625	0.0000	0.0000	0.0000	0.0000	0.0
6676	-74.708	33.625	0.2176	0.1676	0.0799	-0.0513	1.0
6677	-74.625	33.625	0.2165	0.2310	0.1137	-0.0376	0.0
6678	-74.542	33.625	0.2176	0.1668	0.0799	-0.0513	nan
6679	-74.458	33.625	0.0000	0.0000	0.0000	0.0000	nan
6680	-74.375	33.625	0.0000	0.0000	0.0000	0.0000	nan
6681	-74.292	33.625	0.0000	0.0000	0.0000	0.0000	nan
6682	-74.208	33.625	0.0000	0.0000	0.0000	0.0000	nan
6683	-74.125	33.625	0.0000	0.0000	0.0000	0.0000	nan
6684	-74.042	33.625	0.0000	0.0000	0.0000	0.0000	nan
6685	-73.958	33.625	0.0000	0.0000	0.0000	0.0000	nan
6686	-73.875	33.625	0.0000	0.0000	0.0000	0.0000	nan
6687	-73.792	33.625	0.0000	0.0000	0.0000	0.0000	nan
6688	-73.708	33.625	0.0000	0.0000	0.0000	0.0000	nan
6689	-73.625	33.625	0.0000	0.0000	0.0000	0.0000	nan
6690	-73.542	33.625	0.0000	0.0000	0.0000	0.0000	nan
6691	-73.458	33.625	0.0000	0.0000	0.0000	0.0000	nan
6692	-73.375	33.625	0.0000	0.0000	0.0000	0.0000	nan
6693	-73.292	33.625	0.0000	0.0000	0.0000	0.0000	nan
6694	-73.208	33.625	0.0000	0.0000	0.0000	0.0000	nan
6695	-73.125	33.625	0.0000	0.0000	0.0000	0.0000	nan
6696	-73.042	33.625	0.0000	0.0000	0.0000	0.0000	nan
6697	-72.958	33.625	0.0000	0.0000	0.0000	0.0000	nan
6698	-72.875	33.625	0.0000	0.0000	0.0000	0.0000	nan
6699	-72.792	33.625	0.0000	0.0000	0.0000	0.0000	nan
6700	-72.708	33.625	0.0000	0.0000	0.0000	0.0000	nan
6701	-72.625	33.625	0.0000	0.0000	0.0000	0.0000	nan
6702	-72.542	33.625	0.0000	0.0000	0.0000	0.0000	nan
6703	-72.458	33.625	0.0000	0.0000	0.0000	0.0000	nan
6704	-72.375	33.625	0.0000	0.0000	0.0000	0.0000	nan
6705	-72.292	33.625	0.0000	0.0000	0.0000	0.0000	nan
6706	-72.208	33.625	0.0000	0.0000	0.0000	0.0000	nan
6707	-72.125	33.625	0.0000	0.0000	0.0000	0.0000	nan
6708	-72.042	33.625	0.0000	0.0000	0.0000	0.0000	nan
6709	-71.958	33.625	0.0000	0.0000	0.0000	0.0000	nan
6710	-71.875	33.625	0.0000	0.0000	0.0000	0.0000	nan
6711	-71.792	33.625	0.0000	0.0000	0.0000	0.0000	nan
6712	-71.708	33.625	0.0000	0.0000	0.0000	0.0000	nan
6713	-71.625	33.625	0.0000	0.0000	0.0000	0.0000	nan
6714	-71.542	33.625	0.0000	0.0000	0.0000	0.0000	nan
6715	-71.458	33.625	0.0000	0.0000	0.0000	0.0000	nan
6716	-71.375	33.625	0.0000	0.0000	0.0000	0.0000	nan
6717	-71.292	33.625	0.0000	0.0000	0.0000	0.0000	nan
6718	-71.208	33.625	0.0000	0.0000	0.0000	0.0000	nan
6719	-71.125	33.625	0.0000	0.0000	0.0000	0.0000	nan
6720	-71.042	33.625	0.0000	0.0000	0.0000	0.0000	nan
6721	-77.958	33.708	0.0000	0.0000	0.0000	0.0000	nan
6722	-77.875	33.708	0.0000	0.0000	0.0000	0.0000	nan
6723	-77.792	33.708	0.0000	0.0000	0.0000	0.0000	nan
6724	-77.708	33.708	0.0000	0.0000	0.0000	0.0000	nan
6725	-77.625	33.708	0.0000	0.0000	0.0000	0.0000	nan
6726	-77.542	33.708	0.0000	0.0000	0.0000	0.0000	nan
6727	-77.458	33.708	0.0000	0.0000	0.0000	0.0000	nan
6728	-77.375	33.708	0.0000	0.0000	0.0000	0.0000	nan
6729	-77.292	33.708	0.0000	0.0000	0.0000	0.0000	nan
6730	-77.208	33.708	0.0000	0.0000	0.0000	0.0000	nan
6731	-77.125	33.708	0.0000	0.0000	0.0000	0.0000	nan
6732	-77.042	33.708	0.0000	0.0000	0.0000	0.0000	nan
6733	-76.958	33.708	0.0000	0.0000	0.0000	0.0000	nan
6734	-76.875	33.708	0.0000	0.0000	0.0000	0.0000	nan
6735	-76.792	33.708	0.0000	0.0000	0.0000	0.0000	nan
6736	-76.708	33.708	0.0000	0.0000	0.0000	0.0000	nan
6737	-76.625	33.708	0.0000	0.0000	0.0000	0.0000	nan
6738	-76.542	33.708	0.0000	0.0000	0.0000	0.0000	nan
6739	-76.458	33.708	0.0000	0.0000	0.0000	0.0000	nan
6740	-76.375	33.708	0.0000	0.0000	0.0000	0.0000	nan
6741	-76.292	33.708	0.0000	0.0000	0.0000	0.0000	3.0
6742	-76.208	33.708	0.0771	0.2191	-0.1447	0.2970	3.0
6743	-76.125	33.708	0.0903	0.3465	-0.2109	0.4125	1.0
6744	-76.042	33.708	0.1382	0.3723	-0.3030	0.3192	2.0
6745	-75.958	33.708	0.2176	0.1988	-0.5445	0.2666	2.0
6746	-75.875	33.708	0.2534	0.2882	-0.5484	0.1208	1.0
6747	-75.792	33.708	0.2980	0.3644	-0.3227	-0.1226	0.0
6748	-75.708	33.708	0.3705	0.3209	0.0713	0.0036	0.0
6749	-75.625	33.708	0.3000	0.2749	0.0491	0.0238	1.0
6750	-75.542	33.708	0.3575	0.3741	0.1015	0.0176	1.0
6751	-75.458	33.708	0.2635	0.4069	0.0539	0.0075	0.0
6752	-75.375	33.708	0.3728	0.3348	0.0829	0.0315	1.0
6753	-75.292	33.708	0.0240	0.2597	0.1347	0.0435	nan
6754	-75.208	33.708	0.0000	0.0000	0.0000	0.0000	0.0
6755	-75.125	33.708	0.2176	0.1668	0.0799	-0.0513	0.0
6756	-75.042	33.708	0.2176	0.1668	0.0799	-0.0513	0.0
6757	-74.958	33.708	0.2176	0.1668	0.0799	-0.0513	0.0
6758	-74.875	33.708	0.2176	0.1679	0.0799	-0.0513	0.0
6759	-74.792	33.708	0.2176	0.1680	0.0799	-0.0513	1.0
6760	-74.708	33.708	0.0240	0.2543	0.1347	0.0435	0.0
6761	-74.625	33.708	0.2176	0.1676	0.0799	-0.0513	0.0
6762	-74.542	33.708	0.2176	0.1676	0.0799	-0.0513	nan
6763	-74.458	33.708	0.0000	0.0000	0.0000	0.0000	nan
6764	-74.375	33.708	0.0000	0.0000	0.0000	0.0000	nan
6765	-74.292	33.708	0.0000	0.0000	0.0000	0.0000	nan
6766	-74.208	33.708	0.0000	0.0000	0.0000	0.0000	nan
6767	-74.125	33.708	0.0000	0.0000	0.0000	0.0000	nan
6768	-74.042	33.708	0.0000	0.0000	0.0000	0.0000	nan
6769	-73.958	33.708	0.0000	0.0000	0.0000	0.0000	nan
6770	-73.875	33.708	0.0000	0.0000	0.0000	0.0000	nan
6771	-73.792	33.708	0.0000	0.0000	0.0000	0.0000	nan
6772	-73.708	33.708	0.0000	0.0000	0.0000	0.0000	nan
6773	-73.625	33.708	0.0000	0.0000	0.0000	0.0000	nan
6774	-73.542	33.708	0.0000	0.0000	0.0000	0.0000	nan
6775	-73.458	33.708	0.0000	0.0000	0.0000	0.0000	nan
6776	-73.375	33.708	0.0000	0.0000	0.0000	0.0000	nan
6777	-73.292	33.708	0.0000	0.0000	0.0000	0.0000	nan
6778	-73.208	33.708	0.0000	0.0000	0.0000	0.0000	nan
6779	-73.125	33.708	0.0000	0.0000	0.0000	0.0000	nan
6780	-73.042	33.708	0.0000	0.0000	0.0000	0.0000	nan
6781	-72.958	33.708	0.0000	0.0000	0.0000	0.0000	nan
6782	-72.875	33.708	0.0000	0.0000	0.0000	0.0000	nan
6783	-72.792	33.708	0.0000	0.0000	0.0000	0.0000	nan
6784	-72.708	33.708	0.0000	0.0000	0.0000	0.0000	nan
6785	-72.625	33.708	0.0000	0.0000	0.0000	0.0000	nan
6786	-72.542	33.708	0.0000	0.0000	0.0000	0.0000	nan
6787	-72.458	33.708	0.0000	0.0000	0.0000	0.0000	nan
6788	-72.375	33.708	0.0000	0.0000	0.0000	0.0000	nan
6789	-72.292	33.708	0.0000	0.0000	0.0000	0.0000	nan
6790	-72.208	33.708	0.0000	0.0000	0.0000	0.0000	nan
6791	-72.125	33.708	0.0000	0.0000	0.0000	0.0000	nan
6792	-72.042	33.708	0.0000	0.0000	0.0000	0.0000	nan
6793	-71.958	33.708	0.0000	0.0000	0.0000	0.0000	nan
6794	-71.875	33.708	0.0000	0.0000	0.0000	0.0000	nan
6795	-71.792	33.708	0.0000	0.0000	0.0000	0.0000	nan
6796	-71.708	33.708	0.0000	0.0000	0.0000	0.0000	nan
6797	-71.625	33.708	0.0000	0.0000	0.0000	0.0000	nan
6798	-71.542	33.708	0.0000	0.0000	0.0000	0.0000	nan
6799	-71.458	33.708	0.0000	0.0000	0.0000	0.0000	nan
6800	-71.375	33.708	0.0000	0.0000	0.0000	0.0000	nan
6801	-71.292	33.708	0.0000	0.0000	0.0000	0.0000	nan
6802	-71.208	33.708	0.0000	0.0000	0.0000	0.0000	nan
6803	-71.125	33.708	0.0000	0.0000	0.0000	0.0000	nan
6804	-71.042	33.708	0.0000	0.0000	0.0000	0.0000	nan
6805	-77.958	33.792	0.0000	0.0000	0.0000	0.0000	nan
6806	-77.875	33.792	0.0000	0.0000	0.0000	0.0000	nan
6807	-77.792	33.792	0.0000	0.0000	0.0000	0.0000	nan
6808	-77.708	33.792	0.0000	0.0000	0.0000	0.0000	nan
6809	-77.625	33.792	0.0000	0.0000	0.0000	0.0000	nan
6810	-77.542	33.792	0.0000	0.0000	0.0000	0.0000	nan
6811	-77.458	33.792	0.0000	0.0000	0.0000	0.0000	nan
6812	-77.375	33.792	0.0000	0.0000	0.0000	0.0000	nan
6813	-77.292	33.792	0.0000	0.0000	0.0000	0.0000	nan
6814	-77.208	33.792	0.0000	0.0000	0.0000	0.0000	nan
6815	-77.125	33.792	0.0000	0.0000	0.0000	0.0000	nan
6816	-77.042	33.792	0.0000	0.0000	0.0000	0.0000	nan
6817	-76.958	33.792	0.0000	0.0000	0.0000	0.0000	nan
6818	-76.875	33.792	0.0000	0.0000	0.0000	0.0000	nan
6819	-76.792	33.792	0.0000	0.0000	0.0000	0.0000	nan
6820	-76.708	33.792	0.0000	0.0000	0.0000	0.0000	nan
6821	-76.625	33.792	0.0000	0.0000	0.0000	0.0000	nan
6822	-76.542	33.792	0.0000	0.0000	0.0000	0.0000	nan
6823	-76.458	33.792	0.0000	0.0000	0.0000	0.0000	nan
6824	-76.375	33.792	0.0000	0.0000	0.0000	0.0000	nan
6825	-76.292	33.792	0.0000	0.0000	0.0000	0.0000	nan
6826	-76.208	33.792	0.0000	0.0000	0.0000	0.0000	3.0
6827	-76.125	33.792	0.0916	0.3075	-0.1296	0.3288	1.0
6828	-76.042	33.792	0.1051	0.3430	-0.2585	0.3243	1.0
6829	-75.958	33.792	0.1795	0.3913	-0.3420	0.2814	2.0
6830	-75.875	33.792	0.2054	0.1562	-0.6233	0.1177	2.0
6831	-75.792	33.792	0.2881	0.2437	-0.5131	0.0396	0.0
6832	-75.708	33.792	0.3368	-0.0074	-0.1130	-0.0456	0.0
6833	-75.625	33.792	0.3820	0.3143	0.1354	0.0200	0.0
6834	-75.542	33.792	0.3767	0.3190	0.0707	0.0174	0.0
6835	-75.458	33.792	0.4019	0.2413	-0.0146	0.0369	0.0
6836	-75.375	33.792	0.3649	0.3469	0.0767	0.0421	0.0
6837	-75.292	33.792	0.3548	0.3413	0.1351	0.0580	0.0
6838	-75.208	33.792	0.2176	0.1668	0.0799	-0.0513	1.0
6839	-75.125	33.792	0.0240	0.2529	0.1347	0.0435	0.0
6840	-75.042	33.792	0.2176	0.1668	0.0799	-0.0513	nan
6841	-74.958	33.792	0.0000	0.0000	0.0000	0.0000	0.0
6842	-74.875	33.792	0.2176	0.1672	0.0799	-0.0513	0.0
6843	-74.792	33.792	0.2176	0.1679	0.0799	-0.0513	nan
6844	-74.708	33.792	0.0000	0.0000	0.0000	0.0000	0.0
6845	-74.625	33.792	0.2176	0.1676	0.0799	-0.0513	0.0
6846	-74.542	33.792	0.2176	0.1676	0.0799	-0.0513	nan
6847	-74.458	33.792	0.0000	0.0000	0.0000	0.0000	0.0
6848	-74.375	33.792	0.2176	0.1675	0.0799	-0.0513	1.0
6849	-74.292	33.792	0.0240	0.2701	0.1347	0.0435	nan
6850	-74.208	33.792	0.0000	0.0000	0.0000	0.0000	nan
6851	-74.125	33.792	0.0000	0.0000	0.0000	0.0000	nan
6852	-74.042	33.792	0.0000	0.0000	0.0000	0.0000	nan
6853	-73.958	33.792	0.0000	0.0000	0.0000	0.0000	nan
6854	-73.875	33.792	0.0000	0.0000	0.0000	0.0000	nan
6855	-73.792	33.792	0.0000	0.0000	0.0000	0.0000	nan
6856	-73.708	33.792	0.0000	0.0000	0.0000	0.0000	nan
6857	-73.625	33.792	0.0000	0.0000	0.0000	0.0000	nan
6858	-73.542	33.792	0.0000	0.0000	0.0000	0.0000	nan
6859	-73.458	33.792	0.0000	0.0000	0.0000	0.0000	nan
6860	-73.375	33.792	0.0000	0.0000	0.0000	0.0000	nan
6861	-73.292	33.792	0.0000	0.0000	0.0000	0.0000	nan
6862	-73.208	33.792	0.0000	0.0000	0.0000	0.0000	nan
6863	-73.125	33.792	0.0000	0.0000	0.0000	0.0000	nan
6864	-73.042	33.792	0.0000	0.0000	0.0000	0.0000	nan
6865	-72.958	33.792	0.0000	0.0000	0.0000	0.0000	nan
6866	-72.875	33.792	0.0000	0.0000	0.0000	0.0000	nan
6867	-72.792	33.792	0.0000	0.0000	0.0000	0.0000	nan
6868	-72.708	33.792	0.0000	0.0000	0.0000	0.0000	nan
6869	-72.625	33.792	0.0000	0.0000	0.0000	0.0000	nan
6870	-72.542	33.792	0.0000	0.0000	0.0000	0.0000	nan
6871	-72.458	33.792	0.0000	0.0000	0.0000	0.0000	nan
6872	-72.375	33.792	0.0000	0.0000	0.0000	0.0000	nan
6873	-72.292	33.792	0.0000	0.0000	0.0000	0.0000	nan
6874	-72.208	33.792	0.0000	0.0000	0.0000	0.0000	nan
6875	-72.125	33.792	0.0000	0.0000	0.0000	0.0000	nan
6876	-72.042	33.792	0.0000	0.0000	0.0000	0.0000	nan
6877	-71.958	33.792	0.0000	0.0000	0.0000	0.0000	nan
6878	-71.875	33.792	0.0000	0.0000	0.0000	0.0000	nan
6879	-71.792	33.792	0.0000	0.0000	0.0000	0.0000	nan
6880	-71.708	33.792	0.0000	0.0000	0.0000	0.0000	nan
6881	-71.625	33.792	0.0000	0.0000	0.0000	0.0000	nan
6882	-71.542	33.792	0.0000	0.0000	0.0000	0.0000	nan
6883	-71.458	33.792	0.0000	0.0000	0.0000	0.0000	nan
6884	-71.375	33.792	0.0000	0.0000	0.0000	0.0000	nan
6885	-71.292	33.792	0.0000	0.0000	0.0000	0.0000	nan
6886	-71.208	33.792	0.0000	0.0000	0.0000	0.0000	nan
6887	-71.125	33.792	0.0000	0.0000	0.0000	0.0000	nan
6888	-71.042	33.792	0.0000	0.0000	0.0000	0.0000	nan
6889	-77.958	33.875	0.0000	0.0000	0.0000	0.0000	nan
6890	-77.875	33.875	0.0000	0.0000	0.0000	0.0000	nan
6891	-77.792	33.875	0.0000	0.0000	0.0000	0.0000	nan
6892	-77.708	33.875	0.0000	0.0000	0.0000	0.0000	nan
6893	-77.625	33.875	0.0000	0.0000	0.0000	0.0000	nan
6894	-77.542	33.875	0.0000	0.0000	0.0000	0.0000	nan
6895	-77.458	33.875	0.0000	0.0000	0.0000	0.0000	nan
6896	-77.375	33.875	0.0000	0.0000	0.0000	0.0000	nan
6897	-77.292	33.875	0.0000	0.0000	0.0000	0.0000	nan
6898	-77.208	33.875	0.0000	0.0000	0.0000	0.0000	nan
6899	-77.125	33.875	0.0000	0.0000	0.0000	0.0000	nan
6900	-77.042	33.875	0.0000	0.0000	0.0000	0.0000	nan
6901	-76.958	33.875	0.0000	0.0000	0.0000	0.0000	nan
6902	-76.875	33.875	0.0000	0.0000	0.0000	0.0000	nan
6903	-76.792	33.875	0.0000	0.0000	0.0000	0.0000	nan
6904	-76.708	33.875	0.0000	0.0000	0.0000	0.0000	nan
6905	-76.625	33.875	0.0000	0.0000	0.0000	0.0000	nan
6906	-76.542	33.875	0.0000	0.0000	0.0000	0.0000	nan
6907	-76.458	33.875	0.0000	0.0000	0.0000	0.0000	nan
6908	-76.375	33.875	0.0000	0.0000	0.0000	0.0000	nan
6909	-76.292	33.875	0.0000	0.0000	0.0000	0.0000	nan
6910	-76.208	33.875	0.0000	0.0000	0.0000	0.0000	nan
6911	-76.125	33.875	0.0000	0.0000	0.0000	0.0000	3.0
6912	-76.042	33.875	0.0980	0.3273	-0.1472	0.3357	1.0
6913	-75.958	33.875	0.1373	0.3744	-0.2723	0.3171	2.0
6914	-75.875	33.875	0.1832	0.1988	-0.5181	0.2709	2.0
6915	-75.792	33.875	0.2396	-0.1162	-0.6377	0.1678	2.0
6916	-75.708	33.875	0.3239	-0.0195	-0.5209	0.0649	0.0
6917	-75.625	33.875	0.3605	0.3223	0.0624	0.0313	0.0
6918	-75.542	33.875	0.3744	0.3241	0.1318	0.0378	nan
6919	-75.458	33.875	0.0000	0.0000	0.0000	0.0000	0.0
6920	-75.375	33.875	0.3719	0.3334	0.0809	0.0208	0.0
6921	-75.292	33.875	0.3725	0.3339	0.0733	0.0422	1.0
6922	-75.208	33.875	0.3514	0.3534	0.1480	0.0445	0.0
6923	-75.125	33.875	0.1499	0.0389	0.1439	0.0075	0.0
6924	-75.042	33.875	0.2176	0.1668	0.0799	-0.0513	nan
6925	-74.958	33.875	0.0000	0.0000	0.0000	0.0000	0.0
6926	-74.875	33.875	0.2176	0.1668	0.0799	-0.0513	0.0
6927	-74.792	33.875	0.2176	0.1668	0.0799	-0.0513	1.0
6928	-74.708	33.875	0.2094	0.2579	0.1281	-0.0293	nan
6929	-74.625	33.875	0.0000	0.0000	0.0000	0.0000	0.0
6930	-74.542	33.875	0.2176	0.1676	0.0799	-0.0513	0.0
6931	-74.458	33.875	0.2176	0.1668	0.0799	-0.0513	nan
6932	-74.375	33.875	0.0000	0.0000	0.0000	0.0000	0.0
6933	-74.292	33.875	0.2176	0.1668	0.0799	-0.0513	nan
6934	-74.208	33.875	0.0000	0.0000	0.0000	0.0000	0.0
6935	-74.125	33.875	0.2658	0.1835	0.0563	-0.0189	nan
6936	-74.042	33.875	0.0000	0.0000	0.0000	0.0000	nan
6937	-73.958	33.875	0.0000	0.0000	0.0000	0.0000	nan
6938	-73.875	33.875	0.0000	0.0000	0.0000	0.0000	nan
6939	-73.792	33.875	0.0000	0.0000	0.0000	0.0000	nan
6940	-73.708	33.875	0.0000	0.0000	0.0000	0.0000	nan
6941	-73.625	33.875	0.0000	0.0000	0.0000	0.0000	nan
6942	-73.542	33.875	0.0000	0.0000	0.0000	0.0000	nan
6943	-73.458	33.875	0.0000	0.0000	0.0000	0.0000	nan
6944	-73.375	33.875	0.0000	0.0000	0.0000	0.0000	nan
6945	-73.292	33.875	0.0000	0.0000	0.0000	0.0000	nan
6946	-73.208	33.875	0.0000	0.0000	0.0000	0.0000	nan
6947	-73.125	33.875	0.0000	0.0000	0.0000	0.0000	nan
6948	-73.042	33.875	0.0000	0.0000	0.0000	0.0000	nan
6949	-72.958	33.875	0.0000	0.0000	0.0000	0.0000	nan
6950	-72.875	33.875	0.0000	0.0000	0.0000	0.0000	nan
6951	-72.792	33.875	0.0000	0.0000	0.0000	0.0000	nan
6952	-72.708	33.875	0.0000	0.0000	0.0000	0.0000	nan
6953	-72.625	33.875	0.0000	0.0000	0.0000	0.0000	nan
6954	-72.542	33.875	0.0000	0.0000	0.0000	0.0000	nan
6955	-72.458	33.875	0.0000	0.0000	0.0000	0.0000	nan
6956	-72.375	33.875	0.0000	0.0000	0.0000	0.0000	nan
6957	-72.292	33.875	0.0000	0.0000	0.0000	0.0000	nan
6958	-72.208	33.875	0.0000	0.0000	0.0000	0.0000	nan
6959	-72.125	33.875	0.0000	0.0000	0.0000	0.0000	nan
6960	-72.042	33.875	0.0000	0.0000	0.0000	0.0000	nan
6961	-71.958	33.875	0.0000	0.0000	0.0000	0.0000	nan
6962	-71.875	33.875	0.0000	0.0000	0.0000	0.0000	nan
6963	-71.792	33.875	0.0000	0.0000	0.0000	0.0000	nan
6964	-71.708	33.875	0.0000	0.0000	0.0000	0.0000	nan
6965	-71.625	33.875	0.0000	0.0000	0.0000	0.0000	nan
6966	-71.542	33.875	0.0000	0.0000	0.0000	0.0000	nan
6967	-71.458	33.875	0.0000	0.0000	0.0000	0.0000	nan
6968	-71.375	33.875	0.0000	0.0000	0.0000	0.0000	nan
6969	-71.292	33.875	0.0000	0.0000	0.0000	0.0000	nan
6970	-71.208	33.875	0.0000	0.0000	0.0000	0.0000	nan
6971	-71.125	33.875	0.0000	0.0000	0.0000	0.0000	nan
6972	-71.042	33.875	0.0000	0.0000	0.0000	0.0000	nan
6973	-77.958	33.958	0.0000	0.0000	0.0000	0.0000	nan
6974	-77.875	33.958	0.0000	0.0000	0.0000	0.0000	nan
6975	-77.792	33.958	0.0000	0.0000	0.0000	0.0000	nan
6976	-77.708	33.958	0.0000	0.0000	0.0000	0.0000	nan
6977	-77.625	33.958	0.0000	0.0000	0.0000	0.0000	nan
6978	-77.542	33.958	0.0000	0.0000	0.0000	0.0000	nan
6979	-77.458	33.958	0.0000	0.0000	0.0000	0.0000	nan
6980	-77.375	33.958	0.0000	0.0000	0.0000	0.0000	nan
6981	-77.292	33.958	0.0000	0.0000	0.0000	0.0000	nan
6982	-77.208	33.958	0.0000	0.0000	0.0000	0.0000	nan
6983	-77.125	33.958	0.0000	0.0000	0.0000	0.0000	nan
6984	-77.042	33.958	0.0000	0.0000	0.0000	0.0000	nan
6985	-76.958	33.958	0.0000	0.0000	0.0000	0.0000	nan
6986	-76.875	33.958	0.0000	0.0000	0.0000	0.0000	nan
6987	-76.792	33.958	0.0000	0.0000	0.0000	0.0000	nan
6988	-76.708	33.958	0.0000	0.0000	0.0000	0.0000	nan
6989	-76.625	33.958	0.0000	0.0000	0.0000	0.0000	nan
6990	-76.542	33.958	0.0000	0.0000	0.0000	0.0000	nan
6991	-76.458	33.958	0.0000	0.0000	0.0000	0.0000	nan
6992	-76.375	33.958	0.0000	0.0000	0.0000	0.0000	nan
6993	-76.292	33.958	0.0000	0.0000	0.0000	0.0000	nan
6994	-76.208	33.958	0.0000	0.0000	0.0000	0.0000	nan
6995	-76.125	33.958	0.0000	0.0000	0.0000	0.0000	3.0
6996	-76.042	33.958	0.0262	0.1476	-0.1195	0.2891	3.0
6997	-75.958	33.958	0.0856	0.2413	-0.1417	0.3383	2.0
6998	-75.875	33.958	0.2189	-0.1340	-0.4701	0.2061	2.0
6999	-75.792	33.958	0.2149	-0.1181	-0.5684	0.3786	2.0
7000	-75.708	33.958	0.2209	0.2305	-0.4592	0.1465	1.0
7001	-75.625	33.958	0.3179	0.3239	-0.0545	0.0129	0.0
7002	-75.542	33.958	0.3527	0.3370	0.1300	0.0504	0.0
7003	-75.458	33.958	0.3843	0.3156	0.1371	0.0230	0.0
7004	-75.375	33.958	0.3833	0.3179	0.1371	0.0291	1.0
7005	-75.292	33.958	0.3317	0.3687	0.1657	0.0032	1.0
7006	-75.208	33.958	0.3352	0.3798	0.1619	0.0258	2.0
7007	-75.125	33.958	0.1445	0.1526	0.1908	0.0270	0.0
7008	-75.042	33.958	0.1499	0.0389	0.1439	0.0075	0.0
7009	-74.958	33.958	0.2642	0.1531	0.1548	-0.0344	nan
7010	-74.875	33.958	0.0000	0.0000	0.0000	0.0000	0.0
7011	-74.792	33.958	0.2176	0.1668	0.0799	-0.0513	0.0
7012	-74.708	33.958	0.2176	0.1670	0.0799	-0.0513	1.0
7013	-74.625	33.958	0.2084	0.2601	0.1294	-0.0285	0.0
7014	-74.542	33.958	0.2176	0.1680	0.0799	-0.0513	0.0
7015	-74.458	33.958	0.2176	0.1668	0.0799	-0.0513	0.0
7016	-74.375	33.958	0.2176	0.1675	0.0799	-0.0513	0.0
7017	-74.292	33.958	0.2176	0.1675	0.0799	-0.0513	nan
7018	-74.208	33.958	0.0000	0.0000	0.0000	0.0000	1.0
7019	-74.125	33.958	0.0240	0.2654	0.1347	0.0435	0.0
7020	-74.042	33.958	0.2176	0.1674	0.0799	-0.0513	1.0
7021	-73.958	33.958	0.0240	0.2725	0.1347	0.0435	nan
7022	-73.875	33.958	0.0000	0.0000	0.0000	0.0000	nan
7023	-73.792	33.958	0.0000	0.0000	0.0000	0.0000	nan
7024	-73.708	33.958	0.0000	0.0000	0.0000	0.0000	nan
7025	-73.625	33.958	0.0000	0.0000	0.0000	0.0000	nan
7026	-73.542	33.958	0.0000	0.0000	0.0000	0.0000	nan
7027	-73.458	33.958	0.0000	0.0000	0.0000	0.0000	nan
7028	-73.375	33.958	0.0000	0.0000	0.0000	0.0000	nan
7029	-73.292	33.958	0.0000	0.0000	0.0000	0.0000	nan
7030	-73.208	33.958	0.0000	0.0000	0.0000	0.0000	nan
7031	-73.125	33.958	0.0000	0.0000	0.0000	0.0000	nan
7032	-73.042	33.958	0.0000	0.0000	0.0000	0.0000	nan
7033	-72.958	33.958	0.0000	0.0000	0.0000	0.0000	nan
7034	-72.875	33.958	0.0000	0.0000	0.0000	0.0000	nan
7035	-72.792	33.958	0.0000	0.0000	0.0000	0.0000	nan
7036	-72.708	33.958	0.0000	0.0000	0.0000	0.0000	nan
7037	-72.625	33.958	0.0000	0.0000	0.0000	0.0000	nan
7038	-72.542	33.958	0.0000	0.0000	0.0000	0.0000	nan
7039	-72.458	33.958	0.0000	0.0000	0.0000	0.0000	nan
7040	-72.375	33.958	0.0000	0.0000	0.0000	0.0000	nan
7041	-72.292	33.958	0.0000	0.0000	0.0000	0.0000	nan
7042	-72.208	33.958	0.0000	0.0000	0.0000	0.0000	nan
7043	-72.125	33.958	0.0000	0.0000	0.0000	0.0000	nan
7044	-72.042	33.958	0.0000	0.0000	0.0000	0.0000	nan
7045	-71.958	33.958	0.0000	0.0000	0.0000	0.0000	nan
7046	-71.875	33.958	0.0000	0.0000	0.0000	0.0000	nan
7047	-71.792	33.958	0.0000	0.0000	0.0000	0.0000	nan
7048	-71.708	33.958	0.0000	0.0000	0.0000	0.0000	nan
7049	-71.625	33.958	0.0000	0.0000	0.0000	0.0000	nan
7050	-71.542	33.958	0.0000	0.0000	0.0000	0.0000	nan
7051	-71.458	33.958	0.0000	0.0000	0.0000	0.0000	nan
7052	-71.375	33.958	0.0000	0.0000	0.0000	0.0000	nan
7053	-71.292	33.958	0.0000	0.0000	0.0000	0.0000	nan
7054	-71.208	33.958	0.0000	0.0000	0.0000	0.0000	nan
7055	-71.125	33.958	0.0000	0.0000	0.0000	0.0000	nan
7056	-71.042	33.958	0.0000	0.0000	0.0000	0.0000	nan
7057	-77.958	34.042	0.0000	0.0000	0.0000	0.0000	nan
7058	-77.875	34.042	0.0000	0.0000	0.0000	0.0000	nan
7059	-77.792	34.042	0.0000	0.0000	0.0000	0.0000	nan
7060	-77.708	34.042	0.0000	0.0000	0.0000	0.0000	nan
7061	-77.625	34.042	0.0000	0.0000	0.0000	0.0000	nan
7062	-77.542	34.042	0.0000	0.0000	0.0000	0.0000	nan
7063	-77.458	34.042	0.0000	0.0000	0.0000	0.0000	nan
7064	-77.375	34.042	0.0000	0.0000	0.0000	0.0000	nan
7065	-77.292	34.042	0.0000	0.0000	0.0000	0.0000	nan
7066	-77.208	34.042	0.0000	0.0000	0.0000	0.0000	nan
7067	-77.125	34.042	0.0000	0.0000	0.0000	0.0000	nan
7068	-77.042	34.042	0.0000	0.0000	0.0000	0.0000	nan
7069	-76.958	34.042	0.0000	0.0000	0.0000	0.0000	nan
7070	-76.875	34.042	0.0000	0.0000	0.0000	0.0000	nan
7071	-76.792	34.042	0.0000	0.0000	0.0000	0.0000	nan
7072	-76.708	34.042	0.0000	0.0000	0.0000	0.0000	nan
7073	-76.625	34.042	0.0000	0.0000	0.0000	0.0000	nan
7074	-76.542	34.042	0.0000	0.0000	0.0000	0.0000	nan
7075	-76.458	34.042	0.0000	0.0000	0.0000	0.0000	nan
7076	-76.375	34.042	0.0000	0.0000	0.0000	0.0000	nan
7077	-76.292	34.042	0.0000	0.0000	0.0000	0.0000	nan
7078	-76.208	34.042	0.0000	0.0000	0.0000	0.0000	nan
7079	-76.125	34.042	0.0000	0.0000	0.0000	0.0000	nan
7080	-76.042	34.042	0.0000	0.0000	0.0000	0.0000	nan
7081	-75.958	34.042	0.0000	0.0000	0.0000	0.0000	3.0
7082	-75.875	34.042	0.0726	0.2696	-0.1599	0.3473	2.0
7083	-75.792	34.042	0.1103	0.3224	-0.3298	0.3084	2.0
7084	-75.708	34.042	0.2490	0.2798	-0.4306	0.2443	1.0
7085	-75.625	34.042	0.2152	0.3412	-0.3164	0.0219	0.0
7086	-75.542	34.042	0.3374	0.3286	0.1104	0.0514	0.0
7087	-75.458	34.042	0.3837	0.3109	0.1337	0.0192	0.0
7088	-75.375	34.042	0.3871	0.3057	0.1386	0.0098	0.0
7089	-75.292	34.042	0.3847	0.3186	0.1376	0.0285	1.0
7090	-75.208	34.042	0.3042	0.3646	0.1537	-0.0158	1.0
7091	-75.125	34.042	0.2788	0.2796	0.1749	0.0112	0.0
7092	-75.042	34.042	0.1499	0.0389	0.1439	0.0075	nan
7093	-74.958	34.042	0.0000	0.0000	0.0000	0.0000	0.0
7094	-74.875	34.042	0.2223	0.1722	0.0859	-0.0543	0.0
7095	-74.792	34.042	0.2176	0.1668	0.0799	-0.0513	0.0
7096	-74.708	34.042	0.2176	0.1668	0.0799	-0.0513	1.0
7097	-74.625	34.042	0.0256	0.2550	0.1367	0.0425	1.0
7098	-74.542	34.042	0.2095	0.2576	0.1280	-0.0294	1.0
7099	-74.458	34.042	0.0240	0.2543	0.1347	0.0435	nan
7100	-74.375	34.042	0.0000	0.0000	0.0000	0.0000	0.0
7101	-74.292	34.042	0.2176	0.1668	0.0799	-0.0513	nan
7102	-74.208	34.042	0.0000	0.0000	0.0000	0.0000	nan
7103	-74.125	34.042	0.0000	0.0000	0.0000	0.0000	1.0
7104	-74.042	34.042	0.0240	0.2653	0.1347	0.0435	1.0
7105	-73.958	34.042	0.0240	0.2655	0.1347	0.0435	1.0
7106	-73.875	34.042	0.0240	0.2723	0.1347	0.0435	nan
7107	-73.792	34.042	0.0000	0.0000	0.0000	0.0000	nan
7108	-73.708	34.042	0.0000	0.0000	0.0000	0.0000	nan
7109	-73.625	34.042	0.0000	0.0000	0.0000	0.0000	nan
7110	-73.542	34.042	0.0000	0.0000	0.0000	0.0000	nan
7111	-73.458	34.042	0.0000	0.0000	0.0000	0.0000	nan
7112	-73.375	34.042	0.0000	0.0000	0.0000	0.0000	nan
7113	-73.292	34.042	0.0000	0.0000	0.0000	0.0000	nan
7114	-73.208	34.042	0.0000	0.0000	0.0000	0.0000	nan
7115	-73.125	34.042	0.0000	0.0000	0.0000	0.0000	nan
7116	-73.042	34.042	0.0000	0.0000	0.0000	0.0000	nan
7117	-72.958	34.042	0.0000	0.0000	0.0000	0.0000	nan
7118	-72.875	34.042	0.0000	0.0000	0.0000	0.0000	nan
7119	-72.792	34.042	0.0000	0.0000	0.0000	0.0000	nan
7120	-72.708	34.042	0.0000	0.0000	0.0000	0.0000	nan
7121	-72.625	34.042	0.0000	0.0000	0.0000	0.0000	nan
7122	-72.542	34.042	0.0000	0.0000	0.0000	0.0000	nan
7123	-72.458	34.042	0.0000	0.0000	0.0000	0.0000	nan
7124	-72.375	34.042	0.0000	0.0000	0.0000	0.0000	nan
7125	-72.292	34.042	0.0000	0.0000	0.0000	0.0000	nan
7126	-72.208	34.042	0.0000	0.0000	0.0000	0.0000	nan
7127	-72.125	34.042	0.0000	0.0000	0.0000	0.0000	nan
7128	-72.042	34.042	0.0000	0.0000	0.0000	0.0000	nan
7129	-71.958	34.042	0.0000	0.0000	0.0000	0.0000	nan
7130	-71.875	34.042	0.0000	0.0000	0.0000	0.0000	nan
7131	-71.792	34.042	0.0000	0.0000	0.0000	0.0000	nan
7132	-71.708	34.042	0.0000	0.0000	0.0000	0.0000	nan
7133	-71.625	34.042	0.0000	0.0000	0.0000	0.0000	nan
7134	-71.542	34.042	0.0000	0.0000	0.0000	0.0000	nan
7135	-71.458	34.042	0.0000	0.0000	0.0000	0.0000	nan
7136	-71.375	34.042	0.0000	0.0000	0.0000	0.0000	nan
7137	-71.292	34.042	0.0000	0.0000	0.0000	0.0000	nan
7138	-71.208	34.042	0.0000	0.0000	0.0000	0.0000	nan
7139	-71.125	34.042	0.0000	0.0000	0.0000	0.0000	nan
7140	-71.042	34.042	0.0000	0.0000	0.0000	0.0000	nan
7141	-77.958	34.125	0.0000	0.0000	0.0000	0.0000	nan
7142	-77.875	34.125	0.0000	0.0000	0.0000	0.0000	nan
7143	-77.792	34.125	0.0000	0.0000	0.0000	0.0000	nan
7144	-77.708	34.125	0.0000	0.0000	0.0000	0.0000	nan
7145	-77.625	34.125	0.0000	0.0000	0.0000	0.0000	nan
7146	-77.542	34.125	0.0000	0.0000	0.0000	0.0000	nan
7147	-77.458	34.125	0.0000	0.0000	0.0000	0.0000	nan
7148	-77.375	34.125	0.0000	0.0000	0.0000	0.0000	nan
7149	-77.292	34.125	0.0000	0.0000	0.0000	0.0000	nan
7150	-77.208	34.125	0.0000	0.0000	0.0000	0.0000	nan
7151	-77.125	34.125	0.0000	0.0000	0.0000	0.0000	nan
7152	-77.042	34.125	0.0000	0.0000	0.0000	0.0000	nan
7153	-76.958	34.125	0.0000	0.0000	0.0000	0.0000	nan
7154	-76.875	34.125	0.0000	0.0000	0.0000	0.0000	nan
7155	-76.792	34.125	0.0000	0.0000	0.0000	0.0000	nan
7156	-76.708	34.125	0.0000	0.0000	0.0000	0.0000	nan
7157	-76.625	34.125	0.0000	0.0000	0.0000	0.0000	nan
7158	-76.542	34.125	0.0000	0.0000	0.0000	0.0000	nan
7159	-76.458	34.125	0.0000	0.0000	0.0000	0.0000	nan
7160	-76.375	34.125	0.0000	0.0000	0.0000	0.0000	nan
7161	-76.292	34.125	0.0000	0.0000	0.0000	0.0000	nan
7162	-76.208	34.125	0.0000	0.0000	0.0000	0.0000	nan
7163	-76.125	34.125	0.0000	0.0000	0.0000	0.0000	nan
7164	-76.042	34.125	0.0000	0.0000	0.0000	0.0000	nan
7165	-75.958	34.125	0.0000	0.0000	0.0000	0.0000	2.0
7166	-75.875	34.125	0.0705	0.0715	-0.1663	0.0646	1.0
7167	-75.792	34.125	0.1002	0.3731	-0.1476	0.3314	2.0
7168	-75.708	34.125	0.1903	0.2356	-0.4196	0.3801	1.0
7169	-75.625	34.125	0.2652	0.3180	-0.1631	0.0803	1.0
7170	-75.542	34.125	0.1393	0.1909	0.0402	0.0693	1.0
7171	-75.458	34.125	0.1485	0.1908	0.0747	0.0635	2.0
7172	-75.375	34.125	0.1442	0.1539	0.1911	0.0272	1.0
7173	-75.292	34.125	0.3499	0.3588	0.1642	0.0045	0.0
7174	-75.208	34.125	0.3785	0.3174	0.1499	-0.0012	0.0
7175	-75.125	34.125	0.3731	0.3304	0.1552	0.0034	nan
7176	-75.042	34.125	0.0000	0.0000	0.0000	0.0000	1.0
7177	-74.958	34.125	0.0240	0.2530	0.1347	0.0435	2.0
7178	-74.875	34.125	0.1431	0.1583	0.1922	0.0280	0.0
7179	-74.792	34.125	0.2542	0.2308	0.1971	-0.0141	0.0
7180	-74.708	34.125	0.2176	0.1668	0.0799	-0.0513	0.0
7181	-74.625	34.125	0.2176	0.1672	0.0799	-0.0513	1.0
7182	-74.542	34.125	0.0240	0.2548	0.1347	0.0435	0.0
7183	-74.458	34.125	0.2176	0.1679	0.0799	-0.0513	nan
7184	-74.375	34.125	0.0000	0.0000	0.0000	0.0000	0.0
7185	-74.292	34.125	0.2176	0.1676	0.0799	-0.0513	nan
7186	-74.208	34.125	0.0000	0.0000	0.0000	0.0000	nan
7187	-74.125	34.125	0.0000	0.0000	0.0000	0.0000	1.0
7188	-74.042	34.125	0.0240	0.2540	0.1347	0.0435	0.0
7189	-73.958	34.125	0.2176	0.1737	0.0799	-0.0513	1.0
7190	-73.875	34.125	0.0240	0.2722	0.1347	0.0435	nan
7191	-73.792	34.125	0.0000	0.0000	0.0000	0.0000	nan
7192	-73.708	34.125	0.0000	0.0000	0.0000	0.0000	nan
7193	-73.625	34.125	0.0000	0.0000	0.0000	0.0000	nan
7194	-73.542	34.125	0.0000	0.0000	0.0000	0.0000	nan
7195	-73.458	34.125	0.0000	0.0000	0.0000	0.0000	nan
7196	-73.375	34.125	0.0000	0.0000	0.0000	0.0000	nan
7197	-73.292	34.125	0.0000	0.0000	0.0000	0.0000	nan
7198	-73.208	34.125	0.0000	0.0000	0.0000	0.0000	nan
7199	-73.125	34.125	0.0000	0.0000	0.0000	0.0000	nan
7200	-73.042	34.125	0.0000	0.0000	0.0000	0.0000	nan
7201	-72.958	34.125	0.0000	0.0000	0.0000	0.0000	nan
7202	-72.875	34.125	0.0000	0.0000	0.0000	0.0000	nan
7203	-72.792	34.125	0.0000	0.0000	0.0000	0.0000	nan
7204	-72.708	34.125	0.0000	0.0000	0.0000	0.0000	nan
7205	-72.625	34.125	0.0000	0.0000	0.0000	0.0000	nan
7206	-72.542	34.125	0.0000	0.0000	0.0000	0.0000	nan
7207	-72.458	34.125	0.0000	0.0000	0.0000	0.0000	nan
7208	-72.375	34.125	0.0000	0.0000	0.0000	0.0000	nan
7209	-72.292	34.125	0.0000	0.0000	0.0000	0.0000	nan
7210	-72.208	34.125	0.0000	0.0000	0.0000	0.0000	nan
7211	-72.125	34.125	0.0000	0.0000	0.0000	0.0000	nan
7212	-72.042	34.125	0.0000	0.0000	0.0000	0.0000	nan
7213	-71.958	34.125	0.0000	0.0000	0.0000	0.0000	nan
7214	-71.875	34.125	0.0000	0.0000	0.0000	0.0000	nan
7215	-71.792	34.125	0.0000	0.0000	0.0000	0.0000	nan
7216	-71.708	34.125	0.0000	0.0000	0.0000	0.0000	nan
7217	-71.625	34.125	0.0000	0.0000	0.0000	0.0000	nan
7218	-71.542	34.125	0.0000	0.0000	0.0000	0.0000	nan
7219	-71.458	34.125	0.0000	0.0000	0.0000	0.0000	nan
7220	-71.375	34.125	0.0000	0.0000	0.0000	0.0000	nan
7221	-71.292	34.125	0.0000	0.0000	0.0000	0.0000	nan
7222	-71.208	34.125	0.0000	0.0000	0.0000	0.0000	nan
7223	-71.125	34.125	0.0000	0.0000	0.0000	0.0000	nan
7224	-71.042	34.125	0.0000	0.0000	0.0000	0.0000	nan
7225	-77.958	34.208	0.0000	0.0000	0.0000	0.0000	nan
7226	-77.875	34.208	0.0000	0.0000	0.0000	0.0000	nan
7227	-77.792	34.208	0.0000	0.0000	0.0000	0.0000	nan
7228	-77.708	34.208	0.0000	0.0000	0.0000	0.0000	nan
7229	-77.625	34.208	0.0000	0.0000	0.0000	0.0000	nan
7230	-77.542	34.208	0.0000	0.0000	0.0000	0.0000	nan
7231	-77.458	34.208	0.0000	0.0000	0.0000	0.0000	nan
7232	-77.375	34.208	0.0000	0.0000	0.0000	0.0000	nan
7233	-77.292	34.208	0.0000	0.0000	0.0000	0.0000	nan
7234	-77.208	34.208	0.0000	0.0000	0.0000	0.0000	nan
7235	-77.125	34.208	0.0000	0.0000	0.0000	0.0000	nan
7236	-77.042	34.208	0.0000	0.0000	0.0000	0.0000	nan
7237	-76.958	34.208	0.0000	0.0000	0.0000	0.0000	nan
7238	-76.875	34.208	0.0000	0.0000	0.0000	0.0000	nan
7239	-76.792	34.208	0.0000	0.0000	0.0000	0.0000	nan
7240	-76.708	34.208	0.0000	0.0000	0.0000	0.0000	nan
7241	-76.625	34.208	0.0000	0.0000	0.0000	0.0000	nan
7242	-76.542	34.208	0.0000	0.0000	0.0000	0.0000	nan
7243	-76.458	34.208	0.0000	0.0000	0.0000	0.0000	nan
7244	-76.375	34.208	0.0000	0.0000	0.0000	0.0000	nan
7245	-76.292	34.208	0.0000	0.0000	0.0000	0.0000	nan
7246	-76.208	34.208	0.0000	0.0000	0.0000	0.0000	nan
7247	-76.125	34.208	0.0000	0.0000	0.0000	0.0000	nan
7248	-76.042	34.208	0.0000	0.0000	0.0000	0.0000	nan
7249	-75.958	34.208	0.0000	0.0000	0.0000	0.0000	nan
7250	-75.875	34.208	0.0000	0.0000	0.0000	0.0000	3.0
7251	-75.792	34.208	0.0299	0.1924	-0.1095	0.3329	3.0
7252	-75.708	34.208	0.0764	0.3091	-0.1774	0.3955	2.0
7253	-75.625	34.208	0.2786	0.3329	-0.3711	0.2251	1.0
7254	-75.542	34.208	0.2914	0.3604	0.0390	0.0543	1.0
7255	-75.458	34.208	0.1530	0.2082	0.0642	0.0804	2.0
7256	-75.375	34.208	0.1429	0.1594	0.1925	0.0281	0.0
7257	-75.292	34.208	0.1499	0.0389	0.1439	0.0075	1.0
7258	-75.208	34.208	0.2328	0.2911	0.1891	-0.0114	0.0
7259	-75.125	34.208	0.3045	0.2557	0.1240	0.0203	0.0
7260	-75.042	34.208	0.3413	0.3281	0.1460	-0.0349	nan
7261	-74.958	34.208	0.0000	0.0000	0.0000	0.0000	nan
7262	-74.875	34.208	0.0000	0.0000	0.0000	0.0000	2.0
7263	-74.792	34.208	0.1395	0.1712	0.1950	0.0301	2.0
7264	-74.708	34.208	0.1382	0.1749	0.1956	0.0308	nan
7265	-74.625	34.208	0.0000	0.0000	0.0000	0.0000	1.0
7266	-74.542	34.208	0.2055	0.2650	0.1330	-0.0260	1.0
7267	-74.458	34.208	0.2102	0.2557	0.1270	-0.0301	0.0
7268	-74.375	34.208	0.2176	0.1679	0.0799	-0.0513	0.0
7269	-74.292	34.208	0.2176	0.1677	0.0799	-0.0513	nan
7270	-74.208	34.208	0.0000	0.0000	0.0000	0.0000	nan
7271	-74.125	34.208	0.0000	0.0000	0.0000	0.0000	0.0
7272	-74.042	34.208	0.2176	0.1741	0.0799	-0.0513	nan
7273	-73.958	34.208	0.0000	0.0000	0.0000	0.0000	nan
7274	-73.875	34.208	0.0000	0.0000	0.0000	0.0000	nan
7275	-73.792	34.208	0.0000	0.0000	0.0000	0.0000	nan
7276	-73.708	34.208	0.0000	0.0000	0.0000	0.0000	nan
7277	-73.625	34.208	0.0000	0.0000	0.0000	0.0000	nan
7278	-73.542	34.208	0.0000	0.0000	0.0000	0.0000	nan
7279	-73.458	34.208	0.0000	0.0000	0.0000	0.0000	nan
7280	-73.375	34.208	0.0000	0.0000	0.0000	0.0000	nan
7281	-73.292	34.208	0.0000	0.0000	0.0000	0.0000	nan
7282	-73.208	34.208	0.0000	0.0000	0.0000	0.0000	nan
7283	-73.125	34.208	0.0000	0.0000	0.0000	0.0000	nan
7284	-73.042	34.208	0.0000	0.0000	0.0000	0.0000	nan
7285	-72.958	34.208	0.0000	0.0000	0.0000	0.0000	nan
7286	-72.875	34.208	0.0000	0.0000	0.0000	0.0000	nan
7287	-72.792	34.208	0.0000	0.0000	0.0000	0.0000	nan
7288	-72.708	34.208	0.0000	0.0000	0.0000	0.0000	nan
7289	-72.625	34.208	0.0000	0.0000	0.0000	0.0000	nan
7290	-72.542	34.208	0.0000	0.0000	0.0000	0.0000	nan
7291	-72.458	34.208	0.0000	0.0000	0.0000	0.0000	nan
7292	-72.375	34.208	0.0000	0.0000	0.0000	0.0000	nan
7293	-72.292	34.208	0.0000	0.0000	0.0000	0.0000	nan
7294	-72.208	34.208	0.0000	0.0000	0.0000	0.0000	nan
7295	-72.125	34.208	0.0000	0.0000	0.0000	0.0000	nan
7296	-72.042	34.208	0.0000	0.0000	0.0000	0.0000	nan
7297	-71.958	34.208	0.0000	0.0000	0.0000	0.0000	nan
7298	-71.875	34.208	0.0000	0.0000	0.0000	0.0000	nan
7299	-71.792	34.208	0.0000	0.0000	0.0000	0.0000	nan
7300	-71.708	34.208	0.0000	0.0000	0.0000	0.0000	nan
7301	-71.625	34.208	0.0000	0.0000	0.0000	0.0000	nan
7302	-71.542	34.208	0.0000	0.0000	0.0000	0.0000	nan
7303	-71.458	34.208	0.0000	0.0000	0.0000	0.0000	nan
7304	-71.375	34.208	0.0000	0.0000	0.0000	0.0000	nan
7305	-71.292	34.208	0.0000	0.0000	0.0000	0.0000	nan
7306	-71.208	34.208	0.0000	0.0000	0.0000	0.0000	nan
7307	-71.125	34.208	0.0000	0.0000	0.0000	0.0000	nan
7308	-71.042	34.208	0.0000	0.0000	0.0000	0.0000	nan
7309	-77.958	34.292	0.0000	0.0000	0.0000	0.0000	nan
7310	-77.875	34.292	0.0000	0.0000	0.0000	0.0000	nan
7311	-77.792	34.292	0.0000	0.0000	0.0000	0.0000	nan
7312	-77.708	34.292	0.0000	0.0000	0.0000	0.0000	nan
7313	-77.625	34.292	0.0000	0.0000	0.0000	0.0000	nan
7314	-77.542	34.292	0.0000	0.0000	0.0000	0.0000	nan
7315	-77.458	34.292	0.0000	0.0000	0.0000	0.0000	nan
7316	-77.375	34.292	0.0000	0.0000	0.0000	0.0000	nan
7317	-77.292	34.292	0.0000	0.0000	0.0000	0.0000	nan
7318	-77.208	34.292	0.0000	0.0000	0.0000	0.0000	nan
7319	-77.125	34.292	0.0000	0.0000	0.0000	0.0000	nan
7320	-77.042	34.292	0.0000	0.0000	0.0000	0.0000	nan
7321	-76.958	34.292	0.0000	0.0000	0.0000	0.0000	nan
7322	-76.875	34.292	0.0000	0.0000	0.0000	0.0000	nan
7323	-76.792	34.292	0.0000	0.0000	0.0000	0.0000	nan
7324	-76.708	34.292	0.0000	0.0000	0.0000	0.0000	nan
7325	-76.625	34.292	0.0000	0.0000	0.0000	0.0000	nan
7326	-76.542	34.292	0.0000	0.0000	0.0000	0.0000	nan
7327	-76.458	34.292	0.0000	0.0000	0.0000	0.0000	nan
7328	-76.375	34.292	0.0000	0.0000	0.0000	0.0000	nan
7329	-76.292	34.292	0.0000	0.0000	0.0000	0.0000	nan
7330	-76.208	34.292	0.0000	0.0000	0.0000	0.0000	nan
7331	-76.125	34.292	0.0000	0.0000	0.0000	0.0000	nan
7332	-76.042	34.292	0.0000	0.0000	0.0000	0.0000	nan
7333	-75.958	34.292	0.0000	0.0000	0.0000	0.0000	nan
7334	-75.875	34.292	0.0000	0.0000	0.0000	0.0000	nan
7335	-75.792	34.292	0.0000	0.0000	0.0000	0.0000	3.0
7336	-75.708	34.292	0.0595	0.1662	-0.1427	0.3066	1.0
7337	-75.625	34.292	0.1621	0.4189	-0.1877	0.2025	1.0
7338	-75.542	34.292	0.3592	0.3620	-0.1148	0.0683	2.0
7339	-75.458	34.292	0.1342	0.1859	0.1972	0.0326	1.0
7340	-75.375	34.292	0.1485	0.1904	0.0737	0.0636	nan
7341	-75.292	34.292	0.0000	0.0000	0.0000	0.0000	0.0
7342	-75.208	34.292	0.1499	0.0389	0.1439	0.0075	2.0
7343	-75.125	34.292	0.1440	0.1547	0.1914	0.0273	1.0
7344	-75.042	34.292	0.2113	0.2517	0.1253	-0.0312	nan
7345	-74.958	34.292	0.0000	0.0000	0.0000	0.0000	nan
7346	-74.875	34.292	0.0000	0.0000	0.0000	0.0000	nan
7347	-74.792	34.292	0.0000	0.0000	0.0000	0.0000	0.0
7348	-74.708	34.292	0.1499	0.0389	0.1439	0.0075	2.0
7349	-74.625	34.292	0.1370	0.1785	0.1962	0.0314	1.0
7350	-74.542	34.292	0.2082	0.2636	0.1327	-0.0280	0.0
7351	-74.458	34.292	0.2176	0.1672	0.0799	-0.0513	1.0
7352	-74.375	34.292	0.2122	0.2497	0.1237	-0.0321	1.0
7353	-74.292	34.292	0.2145	0.2411	0.1190	-0.0349	0.0
7354	-74.208	34.292	0.2176	0.1677	0.0799	-0.0513	nan
7355	-74.125	34.292	0.0000	0.0000	0.0000	0.0000	nan
7356	-74.042	34.292	0.0000	0.0000	0.0000	0.0000	nan
7357	-73.958	34.292	0.0000	0.0000	0.0000	0.0000	nan
7358	-73.875	34.292	0.0000	0.0000	0.0000	0.0000	nan
7359	-73.792	34.292	0.0000	0.0000	0.0000	0.0000	nan
7360	-73.708	34.292	0.0000	0.0000	0.0000	0.0000	nan
7361	-73.625	34.292	0.0000	0.0000	0.0000	0.0000	nan
7362	-73.542	34.292	0.0000	0.0000	0.0000	0.0000	nan
7363	-73.458	34.292	0.0000	0.0000	0.0000	0.0000	nan
7364	-73.375	34.292	0.0000	0.0000	0.0000	0.0000	nan
7365	-73.292	34.292	0.0000	0.0000	0.0000	0.0000	nan
7366	-73.208	34.292	0.0000	0.0000	0.0000	0.0000	nan
7367	-73.125	34.292	0.0000	0.0000	0.0000	0.0000	nan
7368	-73.042	34.292	0.0000	0.0000	0.0000	0.0000	nan
7369	-72.958	34.292	0.0000	0.0000	0.0000	0.0000	nan
7370	-72.875	34.292	0.0000	0.0000	0.0000	0.0000	nan
7371	-72.792	34.292	0.0000	0.0000	0.0000	0.0000	nan
7372	-72.708	34.292	0.0000	0.0000	0.0000	0.0000	nan
7373	-72.625	34.292	0.0000	0.0000	0.0000	0.0000	nan
7374	-72.542	34.292	0.0000	0.0000	0.0000	0.0000	nan
7375	-72.458	34.292	0.0000	0.0000	0.0000	0.0000	nan
7376	-72.375	34.292	0.0000	0.0000	0.0000	0.0000	nan
7377	-72.292	34.292	0.0000	0.0000	0.0000	0.0000	nan
7378	-72.208	34.292	0.0000	0.0000	0.0000	0.0000	nan
7379	-72.125	34.292	0.0000	0.0000	0.0000	0.0000	nan
7380	-72.042	34.292	0.0000	0.0000	0.0000	0.0000	nan
7381	-71.958	34.292	0.0000	0.0000	0.0000	0.0000	nan
7382	-71.875	34.292	0.0000	0.0000	0.0000	0.0000	nan
7383	-71.792	34.292	0.0000	0.0000	0.0000	0.0000	nan
7384	-71.708	34.292	0.0000	0.0000	0.0000	0.0000	nan
7385	-71.625	34.292	0.0000	0.0000	0.0000	0.0000	nan
7386	-71.542	34.292	0.0000	0.0000	0.0000	0.0000	nan
7387	-71.458	34.292	0.0000	0.0000	0.0000	0.0000	nan
7388	-71.375	34.292	0.0000	0.0000	0.0000	0.0000	nan
7389	-71.292	34.292	0.0000	0.0000	0.0000	0.0000	nan
7390	-71.208	34.292	0.0000	0.0000	0.0000	0.0000	nan
7391	-71.125	34.292	0.0000	0.0000	0.0000	0.0000	nan
7392	-71.042	34.292	0.0000	0.0000	0.0000	0.0000	nan
7393	-77.958	34.375	0.0000	0.0000	0.0000	0.0000	nan
7394	-77.875	34.375	0.0000	0.0000	0.0000	0.0000	nan
7395	-77.792	34.375	0.0000	0.0000	0.0000	0.0000	nan
7396	-77.708	34.375	0.0000	0.0000	0.0000	0.0000	nan
7397	-77.625	34.375	0.0000	0.0000	0.0000	0.0000	nan
7398	-77.542	34.375	0.0000	0.0000	0.0000	0.0000	nan
7399	-77.458	34.375	0.0000	0.0000	0.0000	0.0000	nan
7400	-77.375	34.375	0.0000	0.0000	0.0000	0.0000	nan
7401	-77.292	34.375	0.0000	0.0000	0.0000	0.0000	nan
7402	-77.208	34.375	0.0000	0.0000	0.0000	0.0000	nan
7403	-77.125	34.375	0.0000	0.0000	0.0000	0.0000	nan
7404	-77.042	34.375	0.0000	0.0000	0.0000	0.0000	nan
7405	-76.958	34.375	0.0000	0.0000	0.0000	0.0000	nan
7406	-76.875	34.375	0.0000	0.0000	0.0000	0.0000	nan
7407	-76.792	34.375	0.0000	0.0000	0.0000	0.0000	nan
7408	-76.708	34.375	0.0000	0.0000	0.0000	0.0000	nan
7409	-76.625	34.375	0.0000	0.0000	0.0000	0.0000	nan
7410	-76.542	34.375	0.0000	0.0000	0.0000	0.0000	nan
7411	-76.458	34.375	0.0000	0.0000	0.0000	0.0000	nan
7412	-76.375	34.375	0.0000	0.0000	0.0000	0.0000	nan
7413	-76.292	34.375	0.0000	0.0000	0.0000	0.0000	nan
7414	-76.208	34.375	0.0000	0.0000	0.0000	0.0000	nan
7415	-76.125	34.375	0.0000	0.0000	0.0000	0.0000	nan
7416	-76.042	34.375	0.0000	0.0000	0.0000	0.0000	nan
7417	-75.958	34.375	0.0000	0.0000	0.0000	0.0000	nan
7418	-75.875	34.375	0.0000	0.0000	0.0000	0.0000	nan
7419	-75.792	34.375	0.0000	0.0000	0.0000	0.0000	nan
7420	-75.708	34.375	0.0000	0.0000	0.0000	0.0000	3.0
7421	-75.625	34.375	0.1544	0.3248	-0.2981	0.3659	1.0
7422	-75.542	34.375	0.1783	0.5462	-0.1694	0.1670	0.0
7423	-75.458	34.375	0.3155	0.3136	0.0921	0.0754	1.0
7424	-75.375	34.375	0.1567	0.2259	0.0767	0.0906	1.0
7425	-75.292	34.375	0.1568	0.1758	0.0968	0.0562	0.0
7426	-75.208	34.375	0.1649	0.0615	0.0578	0.0353	1.0
7427	-75.125	34.375	0.1996	0.3089	0.1592	-0.0219	1.0
7428	-75.042	34.375	0.0240	0.2702	0.1347	0.0435	nan
7429	-74.958	34.375	0.0000	0.0000	0.0000	0.0000	nan
7430	-74.875	34.375	0.0000	0.0000	0.0000	0.0000	nan
7431	-74.792	34.375	0.0000	0.0000	0.0000	0.0000	0.0
7432	-74.708	34.375	0.2176	0.1668	0.0799	-0.0513	0.0
7433	-74.625	34.375	0.2176	0.1668	0.0799	-0.0513	0.0
7434	-74.542	34.375	0.2678	0.2568	0.2168	-0.0248	1.0
7435	-74.458	34.375	0.0240	0.2536	0.1347	0.0435	0.0
7436	-74.375	34.375	0.3424	0.3399	0.1581	-0.0367	1.0
7437	-74.292	34.375	0.2092	0.2581	0.1283	-0.0292	0.0
7438	-74.208	34.375	0.3452	0.2443	0.0947	-0.0474	0.0
7439	-74.125	34.375	0.2176	0.1668	0.0799	-0.0513	0.0
7440	-74.042	34.375	0.2176	0.1677	0.0799	-0.0513	0.0
7441	-73.958	34.375	0.2176	0.1677	0.0799	-0.0513	0.0
7442	-73.875	34.375	0.2176	0.1759	0.0799	-0.0513	nan
7443	-73.792	34.375	0.0000	0.0000	0.0000	0.0000	nan
7444	-73.708	34.375	0.0000	0.0000	0.0000	0.0000	nan
7445	-73.625	34.375	0.0000	0.0000	0.0000	0.0000	nan
7446	-73.542	34.375	0.0000	0.0000	0.0000	0.0000	1.0
7447	-73.458	34.375	0.0240	0.2731	0.1347	0.0435	nan
7448	-73.375	34.375	0.0000	0.0000	0.0000	0.0000	nan
7449	-73.292	34.375	0.0000	0.0000	0.0000	0.0000	nan
7450	-73.208	34.375	0.0000	0.0000	0.0000	0.0000	nan
7451	-73.125	34.375	0.0000	0.0000	0.0000	0.0000	nan
7452	-73.042	34.375	0.0000	0.0000	0.0000	0.0000	nan
7453	-72.958	34.375	0.0000	0.0000	0.0000	0.0000	nan
7454	-72.875	34.375	0.0000	0.0000	0.0000	0.0000	nan
7455	-72.792	34.375	0.0000	0.0000	0.0000	0.0000	nan
7456	-72.708	34.375	0.0000	0.0000	0.0000	0.0000	nan
7457	-72.625	34.375	0.0000	0.0000	0.0000	0.0000	nan
7458	-72.542	34.375	0.0000	0.0000	0.0000	0.0000	nan
7459	-72.458	34.375	0.0000	0.0000	0.0000	0.0000	nan
7460	-72.375	34.375	0.0000	0.0000	0.0000	0.0000	nan
7461	-72.292	34.375	0.0000	0.0000	0.0000	0.0000	nan
7462	-72.208	34.375	0.0000	0.0000	0.0000	0.0000	nan
7463	-72.125	34.375	0.0000	0.0000	0.0000	0.0000	nan
7464	-72.042	34.375	0.0000	0.0000	0.0000	0.0000	nan
7465	-71.958	34.375	0.0000	0.0000	0.0000	0.0000	nan
7466	-71.875	34.375	0.0000	0.0000	0.0000	0.0000	nan
7467	-71.792	34.375	0.0000	0.0000	0.0000	0.0000	nan
7468	-71.708	34.375	0.0000	0.0000	0.0000	0.0000	nan
7469	-71.625	34.375	0.0000	0.0000	0.0000	0.0000	nan
7470	-71.542	34.375	0.0000	0.0000	0.0000	0.0000	nan
7471	-71.458	34.375	0.0000	0.0000	0.0000	0.0000	nan
7472	-71.375	34.375	0.0000	0.0000	0.0000	0.0000	nan
7473	-71.292	34.375	0.0000	0.0000	0.0000	0.0000	nan
7474	-71.208	34.375	0.0000	0.0000	0.0000	0.0000	nan
7475	-71.125	34.375	0.0000	0.0000	0.0000	0.0000	nan
7476	-71.042	34.375	0.0000	0.0000	0.0000	0.0000	nan
7477	-77.958	34.458	0.0000	0.0000	0.0000	0.0000	nan
7478	-77.875	34.458	0.0000	0.0000	0.0000	0.0000	nan
7479	-77.792	34.458	0.0000	0.0000	0.0000	0.0000	nan
7480	-77.708	34.458	0.0000	0.0000	0.0000	0.0000	nan
7481	-77.625	34.458	0.0000	0.0000	0.0000	0.0000	nan
7482	-77.542	34.458	0.0000	0.0000	0.0000	0.0000	nan
7483	-77.458	34.458	0.0000	0.0000	0.0000	0.0000	nan
7484	-77.375	34.458	0.0000	0.0000	0.0000	0.0000	nan
7485	-77.292	34.458	0.0000	0.0000	0.0000	0.0000	nan
7486	-77.208	34.458	0.0000	0.0000	0.0000	0.0000	nan
7487	-77.125	34.458	0.0000	0.0000	0.0000	0.0000	nan
7488	-77.042	34.458	0.0000	0.0000	0.0000	0.0000	nan
7489	-76.958	34.458	0.0000	0.0000	0.0000	0.0000	nan
7490	-76.875	34.458	0.0000	0.0000	0.0000	0.0000	nan
7491	-76.792	34.458	0.0000	0.0000	0.0000	0.0000	nan
7492	-76.708	34.458	0.0000	0.0000	0.0000	0.0000	nan
7493	-76.625	34.458	0.0000	0.0000	0.0000	0.0000	nan
7494	-76.542	34.458	0.0000	0.0000	0.0000	0.0000	nan
7495	-76.458	34.458	0.0000	0.0000	0.0000	0.0000	nan
7496	-76.375	34.458	0.0000	0.0000	0.0000	0.0000	nan
7497	-76.292	34.458	0.0000	0.0000	0.0000	0.0000	nan
7498	-76.208	34.458	0.0000	0.0000	0.0000	0.0000	nan
7499	-76.125	34.458	0.0000	0.0000	0.0000	0.0000	nan
7500	-76.042	34.458	0.0000	0.0000	0.0000	0.0000	nan
7501	-75.958	34.458	0.0000	0.0000	0.0000	0.0000	nan
7502	-75.875	34.458	0.0000	0.0000	0.0000	0.0000	nan
7503	-75.792	34.458	0.0000	0.0000	0.0000	0.0000	nan
7504	-75.708	34.458	0.0000	0.0000	0.0000	0.0000	nan
7505	-75.625	34.458	0.0000	0.0000	0.0000	0.0000	1.0
7506	-75.542	34.458	0.1709	0.4358	-0.2933	0.1944	0.0
7507	-75.458	34.458	0.3350	0.3275	-0.2096	0.1966	1.0
7508	-75.375	34.458	0.3041	0.3291	0.0787	0.1270	1.0
7509	-75.292	34.458	0.3285	0.3314	0.1165	0.0522	1.0
7510	-75.208	34.458	0.1362	0.1806	0.0180	0.0708	2.0
7511	-75.125	34.458	0.1409	0.1667	0.1941	0.0294	0.0
7512	-75.042	34.458	0.1647	0.0577	0.0776	0.0299	1.0
7513	-74.958	34.458	0.0240	0.2702	0.1347	0.0435	0.0
7514	-74.875	34.458	0.2176	0.1684	0.0799	-0.0513	nan
7515	-74.792	34.458	0.0000	0.0000	0.0000	0.0000	nan
7516	-74.708	34.458	0.0000	0.0000	0.0000	0.0000	0.0
7517	-74.625	34.458	0.2176	0.1670	0.0799	-0.0513	0.0
7518	-74.542	34.458	0.2176	0.1668	0.0799	-0.0513	0.0
7519	-74.458	34.458	0.2565	0.2352	0.1936	-0.0167	0.0
7520	-74.375	34.458	0.3572	0.3316	0.1426	0.0039	0.0
7521	-74.292	34.458	0.3660	0.3107	0.1857	-0.0224	1.0
7522	-74.208	34.458	0.2143	0.2682	0.1379	-0.0322	1.0
7523	-74.125	34.458	0.0240	0.2544	0.1347	0.0435	0.0
7524	-74.042	34.458	0.2176	0.1676	0.0799	-0.0513	0.0
7525	-73.958	34.458	0.2176	0.1677	0.0799	-0.0513	0.0
7526	-73.875	34.458	0.2176	0.1676	0.0799	-0.0513	nan
7527	-73.792	34.458	0.0000	0.0000	0.0000	0.0000	nan
7528	-73.708	34.458	0.0000	0.0000	0.0000	0.0000	nan
7529	-73.625	34.458	0.0000	0.0000	0.0000	0.0000	nan
7530	-73.542	34.458	0.0000	0.0000	0.0000	0.0000	nan
7531	-73.458	34.458	0.0000	0.0000	0.0000	0.0000	nan
7532	-73.375	34.458	0.0000	0.0000	0.0000	0.0000	nan
7533	-73.292	34.458	0.0000	0.0000	0.0000	0.0000	nan
7534	-73.208	34.458	0.0000	0.0000	0.0000	0.0000	nan
7535	-73.125	34.458	0.0000	0.0000	0.0000	0.0000	nan
7536	-73.042	34.458	0.0000	0.0000	0.0000	0.0000	nan
7537	-72.958	34.458	0.0000	0.0000	0.0000	0.0000	nan
7538	-72.875	34.458	0.0000	0.0000	0.0000	0.0000	nan
7539	-72.792	34.458	0.0000	0.0000	0.0000	0.0000	nan
7540	-72.708	34.458	0.0000	0.0000	0.0000	0.0000	nan
7541	-72.625	34.458	0.0000	0.0000	0.0000	0.0000	nan
7542	-72.542	34.458	0.0000	0.0000	0.0000	0.0000	nan
7543	-72.458	34.458	0.0000	0.0000	0.0000	0.0000	nan
7544	-72.375	34.458	0.0000	0.0000	0.0000	0.0000	nan
7545	-72.292	34.458	0.0000	0.0000	0.0000	0.0000	nan
7546	-72.208	34.458	0.0000	0.0000	0.0000	0.0000	nan
7547	-72.125	34.458	0.0000	0.0000	0.0000	0.0000	nan
7548	-72.042	34.458	0.0000	0.0000	0.0000	0.0000	nan
7549	-71.958	34.458	0.0000	0.0000	0.0000	0.0000	nan
7550	-71.875	34.458	0.0000	0.0000	0.0000	0.0000	nan
7551	-71.792	34.458	0.0000	0.0000	0.0000	0.0000	nan
7552	-71.708	34.458	0.0000	0.0000	0.0000	0.0000	nan
7553	-71.625	34.458	0.0000	0.0000	0.0000	0.0000	nan
7554	-71.542	34.458	0.0000	0.0000	0.0000	0.0000	nan
7555	-71.458	34.458	0.0000	0.0000	0.0000	0.0000	nan
7556	-71.375	34.458	0.0000	0.0000	0.0000	0.0000	nan
7557	-71.292	34.458	0.0000	0.0000	0.0000	0.0000	nan
7558	-71.208	34.458	0.0000	0.0000	0.0000	0.0000	nan
7559	-71.125	34.458	0.0000	0.0000	0.0000	0.0000	nan
7560	-71.042	34.458	0.0000	0.0000	0.0000	0.0000	nan
7561	-77.958	34.542	0.0000	0.0000	0.0000	0.0000	nan
7562	-77.875	34.542	0.0000	0.0000	0.0000	0.0000	nan
7563	-77.792	34.542	0.0000	0.0000	0.0000	0.0000	nan
7564	-77.708	34.542	0.0000	0.0000	0.0000	0.0000	nan
7565	-77.625	34.542	0.0000	0.0000	0.0000	0.0000	nan
7566	-77.542	34.542	0.0000	0.0000	0.0000	0.0000	nan
7567	-77.458	34.542	0.0000	0.0000	0.0000	0.0000	nan
7568	-77.375	34.542	0.0000	0.0000	0.0000	0.0000	nan
7569	-77.292	34.542	0.0000	0.0000	0.0000	0.0000	nan
7570	-77.208	34.542	0.0000	0.0000	0.0000	0.0000	nan
7571	-77.125	34.542	0.0000	0.0000	0.0000	0.0000	nan
7572	-77.042	34.542	0.0000	0.0000	0.0000	0.0000	nan
7573	-76.958	34.542	0.0000	0.0000	0.0000	0.0000	nan
7574	-76.875	34.542	0.0000	0.0000	0.0000	0.0000	nan
7575	-76.792	34.542	0.0000	0.0000	0.0000	0.0000	nan
7576	-76.708	34.542	0.0000	0.0000	0.0000	0.0000	nan
7577	-76.625	34.542	0.0000	0.0000	0.0000	0.0000	nan
7578	-76.542	34.542	0.0000	0.0000	0.0000	0.0000	nan
7579	-76.458	34.542	0.0000	0.0000	0.0000	0.0000	nan
7580	-76.375	34.542	0.0000	0.0000	0.0000	0.0000	nan
7581	-76.292	34.542	0.0000	0.0000	0.0000	0.0000	nan
7582	-76.208	34.542	0.0000	0.0000	0.0000	0.0000	nan
7583	-76.125	34.542	0.0000	0.0000	0.0000	0.0000	nan
7584	-76.042	34.542	0.0000	0.0000	0.0000	0.0000	nan
7585	-75.958	34.542	0.0000	0.0000	0.0000	0.0000	nan
7586	-75.875	34.542	0.0000	0.0000	0.0000	0.0000	nan
7587	-75.792	34.542	0.0000	0.0000	0.0000	0.0000	nan
7588	-75.708	34.542	0.0000	0.0000	0.0000	0.0000	nan
7589	-75.625	34.542	0.0000	0.0000	0.0000	0.0000	nan
7590	-75.542	34.542	0.0000	0.0000	0.0000	0.0000	2.0
7591	-75.458	34.542	0.2387	0.2884	-0.3853	0.2809	1.0
7592	-75.375	34.542	0.3509	0.4732	-0.1914	0.1844	1.0
7593	-75.292	34.542	0.3185	0.3943	-0.0093	0.1151	0.0
7594	-75.208	34.542	0.3268	0.3150	0.0940	0.0734	0.0
7595	-75.125	34.542	0.1735	0.0761	-0.0023	0.0659	1.0
7596	-75.042	34.542	0.1918	0.2938	0.1441	-0.0164	0.0
7597	-74.958	34.542	0.1499	0.0376	0.1439	0.0075	0.0
7598	-74.875	34.542	0.2176	0.1681	0.0799	-0.0513	nan
7599	-74.792	34.542	0.0000	0.0000	0.0000	0.0000	0.0
7600	-74.708	34.542	0.2176	0.1669	0.0799	-0.0513	nan
7601	-74.625	34.542	0.0000	0.0000	0.0000	0.0000	0.0
7602	-74.542	34.542	0.2176	0.1668	0.0799	-0.0513	0.0
7603	-74.458	34.542	0.2176	0.1668	0.0799	-0.0513	0.0
7604	-74.375	34.542	0.2176	0.1672	0.0799	-0.0513	0.0
7605	-74.292	34.542	0.3774	0.3285	0.1524	0.0056	0.0
7606	-74.208	34.542	0.3689	0.3409	0.1577	0.0061	0.0
7607	-74.125	34.542	0.3386	0.3088	0.1302	-0.0326	1.0
7608	-74.042	34.542	0.2167	0.2301	0.1132	-0.0379	nan
7609	-73.958	34.542	0.0000	0.0000	0.0000	0.0000	0.0
7610	-73.875	34.542	0.2176	0.1668	0.0799	-0.0513	0.0
7611	-73.792	34.542	0.2176	0.1707	0.0799	-0.0513	nan
7612	-73.708	34.542	0.0000	0.0000	0.0000	0.0000	nan
7613	-73.625	34.542	0.0000	0.0000	0.0000	0.0000	nan
7614	-73.542	34.542	0.0000	0.0000	0.0000	0.0000	nan
7615	-73.458	34.542	0.0000	0.0000	0.0000	0.0000	nan
7616	-73.375	34.542	0.0000	0.0000	0.0000	0.0000	nan
7617	-73.292	34.542	0.0000	0.0000	0.0000	0.0000	nan
7618	-73.208	34.542	0.0000	0.0000	0.0000	0.0000	nan
7619	-73.125	34.542	0.0000	0.0000	0.0000	0.0000	nan
7620	-73.042	34.542	0.0000	0.0000	0.0000	0.0000	nan
7621	-72.958	34.542	0.0000	0.0000	0.0000	0.0000	nan
7622	-72.875	34.542	0.0000	0.0000	0.0000	0.0000	nan
7623	-72.792	34.542	0.0000	0.0000	0.0000	0.0000	nan
7624	-72.708	34.542	0.0000	0.0000	0.0000	0.0000	nan
7625	-72.625	34.542	0.0000	0.0000	0.0000	0.0000	nan
7626	-72.542	34.542	0.0000	0.0000	0.0000	0.0000	nan
7627	-72.458	34.542	0.0000	0.0000	0.0000	0.0000	nan
7628	-72.375	34.542	0.0000	0.0000	0.0000	0.0000	nan
7629	-72.292	34.542	0.0000	0.0000	0.0000	0.0000	nan
7630	-72.208	34.542	0.0000	0.0000	0.0000	0.0000	nan
7631	-72.125	34.542	0.0000	0.0000	0.0000	0.0000	nan
7632	-72.042	34.542	0.0000	0.0000	0.0000	0.0000	nan
7633	-71.958	34.542	0.0000	0.0000	0.0000	0.0000	nan
7634	-71.875	34.542	0.0000	0.0000	0.0000	0.0000	nan
7635	-71.792	34.542	0.0000	0.0000	0.0000	0.0000	nan
7636	-71.708	34.542	0.0000	0.0000	0.0000	0.0000	nan
7637	-71.625	34.542	0.0000	0.0000	0.0000	0.0000	nan
7638	-71.542	34.542	0.0000	0.0000	0.0000	0.0000	nan
7639	-71.458	34.542	0.0000	0.0000	0.0000	0.0000	nan
7640	-71.375	34.542	0.0000	0.0000	0.0000	0.0000	nan
7641	-71.292	34.542	0.0000	0.0000	0.0000	0.0000	nan
7642	-71.208	34.542	0.0000	0.0000	0.0000	0.0000	nan
7643	-71.125	34.542	0.0000	0.0000	0.0000	0.0000	nan
7644	-71.042	34.542	0.0000	0.0000	0.0000	0.0000	nan
7645	-77.958	34.625	0.0000	0.0000	0.0000	0.0000	nan
7646	-77.875	34.625	0.0000	0.0000	0.0000	0.0000	nan
7647	-77.792	34.625	0.0000	0.0000	0.0000	0.0000	nan
7648	-77.708	34.625	0.0000	0.0000	0.0000	0.0000	nan
7649	-77.625	34.625	0.0000	0.0000	0.0000	0.0000	nan
7650	-77.542	34.625	0.0000	0.0000	0.0000	0.0000	nan
7651	-77.458	34.625	0.0000	0.0000	0.0000	0.0000	nan
7652	-77.375	34.625	0.0000	0.0000	0.0000	0.0000	nan
7653	-77.292	34.625	0.0000	0.0000	0.0000	0.0000	nan
7654	-77.208	34.625	0.0000	0.0000	0.0000	0.0000	nan
7655	-77.125	34.625	0.0000	0.0000	0.0000	0.0000	nan
7656	-77.042	34.625	0.0000	0.0000	0.0000	0.0000	nan
7657	-76.958	34.625	0.0000	0.0000	0.0000	0.0000	nan
7658	-76.875	34.625	0.0000	0.0000	0.0000	0.0000	nan
7659	-76.792	34.625	0.0000	0.0000	0.0000	0.0000	nan
7660	-76.708	34.625	0.0000	0.0000	0.0000	0.0000	nan
7661	-76.625	34.625	0.0000	0.0000	0.0000	0.0000	nan
7662	-76.542	34.625	0.0000	0.0000	0.0000	0.0000	nan
7663	-76.458	34.625	0.0000	0.0000	0.0000	0.0000	nan
7664	-76.375	34.625	0.0000	0.0000	0.0000	0.0000	nan
7665	-76.292	34.625	0.0000	0.0000	0.0000	0.0000	nan
7666	-76.208	34.625	0.0000	0.0000	0.0000	0.0000	nan
7667	-76.125	34.625	0.0000	0.0000	0.0000	0.0000	nan
7668	-76.042	34.625	0.0000	0.0000	0.0000	0.0000	nan
7669	-75.958	34.625	0.0000	0.0000	0.0000	0.0000	nan
7670	-75.875	34.625	0.0000	0.0000	0.0000	0.0000	nan
7671	-75.792	34.625	0.0000	0.0000	0.0000	0.0000	nan
7672	-75.708	34.625	0.0000	0.0000	0.0000	0.0000	nan
7673	-75.625	34.625	0.0000	0.0000	0.0000	0.0000	nan
7674	-75.542	34.625	0.0000	0.0000	0.0000	0.0000	3.0
7675	-75.458	34.625	0.0961	-0.0311	-0.3420	0.3959	2.0
7676	-75.375	34.625	0.2382	0.3338	-0.3717	0.3286	1.0
7677	-75.292	34.625	0.3059	0.4414	-0.2745	0.1461	1.0
7678	-75.208	34.625	0.3245	0.4441	-0.0303	0.1115	0.0
7679	-75.125	34.625	0.3141	0.3006	0.0615	0.0984	0.0
7680	-75.042	34.625	0.3599	0.3338	0.1322	0.0335	0.0
7681	-74.958	34.625	0.1499	0.0389	0.1439	0.0075	nan
7682	-74.875	34.625	0.0000	0.0000	0.0000	0.0000	nan
7683	-74.792	34.625	0.0000	0.0000	0.0000	0.0000	nan
7684	-74.708	34.625	0.0000	0.0000	0.0000	0.0000	nan
7685	-74.625	34.625	0.0000	0.0000	0.0000	0.0000	0.0
7686	-74.542	34.625	0.2176	0.1670	0.0799	-0.0513	nan
7687	-74.458	34.625	0.0000	0.0000	0.0000	0.0000	0.0
7688	-74.375	34.625	0.2176	0.1668	0.0799	-0.0513	1.0
7689	-74.292	34.625	0.0240	0.2532	0.1347	0.0435	0.0
7690	-74.208	34.625	0.3646	0.3182	0.1802	-0.0236	0.0
7691	-74.125	34.625	0.3627	0.3346	0.1535	-0.0046	0.0
7692	-74.042	34.625	0.2950	0.2581	0.1557	0.0030	1.0
7693	-73.958	34.625	0.2170	0.2278	0.1120	-0.0385	0.0
7694	-73.875	34.625	0.2176	0.1677	0.0799	-0.0513	nan
7695	-73.792	34.625	0.0000	0.0000	0.0000	0.0000	nan
7696	-73.708	34.625	0.0000	0.0000	0.0000	0.0000	nan
7697	-73.625	34.625	0.0000	0.0000	0.0000	0.0000	nan
7698	-73.542	34.625	0.0000	0.0000	0.0000	0.0000	nan
7699	-73.458	34.625	0.0000	0.0000	0.0000	0.0000	nan
7700	-73.375	34.625	0.0000	0.0000	0.0000	0.0000	nan
7701	-73.292	34.625	0.0000	0.0000	0.0000	0.0000	nan
7702	-73.208	34.625	0.0000	0.0000	0.0000	0.0000	nan
7703	-73.125	34.625	0.0000	0.0000	0.0000	0.0000	nan
7704	-73.042	34.625	0.0000	0.0000	0.0000	0.0000	nan
7705	-72.958	34.625	0.0000	0.0000	0.0000	0.0000	nan
7706	-72.875	34.625	0.0000	0.0000	0.0000	0.0000	nan
7707	-72.792	34.625	0.0000	0.0000	0.0000	0.0000	nan
7708	-72.708	34.625	0.0000	0.0000	0.0000	0.0000	nan
7709	-72.625	34.625	0.0000	0.0000	0.0000	0.0000	nan
7710	-72.542	34.625	0.0000	0.0000	0.0000	0.0000	nan
7711	-72.458	34.625	0.0000	0.0000	0.0000	0.0000	nan
7712	-72.375	34.625	0.0000	0.0000	0.0000	0.0000	nan
7713	-72.292	34.625	0.0000	0.0000	0.0000	0.0000	nan
7714	-72.208	34.625	0.0000	0.0000	0.0000	0.0000	nan
7715	-72.125	34.625	0.0000	0.0000	0.0000	0.0000	nan
7716	-72.042	34.625	0.0000	0.0000	0.0000	0.0000	nan
7717	-71.958	34.625	0.0000	0.0000	0.0000	0.0000	nan
7718	-71.875	34.625	0.0000	0.0000	0.0000	0.0000	nan
7719	-71.792	34.625	0.0000	0.0000	0.0000	0.0000	nan
7720	-71.708	34.625	0.0000	0.0000	0.0000	0.0000	nan
7721	-71.625	34.625	0.0000	0.0000	0.0000	0.0000	nan
7722	-71.542	34.625	0.0000	0.0000	0.0000	0.0000	nan
7723	-71.458	34.625	0.0000	0.0000	0.0000	0.0000	nan
7724	-71.375	34.625	0.0000	0.0000	0.0000	0.0000	nan
7725	-71.292	34.625	0.0000	0.0000	0.0000	0.0000	nan
7726	-71.208	34.625	0.0000	0.0000	0.0000	0.0000	nan
7727	-71.125	34.625	0.0000	0.0000	0.0000	0.0000	nan
7728	-71.042	34.625	0.0000	0.0000	0.0000	0.0000	nan
7729	-77.958	34.708	0.0000	0.0000	0.0000	0.0000	nan
7730	-77.875	34.708	0.0000	0.0000	0.0000	0.0000	nan
7731	-77.792	34.708	0.0000	0.0000	0.0000	0.0000	nan
7732	-77.708	34.708	0.0000	0.0000	0.0000	0.0000	nan
7733	-77.625	34.708	0.0000	0.0000	0.0000	0.0000	nan
7734	-77.542	34.708	0.0000	0.0000	0.0000	0.0000	nan
7735	-77.458	34.708	0.0000	0.0000	0.0000	0.0000	nan
7736	-77.375	34.708	0.0000	0.0000	0.0000	0.0000	nan
7737	-77.292	34.708	0.0000	0.0000	0.0000	0.0000	nan
7738	-77.208	34.708	0.0000	0.0000	0.0000	0.0000	nan
7739	-77.125	34.708	0.0000	0.0000	0.0000	0.0000	nan
7740	-77.042	34.708	0.0000	0.0000	0.0000	0.0000	nan
7741	-76.958	34.708	0.0000	0.0000	0.0000	0.0000	nan
7742	-76.875	34.708	0.0000	0.0000	0.0000	0.0000	nan
7743	-76.792	34.708	0.0000	0.0000	0.0000	0.0000	nan
7744	-76.708	34.708	0.0000	0.0000	0.0000	0.0000	nan
7745	-76.625	34.708	0.0000	0.0000	0.0000	0.0000	nan
7746	-76.542	34.708	0.0000	0.0000	0.0000	0.0000	nan
7747	-76.458	34.708	0.0000	0.0000	0.0000	0.0000	nan
7748	-76.375	34.708	0.0000	0.0000	0.0000	0.0000	nan
7749	-76.292	34.708	0.0000	0.0000	0.0000	0.0000	nan
7750	-76.208	34.708	0.0000	0.0000	0.0000	0.0000	nan
7751	-76.125	34.708	0.0000	0.0000	0.0000	0.0000	nan
7752	-76.042	34.708	0.0000	0.0000	0.0000	0.0000	nan
7753	-75.958	34.708	0.0000	0.0000	0.0000	0.0000	nan
7754	-75.875	34.708	0.0000	0.0000	0.0000	0.0000	nan
7755	-75.792	34.708	0.0000	0.0000	0.0000	0.0000	nan
7756	-75.708	34.708	0.0000	0.0000	0.0000	0.0000	nan
7757	-75.625	34.708	0.0000	0.0000	0.0000	0.0000	nan
7758	-75.542	34.708	0.0000	0.0000	0.0000	0.0000	nan
7759	-75.458	34.708	0.0000	0.0000	0.0000	0.0000	2.0
7760	-75.375	34.708	0.1837	0.0610	-0.3157	0.2554	1.0
7761	-75.292	34.708	0.1831	0.5799	-0.1807	0.0924	1.0
7762	-75.208	34.708	0.3067	0.4605	-0.2397	0.1326	1.0
7763	-75.125	34.708	0.2391	0.4062	-0.0560	0.1221	0.0
7764	-75.042	34.708	0.3217	0.3035	0.0700	0.0856	0.0
7765	-74.958	34.708	0.3684	0.3372	0.1474	0.0253	nan
7766	-74.875	34.708	0.0000	0.0000	0.0000	0.0000	0.0
7767	-74.792	34.708	0.2176	0.1695	0.0799	-0.0513	nan
7768	-74.708	34.708	0.0000	0.0000	0.0000	0.0000	nan
7769	-74.625	34.708	0.0000	0.0000	0.0000	0.0000	nan
7770	-74.542	34.708	0.0000	0.0000	0.0000	0.0000	nan
7771	-74.458	34.708	0.0000	0.0000	0.0000	0.0000	0.0
7772	-74.375	34.708	0.2176	0.1668	0.0799	-0.0513	0.0
7773	-74.292	34.708	0.2176	0.1672	0.0799	-0.0513	0.0
7774	-74.208	34.708	0.2176	0.1672	0.0799	-0.0513	1.0
7775	-74.125	34.708	0.2135	0.2451	0.1212	-0.0336	0.0
7776	-74.042	34.708	0.3665	0.3143	0.1800	-0.0241	0.0
7777	-73.958	34.708	0.3722	0.3370	0.1576	0.0018	0.0
7778	-73.875	34.708	0.2637	0.2366	0.0891	-0.0071	nan
7779	-73.792	34.708	0.0000	0.0000	0.0000	0.0000	0.0
7780	-73.708	34.708	0.2176	0.1707	0.0799	-0.0513	nan
7781	-73.625	34.708	0.0000	0.0000	0.0000	0.0000	nan
7782	-73.542	34.708	0.0000	0.0000	0.0000	0.0000	nan
7783	-73.458	34.708	0.0000	0.0000	0.0000	0.0000	nan
7784	-73.375	34.708	0.0000	0.0000	0.0000	0.0000	nan
7785	-73.292	34.708	0.0000	0.0000	0.0000	0.0000	nan
7786	-73.208	34.708	0.0000	0.0000	0.0000	0.0000	nan
7787	-73.125	34.708	0.0000	0.0000	0.0000	0.0000	nan
7788	-73.042	34.708	0.0000	0.0000	0.0000	0.0000	nan
7789	-72.958	34.708	0.0000	0.0000	0.0000	0.0000	nan
7790	-72.875	34.708	0.0000	0.0000	0.0000	0.0000	nan
7791	-72.792	34.708	0.0000	0.0000	0.0000	0.0000	nan
7792	-72.708	34.708	0.0000	0.0000	0.0000	0.0000	nan
7793	-72.625	34.708	0.0000	0.0000	0.0000	0.0000	nan
7794	-72.542	34.708	0.0000	0.0000	0.0000	0.0000	nan
7795	-72.458	34.708	0.0000	0.0000	0.0000	0.0000	nan
7796	-72.375	34.708	0.0000	0.0000	0.0000	0.0000	nan
7797	-72.292	34.708	0.0000	0.0000	0.0000	0.0000	nan
7798	-72.208	34.708	0.0000	0.0000	0.0000	0.0000	nan
7799	-72.125	34.708	0.0000	0.0000	0.0000	0.0000	nan
7800	-72.042	34.708	0.0000	0.0000	0.0000	0.0000	nan
7801	-71.958	34.708	0.0000	0.0000	0.0000	0.0000	nan
7802	-71.875	34.708	0.0000	0.0000	0.0000	0.0000	nan
7803	-71.792	34.708	0.0000	0.0000	0.0000	0.0000	nan
7804	-71.708	34.708	0.0000	0.0000	0.0000	0.0000	nan
7805	-71.625	34.708	0.0000	0.0000	0.0000	0.0000	nan
7806	-71.542	34.708	0.0000	0.0000	0.0000	0.0000	nan
7807	-71.458	34.708	0.0000	0.0000	0.0000	0.0000	nan
7808	-71.375	34.708	0.0000	0.0000	0.0000	0.0000	nan
7809	-71.292	34.708	0.0000	0.0000	0.0000	0.0000	nan
7810	-71.208	34.708	0.0000	0.0000	0.0000	0.0000	nan
7811	-71.125	34.708	0.0000	0.0000	0.0000	0.0000	nan
7812	-71.042	34.708	0.0000	0.0000	0.0000	0.0000	nan
7813	-77.958	34.792	0.0000	0.0000	0.0000	0.0000	nan
7814	-77.875	34.792	0.0000	0.0000	0.0000	0.0000	nan
7815	-77.792	34.792	0.0000	0.0000	0.0000	0.0000	nan
7816	-77.708	34.792	0.0000	0.0000	0.0000	0.0000	nan
7817	-77.625	34.792	0.0000	0.0000	0.0000	0.0000	nan
7818	-77.542	34.792	0.0000	0.0000	0.0000	0.0000	nan
7819	-77.458	34.792	0.0000	0.0000	0.0000	0.0000	nan
7820	-77.375	34.792	0.0000	0.0000	0.0000	0.0000	nan
7821	-77.292	34.792	0.0000	0.0000	0.0000	0.0000	nan
7822	-77.208	34.792	0.0000	0.0000	0.0000	0.0000	nan
7823	-77.125	34.792	0.0000	0.0000	0.0000	0.0000	nan
7824	-77.042	34.792	0.0000	0.0000	0.0000	0.0000	nan
7825	-76.958	34.792	0.0000	0.0000	0.0000	0.0000	nan
7826	-76.875	34.792	0.0000	0.0000	0.0000	0.0000	nan
7827	-76.792	34.792	0.0000	0.0000	0.0000	0.0000	nan
7828	-76.708	34.792	0.0000	0.0000	0.0000	0.0000	nan
7829	-76.625	34.792	0.0000	0.0000	0.0000	0.0000	nan
7830	-76.542	34.792	0.0000	0.0000	0.0000	0.0000	nan
7831	-76.458	34.792	0.0000	0.0000	0.0000	0.0000	nan
7832	-76.375	34.792	0.0000	0.0000	0.0000	0.0000	nan
7833	-76.292	34.792	0.0000	0.0000	0.0000	0.0000	nan
7834	-76.208	34.792	0.0000	0.0000	0.0000	0.0000	nan
7835	-76.125	34.792	0.0000	0.0000	0.0000	0.0000	nan
7836	-76.042	34.792	0.0000	0.0000	0.0000	0.0000	nan
7837	-75.958	34.792	0.0000	0.0000	0.0000	0.0000	nan
7838	-75.875	34.792	0.0000	0.0000	0.0000	0.0000	nan
7839	-75.792	34.792	0.0000	0.0000	0.0000	0.0000	nan
7840	-75.708	34.792	0.0000	0.0000	0.0000	0.0000	nan
7841	-75.625	34.792	0.0000	0.0000	0.0000	0.0000	nan
7842	-75.542	34.792	0.0000	0.0000	0.0000	0.0000	nan
7843	-75.458	34.792	0.0000	0.0000	0.0000	0.0000	nan
7844	-75.375	34.792	0.0000	0.0000	0.0000	0.0000	3.0
7845	-75.292	34.792	0.0436	0.2085	-0.3483	0.3840	1.0
7846	-75.208	34.792	0.2978	0.4610	-0.2369	0.1732	1.0
7847	-75.125	34.792	0.3315	0.4182	-0.2719	0.1099	1.0
7848	-75.042	34.792	0.2039	0.4202	-0.1166	0.0785	0.0
7849	-74.958	34.792	0.3610	0.2111	0.0031	0.0640	0.0
7850	-74.875	34.792	0.3677	0.3360	0.1419	0.0322	1.0
7851	-74.792	34.792	0.0240	0.2592	0.1347	0.0435	1.0
7852	-74.708	34.792	0.2187	0.3068	0.1310	0.0140	nan
7853	-74.625	34.792	0.0000	0.0000	0.0000	0.0000	nan
7854	-74.542	34.792	0.0000	0.0000	0.0000	0.0000	0.0
7855	-74.458	34.792	0.2176	0.1669	0.0799	-0.0513	nan
7856	-74.375	34.792	0.0000	0.0000	0.0000	0.0000	nan
7857	-74.292	34.792	0.0000	0.0000	0.0000	0.0000	0.0
7858	-74.208	34.792	0.2176	0.1670	0.0799	-0.0513	0.0
7859	-74.125	34.792	0.2176	0.1679	0.0799	-0.0513	nan
7860	-74.042	34.792	0.0000	0.0000	0.0000	0.0000	1.0
7861	-73.958	34.792	0.2134	0.2453	0.1215	-0.0334	0.0
7862	-73.875	34.792	0.3783	0.3063	0.1439	-0.0107	0.0
7863	-73.792	34.792	0.3416	0.3006	0.1255	-0.0355	0.0
7864	-73.708	34.792	0.2176	0.1676	0.0799	-0.0513	nan
7865	-73.625	34.792	0.0000	0.0000	0.0000	0.0000	nan
7866	-73.542	34.792	0.0000	0.0000	0.0000	0.0000	nan
7867	-73.458	34.792	0.0000	0.0000	0.0000	0.0000	nan
7868	-73.375	34.792	0.0000	0.0000	0.0000	0.0000	nan
7869	-73.292	34.792	0.0000	0.0000	0.0000	0.0000	nan
7870	-73.208	34.792	0.0000	0.0000	0.0000	0.0000	nan
7871	-73.125	34.792	0.0000	0.0000	0.0000	0.0000	nan
7872	-73.042	34.792	0.0000	0.0000	0.0000	0.0000	nan
7873	-72.958	34.792	0.0000	0.0000	0.0000	0.0000	nan
7874	-72.875	34.792	0.0000	0.0000	0.0000	0.0000	nan
7875	-72.792	34.792	0.0000	0.0000	0.0000	0.0000	nan
7876	-72.708	34.792	0.0000	0.0000	0.0000	0.0000	nan
7877	-72.625	34.792	0.0000	0.0000	0.0000	0.0000	nan
7878	-72.542	34.792	0.0000	0.0000	0.0000	0.0000	nan
7879	-72.458	34.792	0.0000	0.0000	0.0000	0.0000	nan
7880	-72.375	34.792	0.0000	0.0000	0.0000	0.0000	nan
7881	-72.292	34.792	0.0000	0.0000	0.0000	0.0000	nan
7882	-72.208	34.792	0.0000	0.0000	0.0000	0.0000	nan
7883	-72.125	34.792	0.0000	0.0000	0.0000	0.0000	nan
7884	-72.042	34.792	0.0000	0.0000	0.0000	0.0000	nan
7885	-71.958	34.792	0.0000	0.0000	0.0000	0.0000	nan
7886	-71.875	34.792	0.0000	0.0000	0.0000	0.0000	nan
7887	-71.792	34.792	0.0000	0.0000	0.0000	0.0000	nan
7888	-71.708	34.792	0.0000	0.0000	0.0000	0.0000	nan
7889	-71.625	34.792	0.0000	0.0000	0.0000	0.0000	nan
7890	-71.542	34.792	0.0000	0.0000	0.0000	0.0000	nan
7891	-71.458	34.792	0.0000	0.0000	0.0000	0.0000	nan
7892	-71.375	34.792	0.0000	0.0000	0.0000	0.0000	nan
7893	-71.292	34.792	0.0000	0.0000	0.0000	0.0000	nan
7894	-71.208	34.792	0.0000	0.0000	0.0000	0.0000	nan
7895	-71.125	34.792	0.0000	0.0000	0.0000	0.0000	nan
7896	-71.042	34.792	0.0000	0.0000	0.0000	0.0000	nan
7897	-77.958	34.875	0.0000	0.0000	0.0000	0.0000	nan
7898	-77.875	34.875	0.0000	0.0000	0.0000	0.0000	nan
7899	-77.792	34.875	0.0000	0.0000	0.0000	0.0000	nan
7900	-77.708	34.875	0.0000	0.0000	0.0000	0.0000	nan
7901	-77.625	34.875	0.0000	0.0000	0.0000	0.0000	nan
7902	-77.542	34.875	0.0000	0.0000	0.0000	0.0000	nan
7903	-77.458	34.875	0.0000	0.0000	0.0000	0.0000	nan
7904	-77.375	34.875	0.0000	0.0000	0.0000	0.0000	nan
7905	-77.292	34.875	0.0000	0.0000	0.0000	0.0000	nan
7906	-77.208	34.875	0.0000	0.0000	0.0000	0.0000	nan
7907	-77.125	34.875	0.0000	0.0000	0.0000	0.0000	nan
7908	-77.042	34.875	0.0000	0.0000	0.0000	0.0000	nan
7909	-76.958	34.875	0.0000	0.0000	0.0000	0.0000	nan
7910	-76.875	34.875	0.0000	0.0000	0.0000	0.0000	nan
7911	-76.792	34.875	0.0000	0.0000	0.0000	0.0000	nan
7912	-76.708	34.875	0.0000	0.0000	0.0000	0.0000	nan
7913	-76.625	34.875	0.0000	0.0000	0.0000	0.0000	nan
7914	-76.542	34.875	0.0000	0.0000	0.0000	0.0000	nan
7915	-76.458	34.875	0.0000	0.0000	0.0000	0.0000	nan
7916	-76.375	34.875	0.0000	0.0000	0.0000	0.0000	nan
7917	-76.292	34.875	0.0000	0.0000	0.0000	0.0000	nan
7918	-76.208	34.875	0.0000	0.0000	0.0000	0.0000	nan
7919	-76.125	34.875	0.0000	0.0000	0.0000	0.0000	nan
7920	-76.042	34.875	0.0000	0.0000	0.0000	0.0000	nan
7921	-75.958	34.875	0.0000	0.0000	0.0000	0.0000	nan
7922	-75.875	34.875	0.0000	0.0000	0.0000	0.0000	nan
7923	-75.792	34.875	0.0000	0.0000	0.0000	0.0000	nan
7924	-75.708	34.875	0.0000	0.0000	0.0000	0.0000	nan
7925	-75.625	34.875	0.0000	0.0000	0.0000	0.0000	nan
7926	-75.542	34.875	0.0000	0.0000	0.0000	0.0000	nan
7927	-75.458	34.875	0.0000	0.0000	0.0000	0.0000	nan
7928	-75.375	34.875	0.0000	0.0000	0.0000	0.0000	nan
7929	-75.292	34.875	0.0000	0.0000	0.0000	0.0000	2.0
7930	-75.208	34.875	0.1309	0.1257	-0.3840	0.3586	1.0
7931	-75.125	34.875	0.2863	0.4390	-0.3527	0.1208	1.0
7932	-75.042	34.875	0.2903	0.4834	-0.2159	0.0816	0.0
7933	-74.958	34.875	0.3572	0.3303	0.0169	0.0814	0.0
7934	-74.875	34.875	0.3472	0.3379	0.1152	0.0785	0.0
7935	-74.792	34.875	0.3473	0.3473	0.1399	0.0446	1.0
7936	-74.708	34.875	0.3413	0.3569	0.1564	0.0216	nan
7937	-74.625	34.875	0.0000	0.0000	0.0000	0.0000	nan
7938	-74.542	34.875	0.0000	0.0000	0.0000	0.0000	0.0
7939	-74.458	34.875	0.2176	0.1669	0.0799	-0.0513	0.0
7940	-74.375	34.875	0.2176	0.1669	0.0799	-0.0513	nan
7941	-74.292	34.875	0.0000	0.0000	0.0000	0.0000	nan
7942	-74.208	34.875	0.0000	0.0000	0.0000	0.0000	nan
7943	-74.125	34.875	0.0000	0.0000	0.0000	0.0000	nan
7944	-74.042	34.875	0.0000	0.0000	0.0000	0.0000	0.0
7945	-73.958	34.875	0.2176	0.1677	0.0799	-0.0513	0.0
7946	-73.875	34.875	0.2176	0.1676	0.0799	-0.0513	0.0
7947	-73.792	34.875	0.3397	0.3060	0.1285	-0.0335	0.0
7948	-73.708	34.875	0.3721	0.3019	0.1659	-0.0306	0.0
7949	-73.625	34.875	0.2176	0.1676	0.0799	-0.0513	nan
7950	-73.542	34.875	0.0000	0.0000	0.0000	0.0000	nan
7951	-73.458	34.875	0.0000	0.0000	0.0000	0.0000	nan
7952	-73.375	34.875	0.0000	0.0000	0.0000	0.0000	nan
7953	-73.292	34.875	0.0000	0.0000	0.0000	0.0000	nan
7954	-73.208	34.875	0.0000	0.0000	0.0000	0.0000	nan
7955	-73.125	34.875	0.0000	0.0000	0.0000	0.0000	nan
7956	-73.042	34.875	0.0000	0.0000	0.0000	0.0000	nan
7957	-72.958	34.875	0.0000	0.0000	0.0000	0.0000	nan
7958	-72.875	34.875	0.0000	0.0000	0.0000	0.0000	nan
7959	-72.792	34.875	0.0000	0.0000	0.0000	0.0000	nan
7960	-72.708	34.875	0.0000	0.0000	0.0000	0.0000	nan
7961	-72.625	34.875	0.0000	0.0000	0.0000	0.0000	nan
7962	-72.542	34.875	0.0000	0.0000	0.0000	0.0000	nan
7963	-72.458	34.875	0.0000	0.0000	0.0000	0.0000	nan
7964	-72.375	34.875	0.0000	0.0000	0.0000	0.0000	nan
7965	-72.292	34.875	0.0000	0.0000	0.0000	0.0000	nan
7966	-72.208	34.875	0.0000	0.0000	0.0000	0.0000	nan
7967	-72.125	34.875	0.0000	0.0000	0.0000	0.0000	nan
7968	-72.042	34.875	0.0000	0.0000	0.0000	0.0000	nan
7969	-71.958	34.875	0.0000	0.0000	0.0000	0.0000	nan
7970	-71.875	34.875	0.0000	0.0000	0.0000	0.0000	nan
7971	-71.792	34.875	0.0000	0.0000	0.0000	0.0000	nan
7972	-71.708	34.875	0.0000	0.0000	0.0000	0.0000	nan
7973	-71.625	34.875	0.0000	0.0000	0.0000	0.0000	nan
7974	-71.542	34.875	0.0000	0.0000	0.0000	0.0000	nan
7975	-71.458	34.875	0.0000	0.0000	0.0000	0.0000	nan
7976	-71.375	34.875	0.0000	0.0000	0.0000	0.0000	nan
7977	-71.292	34.875	0.0000	0.0000	0.0000	0.0000	nan
7978	-71.208	34.875	0.0000	0.0000	0.0000	0.0000	nan
7979	-71.125	34.875	0.0000	0.0000	0.0000	0.0000	nan
7980	-71.042	34.875	0.0000	0.0000	0.0000	0.0000	nan
7981	-77.958	34.958	0.0000	0.0000	0.0000	0.0000	nan
7982	-77.875	34.958	0.0000	0.0000	0.0000	0.0000	nan
7983	-77.792	34.958	0.0000	0.0000	0.0000	0.0000	nan
7984	-77.708	34.958	0.0000	0.0000	0.0000	0.0000	nan
7985	-77.625	34.958	0.0000	0.0000	0.0000	0.0000	nan
7986	-77.542	34.958	0.0000	0.0000	0.0000	0.0000	nan
7987	-77.458	34.958	0.0000	0.0000	0.0000	0.0000	nan
7988	-77.375	34.958	0.0000	0.0000	0.0000	0.0000	nan
7989	-77.292	34.958	0.0000	0.0000	0.0000	0.0000	nan
7990	-77.208	34.958	0.0000	0.0000	0.0000	0.0000	nan
7991	-77.125	34.958	0.0000	0.0000	0.0000	0.0000	nan
7992	-77.042	34.958	0.0000	0.0000	0.0000	0.0000	nan
7993	-76.958	34.958	0.0000	0.0000	0.0000	0.0000	nan
7994	-76.875	34.958	0.0000	0.0000	0.0000	0.0000	nan
7995	-76.792	34.958	0.0000	0.0000	0.0000	0.0000	nan
7996	-76.708	34.958	0.0000	0.0000	0.0000	0.0000	nan
7997	-76.625	34.958	0.0000	0.0000	0.0000	0.0000	nan
7998	-76.542	34.958	0.0000	0.0000	0.0000	0.0000	nan
7999	-76.458	34.958	0.0000	0.0000	0.0000	0.0000	nan
8000	-76.375	34.958	0.0000	0.0000	0.0000	0.0000	nan
8001	-76.292	34.958	0.0000	0.0000	0.0000	0.0000	nan
8002	-76.208	34.958	0.0000	0.0000	0.0000	0.0000	nan
8003	-76.125	34.958	0.0000	0.0000	0.0000	0.0000	nan
8004	-76.042	34.958	0.0000	0.0000	0.0000	0.0000	nan
8005	-75.958	34.958	0.0000	0.0000	0.0000	0.0000	nan
8006	-75.875	34.958	0.0000	0.0000	0.0000	0.0000	nan
8007	-75.792	34.958	0.0000	0.0000	0.0000	0.0000	nan
8008	-75.708	34.958	0.0000	0.0000	0.0000	0.0000	nan
8009	-75.625	34.958	0.0000	0.0000	0.0000	0.0000	nan
8010	-75.542	34.958	0.0000	0.0000	0.0000	0.0000	nan
8011	-75.458	34.958	0.0000	0.0000	0.0000	0.0000	nan
8012	-75.375	34.958	0.0000	0.0000	0.0000	0.0000	nan
8013	-75.292	34.958	0.0000	0.0000	0.0000	0.0000	nan
8014	-75.208	34.958	0.0000	0.0000	0.0000	0.0000	1.0
8015	-75.125	34.958	0.1543	0.4848	-0.2271	0.1445	2.0
8016	-75.042	34.958	0.2721	0.4144	-0.4305	0.0412	1.0
8017	-74.958	34.958	0.2687	0.3851	-0.1722	0.0526	0.0
8018	-74.875	34.958	0.3467	0.3263	0.0230	0.0834	0.0
8019	-74.792	34.958	0.3480	0.3360	0.1235	0.0589	1.0
8020	-74.708	34.958	0.3448	0.3497	0.1456	0.0397	nan
8021	-74.625	34.958	0.0000	0.0000	0.0000	0.0000	0.0
8022	-74.542	34.958	0.2176	0.1669	0.0799	-0.0513	nan
8023	-74.458	34.958	0.0000	0.0000	0.0000	0.0000	nan
8024	-74.375	34.958	0.0000	0.0000	0.0000	0.0000	0.0
8025	-74.292	34.958	0.2176	0.1669	0.0799	-0.0513	nan
8026	-74.208	34.958	0.0000	0.0000	0.0000	0.0000	nan
8027	-74.125	34.958	0.0000	0.0000	0.0000	0.0000	nan
8028	-74.042	34.958	0.0000	0.0000	0.0000	0.0000	nan
8029	-73.958	34.958	0.0000	0.0000	0.0000	0.0000	nan
8030	-73.875	34.958	0.0000	0.0000	0.0000	0.0000	nan
8031	-73.792	34.958	0.0000	0.0000	0.0000	0.0000	nan
8032	-73.708	34.958	0.0000	0.0000	0.0000	0.0000	0.0
8033	-73.625	34.958	0.2652	0.2285	0.0845	-0.0090	0.0
8034	-73.542	34.958	0.2658	0.1801	0.0563	-0.0189	nan
8035	-73.458	34.958	0.0000	0.0000	0.0000	0.0000	nan
8036	-73.375	34.958	0.0000	0.0000	0.0000	0.0000	nan
8037	-73.292	34.958	0.0000	0.0000	0.0000	0.0000	nan
8038	-73.208	34.958	0.0000	0.0000	0.0000	0.0000	nan
8039	-73.125	34.958	0.0000	0.0000	0.0000	0.0000	nan
8040	-73.042	34.958	0.0000	0.0000	0.0000	0.0000	nan
8041	-72.958	34.958	0.0000	0.0000	0.0000	0.0000	nan
8042	-72.875	34.958	0.0000	0.0000	0.0000	0.0000	nan
8043	-72.792	34.958	0.0000	0.0000	0.0000	0.0000	nan
8044	-72.708	34.958	0.0000	0.0000	0.0000	0.0000	nan
8045	-72.625	34.958	0.0000	0.0000	0.0000	0.0000	nan
8046	-72.542	34.958	0.0000	0.0000	0.0000	0.0000	nan
8047	-72.458	34.958	0.0000	0.0000	0.0000	0.0000	nan
8048	-72.375	34.958	0.0000	0.0000	0.0000	0.0000	nan
8049	-72.292	34.958	0.0000	0.0000	0.0000	0.0000	nan
8050	-72.208	34.958	0.0000	0.0000	0.0000	0.0000	nan
8051	-72.125	34.958	0.0000	0.0000	0.0000	0.0000	nan
8052	-72.042	34.958	0.0000	0.0000	0.0000	0.0000	nan
8053	-71.958	34.958	0.0000	0.0000	0.0000	0.0000	nan
8054	-71.875	34.958	0.0000	0.0000	0.0000	0.0000	nan
8055	-71.792	34.958	0.0000	0.0000	0.0000	0.0000	nan
8056	-71.708	34.958	0.0000	0.0000	0.0000	0.0000	nan
8057	-71.625	34.958	0.0000	0.0000	0.0000	0.0000	nan
8058	-71.542	34.958	0.0000	0.0000	0.0000	0.0000	nan
8059	-71.458	34.958	0.0000	0.0000	0.0000	0.0000	nan
8060	-71.375	34.958	0.0000	0.0000	0.0000	0.0000	nan
8061	-71.292	34.958	0.0000	0.0000	0.0000	0.0000	nan
8062	-71.208	34.958	0.0000	0.0000	0.0000	0.0000	nan
8063	-71.125	34.958	0.0000	0.0000	0.0000	0.0000	nan
8064	-71.042	34.958	0.0000	0.0000	0.0000	0.0000	nan
8065	-77.958	35.042	0.0000	0.0000	0.0000	0.0000	nan
8066	-77.875	35.042	0.0000	0.0000	0.0000	0.0000	nan
8067	-77.792	35.042	0.0000	0.0000	0.0000	0.0000	nan
8068	-77.708	35.042	0.0000	0.0000	0.0000	0.0000	nan
8069	-77.625	35.042	0.0000	0.0000	0.0000	0.0000	nan
8070	-77.542	35.042	0.0000	0.0000	0.0000	0.0000	nan
8071	-77.458	35.042	0.0000	0.0000	0.0000	0.0000	nan
8072	-77.375	35.042	0.0000	0.0000	0.0000	0.0000	nan
8073	-77.292	35.042	0.0000	0.0000	0.0000	0.0000	nan
8074	-77.208	35.042	0.0000	0.0000	0.0000	0.0000	nan
8075	-77.125	35.042	0.0000	0.0000	0.0000	0.0000	nan
8076	-77.042	35.042	0.0000	0.0000	0.0000	0.0000	nan
8077	-76.958	35.042	0.0000	0.0000	0.0000	0.0000	nan
8078	-76.875	35.042	0.0000	0.0000	0.0000	0.0000	nan
8079	-76.792	35.042	0.0000	0.0000	0.0000	0.0000	nan
8080	-76.708	35.042	0.0000	0.0000	0.0000	0.0000	nan
8081	-76.625	35.042	0.0000	0.0000	0.0000	0.0000	nan
8082	-76.542	35.042	0.0000	0.0000	0.0000	0.0000	nan
8083	-76.458	35.042	0.0000	0.0000	0.0000	0.0000	nan
8084	-76.375	35.042	0.0000	0.0000	0.0000	0.0000	nan
8085	-76.292	35.042	0.0000	0.0000	0.0000	0.0000	nan
8086	-76.208	35.042	0.0000	0.0000	0.0000	0.0000	nan
8087	-76.125	35.042	0.0000	0.0000	0.0000	0.0000	nan
8088	-76.042	35.042	0.0000	0.0000	0.0000	0.0000	nan
8089	-75.958	35.042	0.0000	0.0000	0.0000	0.0000	nan
8090	-75.875	35.042	0.0000	0.0000	0.0000	0.0000	nan
8091	-75.792	35.042	0.0000	0.0000	0.0000	0.0000	nan
8092	-75.708	35.042	0.0000	0.0000	0.0000	0.0000	nan
8093	-75.625	35.042	0.0000	0.0000	0.0000	0.0000	nan
8094	-75.542	35.042	0.0000	0.0000	0.0000	0.0000	nan
8095	-75.458	35.042	0.0000	0.0000	0.0000	0.0000	nan
8096	-75.375	35.042	0.0000	0.0000	0.0000	0.0000	nan
8097	-75.292	35.042	0.0000	0.0000	0.0000	0.0000	nan
8098	-75.208	35.042	0.0000	0.0000	0.0000	0.0000	3.0
8099	-75.125	35.042	0.0885	0.2155	-0.1952	0.2573	1.0
8100	-75.042	35.042	0.1841	0.5084	-0.3927	0.1310	1.0
8101	-74.958	35.042	0.3136	0.4696	-0.3832	-0.0700	1.0
8102	-74.875	35.042	0.3596	0.4902	-0.2788	-0.0254	0.0
8103	-74.792	35.042	0.4012	0.2740	-0.0072	0.0372	0.0
8104	-74.708	35.042	0.3492	0.3461	0.1421	0.0413	nan
8105	-74.625	35.042	0.0000	0.0000	0.0000	0.0000	1.0
8106	-74.542	35.042	0.2439	0.2769	0.2201	0.0156	nan
8107	-74.458	35.042	0.0000	0.0000	0.0000	0.0000	nan
8108	-74.375	35.042	0.0000	0.0000	0.0000	0.0000	nan
8109	-74.292	35.042	0.0000	0.0000	0.0000	0.0000	0.0
8110	-74.208	35.042	0.2176	0.1668	0.0799	-0.0513	0.0
8111	-74.125	35.042	0.2176	0.1670	0.0799	-0.0513	nan
8112	-74.042	35.042	0.0000	0.0000	0.0000	0.0000	nan
8113	-73.958	35.042	0.0000	0.0000	0.0000	0.0000	nan
8114	-73.875	35.042	0.0000	0.0000	0.0000	0.0000	0.0
8115	-73.792	35.042	0.2176	0.1676	0.0799	-0.0513	0.0
8116	-73.708	35.042	0.2176	0.1677	0.0799	-0.0513	nan
8117	-73.625	35.042	0.0000	0.0000	0.0000	0.0000	nan
8118	-73.542	35.042	0.0000	0.0000	0.0000	0.0000	nan
8119	-73.458	35.042	0.0000	0.0000	0.0000	0.0000	nan
8120	-73.375	35.042	0.0000	0.0000	0.0000	0.0000	nan
8121	-73.292	35.042	0.0000	0.0000	0.0000	0.0000	nan
8122	-73.208	35.042	0.0000	0.0000	0.0000	0.0000	nan
8123	-73.125	35.042	0.0000	0.0000	0.0000	0.0000	nan
8124	-73.042	35.042	0.0000	0.0000	0.0000	0.0000	nan
8125	-72.958	35.042	0.0000	0.0000	0.0000	0.0000	nan
8126	-72.875	35.042	0.0000	0.0000	0.0000	0.0000	nan
8127	-72.792	35.042	0.0000	0.0000	0.0000	0.0000	nan
8128	-72.708	35.042	0.0000	0.0000	0.0000	0.0000	nan
8129	-72.625	35.042	0.0000	0.0000	0.0000	0.0000	nan
8130	-72.542	35.042	0.0000	0.0000	0.0000	0.0000	nan
8131	-72.458	35.042	0.0000	0.0000	0.0000	0.0000	nan
8132	-72.375	35.042	0.0000	0.0000	0.0000	0.0000	nan
8133	-72.292	35.042	0.0000	0.0000	0.0000	0.0000	nan
8134	-72.208	35.042	0.0000	0.0000	0.0000	0.0000	nan
8135	-72.125	35.042	0.0000	0.0000	0.0000	0.0000	nan
8136	-72.042	35.042	0.0000	0.0000	0.0000	0.0000	nan
8137	-71.958	35.042	0.0000	0.0000	0.0000	0.0000	nan
8138	-71.875	35.042	0.0000	0.0000	0.0000	0.0000	nan
8139	-71.792	35.042	0.0000	0.0000	0.0000	0.0000	nan
8140	-71.708	35.042	0.0000	0.0000	0.0000	0.0000	nan
8141	-71.625	35.042	0.0000	0.0000	0.0000	0.0000	nan
8142	-71.542	35.042	0.0000	0.0000	0.0000	0.0000	nan
8143	-71.458	35.042	0.0000	0.0000	0.0000	0.0000	nan
8144	-71.375	35.042	0.0000	0.0000	0.0000	0.0000	nan
8145	-71.292	35.042	0.0000	0.0000	0.0000	0.0000	nan
8146	-71.208	35.042	0.0000	0.0000	0.0000	0.0000	nan
8147	-71.125	35.042	0.0000	0.0000	0.0000	0.0000	nan
8148	-71.042	35.042	0.0000	0.0000	0.0000	0.0000	nan
8149	-77.958	35.125	0.0000	0.0000	0.0000	0.0000	nan
8150	-77.875	35.125	0.0000	0.0000	0.0000	0.0000	nan
8151	-77.792	35.125	0.0000	0.0000	0.0000	0.0000	nan
8152	-77.708	35.125	0.0000	0.0000	0.0000	0.0000	nan
8153	-77.625	35.125	0.0000	0.0000	0.0000	0.0000	nan
8154	-77.542	35.125	0.0000	0.0000	0.0000	0.0000	nan
8155	-77.458	35.125	0.0000	0.0000	0.0000	0.0000	nan
8156	-77.375	35.125	0.0000	0.0000	0.0000	0.0000	nan
8157	-77.292	35.125	0.0000	0.0000	0.0000	0.0000	nan
8158	-77.208	35.125	0.0000	0.0000	0.0000	0.0000	nan
8159	-77.125	35.125	0.0000	0.0000	0.0000	0.0000	nan
8160	-77.042	35.125	0.0000	0.0000	0.0000	0.0000	nan
8161	-76.958	35.125	0.0000	0.0000	0.0000	0.0000	nan
8162	-76.875	35.125	0.0000	0.0000	0.0000	0.0000	nan
8163	-76.792	35.125	0.0000	0.0000	0.0000	0.0000	nan
8164	-76.708	35.125	0.0000	0.0000	0.0000	0.0000	nan
8165	-76.625	35.125	0.0000	0.0000	0.0000	0.0000	nan
8166	-76.542	35.125	0.0000	0.0000	0.0000	0.0000	nan
8167	-76.458	35.125	0.0000	0.0000	0.0000	0.0000	nan
8168	-76.375	35.125	0.0000	0.0000	0.0000	0.0000	nan
8169	-76.292	35.125	0.0000	0.0000	0.0000	0.0000	nan
8170	-76.208	35.125	0.0000	0.0000	0.0000	0.0000	nan
8171	-76.125	35.125	0.0000	0.0000	0.0000	0.0000	nan
8172	-76.042	35.125	0.0000	0.0000	0.0000	0.0000	nan
8173	-75.958	35.125	0.0000	0.0000	0.0000	0.0000	nan
8174	-75.875	35.125	0.0000	0.0000	0.0000	0.0000	nan
8175	-75.792	35.125	0.0000	0.0000	0.0000	0.0000	nan
8176	-75.708	35.125	0.0000	0.0000	0.0000	0.0000	nan
8177	-75.625	35.125	0.0000	0.0000	0.0000	0.0000	nan
8178	-75.542	35.125	0.0000	0.0000	0.0000	0.0000	nan
8179	-75.458	35.125	0.0000	0.0000	0.0000	0.0000	nan
8180	-75.375	35.125	0.0000	0.0000	0.0000	0.0000	nan
8181	-75.292	35.125	0.0000	0.0000	0.0000	0.0000	nan
8182	-75.208	35.125	0.0000	0.0000	0.0000	0.0000	nan
8183	-75.125	35.125	0.0000	0.0000	0.0000	0.0000	nan
8184	-75.042	35.125	0.0000	0.0000	0.0000	0.0000	2.0
8185	-74.958	35.125	0.2260	0.3178	-0.5046	0.2324	2.0
8186	-74.875	35.125	0.2464	0.3991	-0.4656	-0.0143	1.0
8187	-74.792	35.125	0.3676	0.4857	-0.1973	-0.0023	0.0
8188	-74.708	35.125	0.4488	0.3402	0.0365	-0.0514	0.0
8189	-74.625	35.125	0.1499	0.0389	0.1439	0.0075	0.0
8190	-74.542	35.125	0.2176	0.1668	0.0799	-0.0513	1.0
8191	-74.458	35.125	0.2068	0.3160	0.1577	0.0474	nan
8192	-74.375	35.125	0.0000	0.0000	0.0000	0.0000	1.0
8193	-74.292	35.125	0.0240	0.2531	0.1347	0.0435	nan
8194	-74.208	35.125	0.0000	0.0000	0.0000	0.0000	0.0
8195	-74.125	35.125	0.2176	0.1670	0.0799	-0.0513	0.0
8196	-74.042	35.125	0.2176	0.1669	0.0799	-0.0513	nan
8197	-73.958	35.125	0.0000	0.0000	0.0000	0.0000	nan
8198	-73.875	35.125	0.0000	0.0000	0.0000	0.0000	nan
8199	-73.792	35.125	0.0000	0.0000	0.0000	0.0000	nan
8200	-73.708	35.125	0.0000	0.0000	0.0000	0.0000	nan
8201	-73.625	35.125	0.0000	0.0000	0.0000	0.0000	nan
8202	-73.542	35.125	0.0000	0.0000	0.0000	0.0000	0.0
8203	-73.458	35.125	0.2176	0.1707	0.0799	-0.0513	nan
8204	-73.375	35.125	0.0000	0.0000	0.0000	0.0000	nan
8205	-73.292	35.125	0.0000	0.0000	0.0000	0.0000	nan
8206	-73.208	35.125	0.0000	0.0000	0.0000	0.0000	nan
8207	-73.125	35.125	0.0000	0.0000	0.0000	0.0000	nan
8208	-73.042	35.125	0.0000	0.0000	0.0000	0.0000	nan
8209	-72.958	35.125	0.0000	0.0000	0.0000	0.0000	nan
8210	-72.875	35.125	0.0000	0.0000	0.0000	0.0000	nan
8211	-72.792	35.125	0.0000	0.0000	0.0000	0.0000	nan
8212	-72.708	35.125	0.0000	0.0000	0.0000	0.0000	nan
8213	-72.625	35.125	0.0000	0.0000	0.0000	0.0000	nan
8214	-72.542	35.125	0.0000	0.0000	0.0000	0.0000	nan
8215	-72.458	35.125	0.0000	0.0000	0.0000	0.0000	nan
8216	-72.375	35.125	0.0000	0.0000	0.0000	0.0000	nan
8217	-72.292	35.125	0.0000	0.0000	0.0000	0.0000	nan
8218	-72.208	35.125	0.0000	0.0000	0.0000	0.0000	nan
8219	-72.125	35.125	0.0000	0.0000	0.0000	0.0000	nan
8220	-72.042	35.125	0.0000	0.0000	0.0000	0.0000	nan
8221	-71.958	35.125	0.0000	0.0000	0.0000	0.0000	nan
8222	-71.875	35.125	0.0000	0.0000	0.0000	0.0000	nan
8223	-71.792	35.125	0.0000	0.0000	0.0000	0.0000	nan
8224	-71.708	35.125	0.0000	0.0000	0.0000	0.0000	nan
8225	-71.625	35.125	0.0000	0.0000	0.0000	0.0000	nan
8226	-71.542	35.125	0.0000	0.0000	0.0000	0.0000	nan
8227	-71.458	35.125	0.0000	0.0000	0.0000	0.0000	nan
8228	-71.375	35.125	0.0000	0.0000	0.0000	0.0000	nan
8229	-71.292	35.125	0.0000	0.0000	0.0000	0.0000	nan
8230	-71.208	35.125	0.0000	0.0000	0.0000	0.0000	nan
8231	-71.125	35.125	0.0000	0.0000	0.0000	0.0000	nan
8232	-71.042	35.125	0.0000	0.0000	0.0000	0.0000	nan
8233	-77.958	35.208	0.0000	0.0000	0.0000	0.0000	nan
8234	-77.875	35.208	0.0000	0.0000	0.0000	0.0000	nan
8235	-77.792	35.208	0.0000	0.0000	0.0000	0.0000	nan
8236	-77.708	35.208	0.0000	0.0000	0.0000	0.0000	nan
8237	-77.625	35.208	0.0000	0.0000	0.0000	0.0000	nan
8238	-77.542	35.208	0.0000	0.0000	0.0000	0.0000	nan
8239	-77.458	35.208	0.0000	0.0000	0.0000	0.0000	nan
8240	-77.375	35.208	0.0000	0.0000	0.0000	0.0000	nan
8241	-77.292	35.208	0.0000	0.0000	0.0000	0.0000	nan
8242	-77.208	35.208	0.0000	0.0000	0.0000	0.0000	nan
8243	-77.125	35.208	0.0000	0.0000	0.0000	0.0000	nan
8244	-77.042	35.208	0.0000	0.0000	0.0000	0.0000	nan
8245	-76.958	35.208	0.0000	0.0000	0.0000	0.0000	nan
8246	-76.875	35.208	0.0000	0.0000	0.0000	0.0000	nan
8247	-76.792	35.208	0.0000	0.0000	0.0000	0.0000	nan
8248	-76.708	35.208	0.0000	0.0000	0.0000	0.0000	nan
8249	-76.625	35.208	0.0000	0.0000	0.0000	0.0000	nan
8250	-76.542	35.208	0.0000	0.0000	0.0000	0.0000	nan
8251	-76.458	35.208	0.0000	0.0000	0.0000	0.0000	nan
8252	-76.375	35.208	0.0000	0.0000	0.0000	0.0000	nan
8253	-76.292	35.208	0.0000	0.0000	0.0000	0.0000	nan
8254	-76.208	35.208	0.0000	0.0000	0.0000	0.0000	nan
8255	-76.125	35.208	0.0000	0.0000	0.0000	0.0000	nan
8256	-76.042	35.208	0.0000	0.0000	0.0000	0.0000	nan
8257	-75.958	35.208	0.0000	0.0000	0.0000	0.0000	nan
8258	-75.875	35.208	0.0000	0.0000	0.0000	0.0000	nan
8259	-75.792	35.208	0.0000	0.0000	0.0000	0.0000	nan
8260	-75.708	35.208	0.0000	0.0000	0.0000	0.0000	nan
8261	-75.625	35.208	0.0000	0.0000	0.0000	0.0000	nan
8262	-75.542	35.208	0.0000	0.0000	0.0000	0.0000	nan
8263	-75.458	35.208	0.0000	0.0000	0.0000	0.0000	nan
8264	-75.375	35.208	0.0000	0.0000	0.0000	0.0000	nan
8265	-75.292	35.208	0.0000	0.0000	0.0000	0.0000	nan
8266	-75.208	35.208	0.0000	0.0000	0.0000	0.0000	nan
8267	-75.125	35.208	0.0000	0.0000	0.0000	0.0000	nan
8268	-75.042	35.208	0.0000	0.0000	0.0000	0.0000	nan
8269	-74.958	35.208	0.0000	0.0000	0.0000	0.0000	2.0
8270	-74.875	35.208	0.2185	0.1123	-0.6141	0.2261	1.0
8271	-74.792	35.208	0.3744	0.4525	-0.4023	-0.0545	1.0
8272	-74.708	35.208	0.3079	0.5103	-0.0787	-0.1029	1.0
8273	-74.625	35.208	0.3334	0.4684	-0.0236	-0.0541	0.0
8274	-74.542	35.208	0.2714	0.2379	0.1176	0.0065	0.0
8275	-74.458	35.208	0.3472	0.3422	0.1512	0.0420	1.0
8276	-74.375	35.208	0.2410	0.2913	0.1447	0.0574	1.0
8277	-74.292	35.208	0.2089	0.2796	0.2105	0.0074	nan
8278	-74.208	35.208	0.0000	0.0000	0.0000	0.0000	1.0
8279	-74.125	35.208	0.1841	0.2913	0.1481	-0.0119	1.0
8280	-74.042	35.208	0.1971	0.2800	0.1405	-0.0199	nan
8281	-73.958	35.208	0.0000	0.0000	0.0000	0.0000	nan
8282	-73.875	35.208	0.0000	0.0000	0.0000	0.0000	nan
8283	-73.792	35.208	0.0000	0.0000	0.0000	0.0000	nan
8284	-73.708	35.208	0.0000	0.0000	0.0000	0.0000	nan
8285	-73.625	35.208	0.0000	0.0000	0.0000	0.0000	nan
8286	-73.542	35.208	0.0000	0.0000	0.0000	0.0000	nan
8287	-73.458	35.208	0.0000	0.0000	0.0000	0.0000	nan
8288	-73.375	35.208	0.0000	0.0000	0.0000	0.0000	nan
8289	-73.292	35.208	0.0000	0.0000	0.0000	0.0000	nan
8290	-73.208	35.208	0.0000	0.0000	0.0000	0.0000	nan
8291	-73.125	35.208	0.0000	0.0000	0.0000	0.0000	nan
8292	-73.042	35.208	0.0000	0.0000	0.0000	0.0000	nan
8293	-72.958	35.208	0.0000	0.0000	0.0000	0.0000	nan
8294	-72.875	35.208	0.0000	0.0000	0.0000	0.0000	nan
8295	-72.792	35.208	0.0000	0.0000	0.0000	0.0000	nan
8296	-72.708	35.208	0.0000	0.0000	0.0000	0.0000	nan
8297	-72.625	35.208	0.0000	0.0000	0.0000	0.0000	nan
8298	-72.542	35.208	0.0000	0.0000	0.0000	0.0000	nan
8299	-72.458	35.208	0.0000	0.0000	0.0000	0.0000	nan
8300	-72.375	35.208	0.0000	0.0000	0.0000	0.0000	nan
8301	-72.292	35.208	0.0000	0.0000	0.0000	0.0000	nan
8302	-72.208	35.208	0.0000	0.0000	0.0000	0.0000	nan
8303	-72.125	35.208	0.0000	0.0000	0.0000	0.0000	nan
8304	-72.042	35.208	0.0000	0.0000	0.0000	0.0000	nan
8305	-71.958	35.208	0.0000	0.0000	0.0000	0.0000	nan
8306	-71.875	35.208	0.0000	0.0000	0.0000	0.0000	nan
8307	-71.792	35.208	0.0000	0.0000	0.0000	0.0000	nan
8308	-71.708	35.208	0.0000	0.0000	0.0000	0.0000	nan
8309	-71.625	35.208	0.0000	0.0000	0.0000	0.0000	nan
8310	-71.542	35.208	0.0000	0.0000	0.0000	0.0000	nan
8311	-71.458	35.208	0.0000	0.0000	0.0000	0.0000	nan
8312	-71.375	35.208	0.0000	0.0000	0.0000	0.0000	nan
8313	-71.292	35.208	0.0000	0.0000	0.0000	0.0000	nan
8314	-71.208	35.208	0.0000	0.0000	0.0000	0.0000	nan
8315	-71.125	35.208	0.0000	0.0000	0.0000	0.0000	nan
8316	-71.042	35.208	0.0000	0.0000	0.0000	0.0000	nan
8317	-77.958	35.292	0.0000	0.0000	0.0000	0.0000	nan
8318	-77.875	35.292	0.0000	0.0000	0.0000	0.0000	nan
8319	-77.792	35.292	0.0000	0.0000	0.0000	0.0000	nan
8320	-77.708	35.292	0.0000	0.0000	0.0000	0.0000	nan
8321	-77.625	35.292	0.0000	0.0000	0.0000	0.0000	nan
8322	-77.542	35.292	0.0000	0.0000	0.0000	0.0000	nan
8323	-77.458	35.292	0.0000	0.0000	0.0000	0.0000	nan
8324	-77.375	35.292	0.0000	0.0000	0.0000	0.0000	nan
8325	-77.292	35.292	0.0000	0.0000	0.0000	0.0000	nan
8326	-77.208	35.292	0.0000	0.0000	0.0000	0.0000	nan
8327	-77.125	35.292	0.0000	0.0000	0.0000	0.0000	nan
8328	-77.042	35.292	0.0000	0.0000	0.0000	0.0000	nan
8329	-76.958	35.292	0.0000	0.0000	0.0000	0.0000	nan
8330	-76.875	35.292	0.0000	0.0000	0.0000	0.0000	nan
8331	-76.792	35.292	0.0000	0.0000	0.0000	0.0000	nan
8332	-76.708	35.292	0.0000	0.0000	0.0000	0.0000	nan
8333	-76.625	35.292	0.0000	0.0000	0.0000	0.0000	nan
8334	-76.542	35.292	0.0000	0.0000	0.0000	0.0000	nan
8335	-76.458	35.292	0.0000	0.0000	0.0000	0.0000	nan
8336	-76.375	35.292	0.0000	0.0000	0.0000	0.0000	nan
8337	-76.292	35.292	0.0000	0.0000	0.0000	0.0000	nan
8338	-76.208	35.292	0.0000	0.0000	0.0000	0.0000	nan
8339	-76.125	35.292	0.0000	0.0000	0.0000	0.0000	nan
8340	-76.042	35.292	0.0000	0.0000	0.0000	0.0000	nan
8341	-75.958	35.292	0.0000	0.0000	0.0000	0.0000	nan
8342	-75.875	35.292	0.0000	0.0000	0.0000	0.0000	nan
8343	-75.792	35.292	0.0000	0.0000	0.0000	0.0000	nan
8344	-75.708	35.292	0.0000	0.0000	0.0000	0.0000	nan
8345	-75.625	35.292	0.0000	0.0000	0.0000	0.0000	nan
8346	-75.542	35.292	0.0000	0.0000	0.0000	0.0000	nan
8347	-75.458	35.292	0.0000	0.0000	0.0000	0.0000	nan
8348	-75.375	35.292	0.0000	0.0000	0.0000	0.0000	nan
8349	-75.292	35.292	0.0000	0.0000	0.0000	0.0000	nan
8350	-75.208	35.292	0.0000	0.0000	0.0000	0.0000	nan
8351	-75.125	35.292	0.0000	0.0000	0.0000	0.0000	nan
8352	-75.042	35.292	0.0000	0.0000	0.0000	0.0000	nan
8353	-74.958	35.292	0.0000	0.0000	0.0000	0.0000	nan
8354	-74.875	35.292	0.0000	0.0000	0.0000	0.0000	2.0
8355	-74.792	35.292	0.2473	0.3556	-0.6178	0.0200	1.0
8356	-74.708	35.292	0.2945	0.5297	-0.2039	-0.1730	0.0
8357	-74.625	35.292	0.4091	0.2793	-0.0953	-0.1067	1.0
8358	-74.542	35.292	0.3950	0.4555	-0.2231	-0.1131	0.0
8359	-74.458	35.292	0.4088	0.3183	-0.0654	-0.0217	0.0
8360	-74.375	35.292	0.3579	0.3468	0.1041	0.0412	nan
8361	-74.292	35.292	0.0000	0.0000	0.0000	0.0000	1.0
8362	-74.208	35.292	0.2334	0.2651	0.1242	0.0294	1.0
8363	-74.125	35.292	0.0240	0.2529	0.1347	0.0435	1.0
8364	-74.042	35.292	0.1905	0.2858	0.1448	-0.0156	nan
8365	-73.958	35.292	0.0000	0.0000	0.0000	0.0000	0.0
8366	-73.875	35.292	0.2176	0.1680	0.0799	-0.0513	nan
8367	-73.792	35.292	0.0000	0.0000	0.0000	0.0000	nan
8368	-73.708	35.292	0.0000	0.0000	0.0000	0.0000	nan
8369	-73.625	35.292	0.0000	0.0000	0.0000	0.0000	nan
8370	-73.542	35.292	0.0000	0.0000	0.0000	0.0000	nan
8371	-73.458	35.292	0.0000	0.0000	0.0000	0.0000	nan
8372	-73.375	35.292	0.0000	0.0000	0.0000	0.0000	nan
8373	-73.292	35.292	0.0000	0.0000	0.0000	0.0000	nan
8374	-73.208	35.292	0.0000	0.0000	0.0000	0.0000	nan
8375	-73.125	35.292	0.0000	0.0000	0.0000	0.0000	nan
8376	-73.042	35.292	0.0000	0.0000	0.0000	0.0000	nan
8377	-72.958	35.292	0.0000	0.0000	0.0000	0.0000	nan
8378	-72.875	35.292	0.0000	0.0000	0.0000	0.0000	nan
8379	-72.792	35.292	0.0000	0.0000	0.0000	0.0000	nan
8380	-72.708	35.292	0.0000	0.0000	0.0000	0.0000	nan
8381	-72.625	35.292	0.0000	0.0000	0.0000	0.0000	nan
8382	-72.542	35.292	0.0000	0.0000	0.0000	0.0000	nan
8383	-72.458	35.292	0.0000	0.0000	0.0000	0.0000	nan
8384	-72.375	35.292	0.0000	0.0000	0.0000	0.0000	nan
8385	-72.292	35.292	0.0000	0.0000	0.0000	0.0000	nan
8386	-72.208	35.292	0.0000	0.0000	0.0000	0.0000	nan
8387	-72.125	35.292	0.0000	0.0000	0.0000	0.0000	nan
8388	-72.042	35.292	0.0000	0.0000	0.0000	0.0000	nan
8389	-71.958	35.292	0.0000	0.0000	0.0000	0.0000	nan
8390	-71.875	35.292	0.0000	0.0000	0.0000	0.0000	nan
8391	-71.792	35.292	0.0000	0.0000	0.0000	0.0000	nan
8392	-71.708	35.292	0.0000	0.0000	0.0000	0.0000	nan
8393	-71.625	35.292	0.0000	0.0000	0.0000	0.0000	nan
8394	-71.542	35.292	0.0000	0.0000	0.0000	0.0000	nan
8395	-71.458	35.292	0.0000	0.0000	0.0000	0.0000	nan
8396	-71.375	35.292	0.0000	0.0000	0.0000	0.0000	nan
8397	-71.292	35.292	0.0000	0.0000	0.0000	0.0000	nan
8398	-71.208	35.292	0.0000	0.0000	0.0000	0.0000	nan
8399	-71.125	35.292	0.0000	0.0000	0.0000	0.0000	nan
8400	-71.042	35.292	0.0000	0.0000	0.0000	0.0000	nan
8401	-77.958	35.375	0.0000	0.0000	0.0000	0.0000	nan
8402	-77.875	35.375	0.0000	0.0000	0.0000	0.0000	nan
8403	-77.792	35.375	0.0000	0.0000	0.0000	0.0000	nan
8404	-77.708	35.375	0.0000	0.0000	0.0000	0.0000	nan
8405	-77.625	35.375	0.0000	0.0000	0.0000	0.0000	nan
8406	-77.542	35.375	0.0000	0.0000	0.0000	0.0000	nan
8407	-77.458	35.375	0.0000	0.0000	0.0000	0.0000	nan
8408	-77.375	35.375	0.0000	0.0000	0.0000	0.0000	nan
8409	-77.292	35.375	0.0000	0.0000	0.0000	0.0000	nan
8410	-77.208	35.375	0.0000	0.0000	0.0000	0.0000	nan
8411	-77.125	35.375	0.0000	0.0000	0.0000	0.0000	nan
8412	-77.042	35.375	0.0000	0.0000	0.0000	0.0000	nan
8413	-76.958	35.375	0.0000	0.0000	0.0000	0.0000	nan
8414	-76.875	35.375	0.0000	0.0000	0.0000	0.0000	nan
8415	-76.792	35.375	0.0000	0.0000	0.0000	0.0000	nan
8416	-76.708	35.375	0.0000	0.0000	0.0000	0.0000	nan
8417	-76.625	35.375	0.0000	0.0000	0.0000	0.0000	nan
8418	-76.542	35.375	0.0000	0.0000	0.0000	0.0000	nan
8419	-76.458	35.375	0.0000	0.0000	0.0000	0.0000	nan
8420	-76.375	35.375	0.0000	0.0000	0.0000	0.0000	nan
8421	-76.292	35.375	0.0000	0.0000	0.0000	0.0000	nan
8422	-76.208	35.375	0.0000	0.0000	0.0000	0.0000	nan
8423	-76.125	35.375	0.0000	0.0000	0.0000	0.0000	nan
8424	-76.042	35.375	0.0000	0.0000	0.0000	0.0000	nan
8425	-75.958	35.375	0.0000	0.0000	0.0000	0.0000	nan
8426	-75.875	35.375	0.0000	0.0000	0.0000	0.0000	nan
8427	-75.792	35.375	0.0000	0.0000	0.0000	0.0000	nan
8428	-75.708	35.375	0.0000	0.0000	0.0000	0.0000	nan
8429	-75.625	35.375	0.0000	0.0000	0.0000	0.0000	nan
8430	-75.542	35.375	0.0000	0.0000	0.0000	0.0000	nan
8431	-75.458	35.375	0.0000	0.0000	0.0000	0.0000	nan
8432	-75.375	35.375	0.0000	0.0000	0.0000	0.0000	nan
8433	-75.292	35.375	0.0000	0.0000	0.0000	0.0000	nan
8434	-75.208	35.375	0.0000	0.0000	0.0000	0.0000	nan
8435	-75.125	35.375	0.0000	0.0000	0.0000	0.0000	nan
8436	-75.042	35.375	0.0000	0.0000	0.0000	0.0000	nan
8437	-74.958	35.375	0.0000	0.0000	0.0000	0.0000	nan
8438	-74.875	35.375	0.0000	0.0000	0.0000	0.0000	nan
8439	-74.792	35.375	0.0000	0.0000	0.0000	0.0000	1.0
8440	-74.708	35.375	0.3103	0.5154	-0.2635	-0.1708	0.0
8441	-74.625	35.375	0.3693	0.1675	-0.0800	-0.1130	0.0
8442	-74.542	35.375	0.4904	0.1947	-0.1117	-0.0744	0.0
8443	-74.458	35.375	0.3921	0.3903	-0.1243	-0.0427	1.0
8444	-74.375	35.375	0.3924	0.4378	-0.2490	-0.0357	nan
8445	-74.292	35.375	0.0000	0.0000	0.0000	0.0000	nan
8446	-74.208	35.375	0.0000	0.0000	0.0000	0.0000	1.0
8447	-74.125	35.375	0.2330	0.2649	0.1063	0.0313	1.0
8448	-74.042	35.375	0.1583	0.2243	0.1035	0.0807	1.0
8449	-73.958	35.375	0.1849	0.2923	0.1477	-0.0124	1.0
8450	-73.875	35.375	0.2063	0.2649	0.1320	-0.0266	0.0
8451	-73.792	35.375	0.2176	0.1680	0.0799	-0.0513	0.0
8452	-73.708	35.375	0.2176	0.1677	0.0799	-0.0513	nan
8453	-73.625	35.375	0.0000	0.0000	0.0000	0.0000	nan
8454	-73.542	35.375	0.0000	0.0000	0.0000	0.0000	nan
8455	-73.458	35.375	0.0000	0.0000	0.0000	0.0000	nan
8456	-73.375	35.375	0.0000	0.0000	0.0000	0.0000	nan
8457	-73.292	35.375	0.0000	0.0000	0.0000	0.0000	nan
8458	-73.208	35.375	0.0000	0.0000	0.0000	0.0000	nan
8459	-73.125	35.375	0.0000	0.0000	0.0000	0.0000	nan
8460	-73.042	35.375	0.0000	0.0000	0.0000	0.0000	nan
8461	-72.958	35.375	0.0000	0.0000	0.0000	0.0000	nan
8462	-72.875	35.375	0.0000	0.0000	0.0000	0.0000	nan
8463	-72.792	35.375	0.0000	0.0000	0.0000	0.0000	nan
8464	-72.708	35.375	0.0000	0.0000	0.0000	0.0000	nan
8465	-72.625	35.375	0.0000	0.0000	0.0000	0.0000	nan
8466	-72.542	35.375	0.0000	0.0000	0.0000	0.0000	nan
8467	-72.458	35.375	0.0000	0.0000	0.0000	0.0000	nan
8468	-72.375	35.375	0.0000	0.0000	0.0000	0.0000	nan
8469	-72.292	35.375	0.0000	0.0000	0.0000	0.0000	nan
8470	-72.208	35.375	0.0000	0.0000	0.0000	0.0000	nan
8471	-72.125	35.375	0.0000	0.0000	0.0000	0.0000	nan
8472	-72.042	35.375	0.0000	0.0000	0.0000	0.0000	nan
8473	-71.958	35.375	0.0000	0.0000	0.0000	0.0000	nan
8474	-71.875	35.375	0.0000	0.0000	0.0000	0.0000	nan
8475	-71.792	35.375	0.0000	0.0000	0.0000	0.0000	nan
8476	-71.708	35.375	0.0000	0.0000	0.0000	0.0000	nan
8477	-71.625	35.375	0.0000	0.0000	0.0000	0.0000	nan
8478	-71.542	35.375	0.0000	0.0000	0.0000	0.0000	nan
8479	-71.458	35.375	0.0000	0.0000	0.0000	0.0000	nan
8480	-71.375	35.375	0.0000	0.0000	0.0000	0.0000	nan
8481	-71.292	35.375	0.0000	0.0000	0.0000	0.0000	nan
8482	-71.208	35.375	0.0000	0.0000	0.0000	0.0000	nan
8483	-71.125	35.375	0.0000	0.0000	0.0000	0.0000	nan
8484	-71.042	35.375	0.0000	0.0000	0.0000	0.0000	nan
8485	-77.958	35.458	0.0000	0.0000	0.0000	0.0000	nan
8486	-77.875	35.458	0.0000	0.0000	0.0000	0.0000	nan
8487	-77.792	35.458	0.0000	0.0000	0.0000	0.0000	nan
8488	-77.708	35.458	0.0000	0.0000	0.0000	0.0000	nan
8489	-77.625	35.458	0.0000	0.0000	0.0000	0.0000	nan
8490	-77.542	35.458	0.0000	0.0000	0.0000	0.0000	nan
8491	-77.458	35.458	0.0000	0.0000	0.0000	0.0000	nan
8492	-77.375	35.458	0.0000	0.0000	0.0000	0.0000	nan
8493	-77.292	35.458	0.0000	0.0000	0.0000	0.0000	nan
8494	-77.208	35.458	0.0000	0.0000	0.0000	0.0000	nan
8495	-77.125	35.458	0.0000	0.0000	0.0000	0.0000	nan
8496	-77.042	35.458	0.0000	0.0000	0.0000	0.0000	nan
8497	-76.958	35.458	0.0000	0.0000	0.0000	0.0000	nan
8498	-76.875	35.458	0.0000	0.0000	0.0000	0.0000	nan
8499	-76.792	35.458	0.0000	0.0000	0.0000	0.0000	nan
8500	-76.708	35.458	0.0000	0.0000	0.0000	0.0000	nan
8501	-76.625	35.458	0.0000	0.0000	0.0000	0.0000	nan
8502	-76.542	35.458	0.0000	0.0000	0.0000	0.0000	nan
8503	-76.458	35.458	0.0000	0.0000	0.0000	0.0000	nan
8504	-76.375	35.458	0.0000	0.0000	0.0000	0.0000	nan
8505	-76.292	35.458	0.0000	0.0000	0.0000	0.0000	nan
8506	-76.208	35.458	0.0000	0.0000	0.0000	0.0000	nan
8507	-76.125	35.458	0.0000	0.0000	0.0000	0.0000	nan
8508	-76.042	35.458	0.0000	0.0000	0.0000	0.0000	nan
8509	-75.958	35.458	0.0000	0.0000	0.0000	0.0000	nan
8510	-75.875	35.458	0.0000	0.0000	0.0000	0.0000	nan
8511	-75.792	35.458	0.0000	0.0000	0.0000	0.0000	nan
8512	-75.708	35.458	0.0000	0.0000	0.0000	0.0000	nan
8513	-75.625	35.458	0.0000	0.0000	0.0000	0.0000	nan
8514	-75.542	35.458	0.0000	0.0000	0.0000	0.0000	nan
8515	-75.458	35.458	0.0000	0.0000	0.0000	0.0000	nan
8516	-75.375	35.458	0.0000	0.0000	0.0000	0.0000	nan
8517	-75.292	35.458	0.0000	0.0000	0.0000	0.0000	nan
8518	-75.208	35.458	0.0000	0.0000	0.0000	0.0000	nan
8519	-75.125	35.458	0.0000	0.0000	0.0000	0.0000	nan
8520	-75.042	35.458	0.0000	0.0000	0.0000	0.0000	nan
8521	-74.958	35.458	0.0000	0.0000	0.0000	0.0000	nan
8522	-74.875	35.458	0.0000	0.0000	0.0000	0.0000	nan
8523	-74.792	35.458	0.0000	0.0000	0.0000	0.0000	nan
8524	-74.708	35.458	0.0000	0.0000	0.0000	0.0000	nan
8525	-74.625	35.458	0.0000	0.0000	0.0000	0.0000	0.0
8526	-74.542	35.458	0.4893	0.1847	-0.1417	-0.0665	1.0
8527	-74.458	35.458	0.3680	0.4417	-0.2004	-0.0756	1.0
8528	-74.375	35.458	0.3563	0.4873	-0.1968	-0.0391	1.0
8529	-74.292	35.458	0.3363	0.5264	-0.1842	-0.0285	1.0
8530	-74.208	35.458	0.4356	0.4672	-0.1389	0.0084	nan
8531	-74.125	35.458	0.0000	0.0000	0.0000	0.0000	0.0
8532	-74.042	35.458	0.3637	0.3338	0.1279	0.0362	1.0
8533	-73.958	35.458	0.1108	0.2269	0.1954	0.0393	1.0
8534	-73.875	35.458	0.0240	0.2548	0.1347	0.0435	1.0
8535	-73.792	35.458	0.2082	0.2607	0.1297	-0.0283	0.0
8536	-73.708	35.458	0.2176	0.1680	0.0799	-0.0513	0.0
8537	-73.625	35.458	0.2176	0.1677	0.0799	-0.0513	nan
8538	-73.542	35.458	0.0000	0.0000	0.0000	0.0000	nan
8539	-73.458	35.458	0.0000	0.0000	0.0000	0.0000	nan
8540	-73.375	35.458	0.0000	0.0000	0.0000	0.0000	nan
8541	-73.292	35.458	0.0000	0.0000	0.0000	0.0000	nan
8542	-73.208	35.458	0.0000	0.0000	0.0000	0.0000	nan
8543	-73.125	35.458	0.0000	0.0000	0.0000	0.0000	nan
8544	-73.042	35.458	0.0000	0.0000	0.0000	0.0000	nan
8545	-72.958	35.458	0.0000	0.0000	0.0000	0.0000	nan
8546	-72.875	35.458	0.0000	0.0000	0.0000	0.0000	nan
8547	-72.792	35.458	0.0000	0.0000	0.0000	0.0000	nan
8548	-72.708	35.458	0.0000	0.0000	0.0000	0.0000	nan
8549	-72.625	35.458	0.0000	0.0000	0.0000	0.0000	nan
8550	-72.542	35.458	0.0000	0.0000	0.0000	0.0000	nan
8551	-72.458	35.458	0.0000	0.0000	0.0000	0.0000	nan
8552	-72.375	35.458	0.0000	0.0000	0.0000	0.0000	nan
8553	-72.292	35.458	0.0000	0.0000	0.0000	0.0000	nan
8554	-72.208	35.458	0.0000	0.0000	0.0000	0.0000	nan
8555	-72.125	35.458	0.0000	0.0000	0.0000	0.0000	nan
8556	-72.042	35.458	0.0000	0.0000	0.0000	0.0000	nan
8557	-71.958	35.458	0.0000	0.0000	0.0000	0.0000	nan
8558	-71.875	35.458	0.0000	0.0000	0.0000	0.0000	nan
8559	-71.792	35.458	0.0000	0.0000	0.0000	0.0000	nan
8560	-71.708	35.458	0.0000	0.0000	0.0000	0.0000	nan
8561	-71.625	35.458	0.0000	0.0000	0.0000	0.0000	nan
8562	-71.542	35.458	0.0000	0.0000	0.0000	0.0000	nan
8563	-71.458	35.458	0.0000	0.0000	0.0000	0.0000	nan
8564	-71.375	35.458	0.0000	0.0000	0.0000	0.0000	nan
8565	-71.292	35.458	0.0000	0.0000	0.0000	0.0000	nan
8566	-71.208	35.458	0.0000	0.0000	0.0000	0.0000	nan
8567	-71.125	35.458	0.0000	0.0000	0.0000	0.0000	nan
8568	-71.042	35.458	0.0000	0.0000	0.0000	0.0000	nan
8569	-77.958	35.542	0.0000	0.0000	0.0000	0.0000	nan
8570	-77.875	35.542	0.0000	0.0000	0.0000	0.0000	nan
8571	-77.792	35.542	0.0000	0.0000	0.0000	0.0000	nan
8572	-77.708	35.542	0.0000	0.0000	0.0000	0.0000	nan
8573	-77.625	35.542	0.0000	0.0000	0.0000	0.0000	nan
8574	-77.542	35.542	0.0000	0.0000	0.0000	0.0000	nan
8575	-77.458	35.542	0.0000	0.0000	0.0000	0.0000	nan
8576	-77.375	35.542	0.0000	0.0000	0.0000	0.0000	nan
8577	-77.292	35.542	0.0000	0.0000	0.0000	0.0000	nan
8578	-77.208	35.542	0.0000	0.0000	0.0000	0.0000	nan
8579	-77.125	35.542	0.0000	0.0000	0.0000	0.0000	nan
8580	-77.042	35.542	0.0000	0.0000	0.0000	0.0000	nan
8581	-76.958	35.542	0.0000	0.0000	0.0000	0.0000	nan
8582	-76.875	35.542	0.0000	0.0000	0.0000	0.0000	nan
8583	-76.792	35.542	0.0000	0.0000	0.0000	0.0000	nan
8584	-76.708	35.542	0.0000	0.0000	0.0000	0.0000	nan
8585	-76.625	35.542	0.0000	0.0000	0.0000	0.0000	nan
8586	-76.542	35.542	0.0000	0.0000	0.0000	0.0000	nan
8587	-76.458	35.542	0.0000	0.0000	0.0000	0.0000	nan
8588	-76.375	35.542	0.0000	0.0000	0.0000	0.0000	nan
8589	-76.292	35.542	0.0000	0.0000	0.0000	0.0000	nan
8590	-76.208	35.542	0.0000	0.0000	0.0000	0.0000	nan
8591	-76.125	35.542	0.0000	0.0000	0.0000	0.0000	nan
8592	-76.042	35.542	0.0000	0.0000	0.0000	0.0000	nan
8593	-75.958	35.542	0.0000	0.0000	0.0000	0.0000	nan
8594	-75.875	35.542	0.0000	0.0000	0.0000	0.0000	nan
8595	-75.792	35.542	0.0000	0.0000	0.0000	0.0000	nan
8596	-75.708	35.542	0.0000	0.0000	0.0000	0.0000	nan
8597	-75.625	35.542	0.0000	0.0000	0.0000	0.0000	nan
8598	-75.542	35.542	0.0000	0.0000	0.0000	0.0000	nan
8599	-75.458	35.542	0.0000	0.0000	0.0000	0.0000	nan
8600	-75.375	35.542	0.0000	0.0000	0.0000	0.0000	nan
8601	-75.292	35.542	0.0000	0.0000	0.0000	0.0000	nan
8602	-75.208	35.542	0.0000	0.0000	0.0000	0.0000	nan
8603	-75.125	35.542	0.0000	0.0000	0.0000	0.0000	nan
8604	-75.042	35.542	0.0000	0.0000	0.0000	0.0000	nan
8605	-74.958	35.542	0.0000	0.0000	0.0000	0.0000	nan
8606	-74.875	35.542	0.0000	0.0000	0.0000	0.0000	nan
8607	-74.792	35.542	0.0000	0.0000	0.0000	0.0000	nan
8608	-74.708	35.542	0.0000	0.0000	0.0000	0.0000	nan
8609	-74.625	35.542	0.0000	0.0000	0.0000	0.0000	nan
8610	-74.542	35.542	0.0000	0.0000	0.0000	0.0000	nan
8611	-74.458	35.542	0.0000	0.0000	0.0000	0.0000	1.0
8612	-74.375	35.542	0.3931	0.4176	-0.1767	-0.0498	1.0
8613	-74.292	35.542	0.3974	0.4316	-0.0571	-0.0250	1.0
8614	-74.208	35.542	0.4059	0.4627	-0.1682	-0.0352	1.0
8615	-74.125	35.542	0.3916	0.4305	-0.2006	-0.0566	1.0
8616	-74.042	35.542	0.3826	0.4041	-0.0643	-0.0433	1.0
8617	-73.958	35.542	0.3222	0.3474	0.0897	0.0461	0.0
8618	-73.875	35.542	0.3567	0.3456	0.1452	0.0190	1.0
8619	-73.792	35.542	0.0240	0.2549	0.1347	0.0435	1.0
8620	-73.708	35.542	0.0240	0.2550	0.1347	0.0435	0.0
8621	-73.625	35.542	0.2176	0.1677	0.0799	-0.0513	nan
8622	-73.542	35.542	0.0000	0.0000	0.0000	0.0000	nan
8623	-73.458	35.542	0.0000	0.0000	0.0000	0.0000	nan
8624	-73.375	35.542	0.0000	0.0000	0.0000	0.0000	nan
8625	-73.292	35.542	0.0000	0.0000	0.0000	0.0000	nan
8626	-73.208	35.542	0.0000	0.0000	0.0000	0.0000	nan
8627	-73.125	35.542	0.0000	0.0000	0.0000	0.0000	nan
8628	-73.042	35.542	0.0000	0.0000	0.0000	0.0000	nan
8629	-72.958	35.542	0.0000	0.0000	0.0000	0.0000	nan
8630	-72.875	35.542	0.0000	0.0000	0.0000	0.0000	nan
8631	-72.792	35.542	0.0000	0.0000	0.0000	0.0000	nan
8632	-72.708	35.542	0.0000	0.0000	0.0000	0.0000	nan
8633	-72.625	35.542	0.0000	0.0000	0.0000	0.0000	nan
8634	-72.542	35.542	0.0000	0.0000	0.0000	0.0000	nan
8635	-72.458	35.542	0.0000	0.0000	0.0000	0.0000	nan
8636	-72.375	35.542	0.0000	0.0000	0.0000	0.0000	nan
8637	-72.292	35.542	0.0000	0.0000	0.0000	0.0000	nan
8638	-72.208	35.542	0.0000	0.0000	0.0000	0.0000	nan
8639	-72.125	35.542	0.0000	0.0000	0.0000	0.0000	nan
8640	-72.042	35.542	0.0000	0.0000	0.0000	0.0000	nan
8641	-71.958	35.542	0.0000	0.0000	0.0000	0.0000	nan
8642	-71.875	35.542	0.0000	0.0000	0.0000	0.0000	nan
8643	-71.792	35.542	0.0000	0.0000	0.0000	0.0000	nan
8644	-71.708	35.542	0.0000	0.0000	0.0000	0.0000	nan
8645	-71.625	35.542	0.0000	0.0000	0.0000	0.0000	nan
8646	-71.542	35.542	0.0000	0.0000	0.0000	0.0000	nan
8647	-71.458	35.542	0.0000	0.0000	0.0000	0.0000	nan
8648	-71.375	35.542	0.0000	0.0000	0.0000	0.0000	nan
8649	-71.292	35.542	0.0000	0.0000	0.0000	0.0000	nan
8650	-71.208	35.542	0.0000	0.0000	0.0000	0.0000	nan
8651	-71.125	35.542	0.0000	0.0000	0.0000	0.0000	nan
8652	-71.042	35.542	0.0000	0.0000	0.0000	0.0000	nan
8653	-77.958	35.625	0.0000	0.0000	0.0000	0.0000	nan
8654	-77.875	35.625	0.0000	0.0000	0.0000	0.0000	nan
8655	-77.792	35.625	0.0000	0.0000	0.0000	0.0000	nan
8656	-77.708	35.625	0.0000	0.0000	0.0000	0.0000	nan
8657	-77.625	35.625	0.0000	0.0000	0.0000	0.0000	nan
8658	-77.542	35.625	0.0000	0.0000	0.0000	0.0000	nan
8659	-77.458	35.625	0.0000	0.0000	0.0000	0.0000	nan
8660	-77.375	35.625	0.0000	0.0000	0.0000	0.0000	nan
8661	-77.292	35.625	0.0000	0.0000	0.0000	0.0000	nan
8662	-77.208	35.625	0.0000	0.0000	0.0000	0.0000	nan
8663	-77.125	35.625	0.0000	0.0000	0.0000	0.0000	nan
8664	-77.042	35.625	0.0000	0.0000	0.0000	0.0000	nan
8665	-76.958	35.625	0.0000	0.0000	0.0000	0.0000	nan
8666	-76.875	35.625	0.0000	0.0000	0.0000	0.0000	nan
8667	-76.792	35.625	0.0000	0.0000	0.0000	0.0000	nan
8668	-76.708	35.625	0.0000	0.0000	0.0000	0.0000	nan
8669	-76.625	35.625	0.0000	0.0000	0.0000	0.0000	nan
8670	-76.542	35.625	0.0000	0.0000	0.0000	0.0000	nan
8671	-76.458	35.625	0.0000	0.0000	0.0000	0.0000	nan
8672	-76.375	35.625	0.0000	0.0000	0.0000	0.0000	nan
8673	-76.292	35.625	0.0000	0.0000	0.0000	0.0000	nan
8674	-76.208	35.625	0.0000	0.0000	0.0000	0.0000	nan
8675	-76.125	35.625	0.0000	0.0000	0.0000	0.0000	nan
8676	-76.042	35.625	0.0000	0.0000	0.0000	0.0000	nan
8677	-75.958	35.625	0.0000	0.0000	0.0000	0.0000	nan
8678	-75.875	35.625	0.0000	0.0000	0.0000	0.0000	nan
8679	-75.792	35.625	0.0000	0.0000	0.0000	0.0000	nan
8680	-75.708	35.625	0.0000	0.0000	0.0000	0.0000	nan
8681	-75.625	35.625	0.0000	0.0000	0.0000	0.0000	nan
8682	-75.542	35.625	0.0000	0.0000	0.0000	0.0000	nan
8683	-75.458	35.625	0.0000	0.0000	0.0000	0.0000	nan
8684	-75.375	35.625	0.0000	0.0000	0.0000	0.0000	nan
8685	-75.292	35.625	0.0000	0.0000	0.0000	0.0000	nan
8686	-75.208	35.625	0.0000	0.0000	0.0000	0.0000	nan
8687	-75.125	35.625	0.0000	0.0000	0.0000	0.0000	nan
8688	-75.042	35.625	0.0000	0.0000	0.0000	0.0000	nan
8689	-74.958	35.625	0.0000	0.0000	0.0000	0.0000	nan
8690	-74.875	35.625	0.0000	0.0000	0.0000	0.0000	nan
8691	-74.792	35.625	0.0000	0.0000	0.0000	0.0000	nan
8692	-74.708	35.625	0.0000	0.0000	0.0000	0.0000	nan
8693	-74.625	35.625	0.0000	0.0000	0.0000	0.0000	nan
8694	-74.542	35.625	0.0000	0.0000	0.0000	0.0000	nan
8695	-74.458	35.625	0.0000	0.0000	0.0000	0.0000	nan
8696	-74.375	35.625	0.0000	0.0000	0.0000	0.0000	0.0
8697	-74.292	35.625	0.4614	0.3789	-0.0317	-0.0289	0.0
8698	-74.208	35.625	0.4527	0.4506	-0.1308	-0.0323	1.0
8699	-74.125	35.625	0.3621	0.4571	-0.1982	-0.0562	1.0
8700	-74.042	35.625	0.3590	0.5124	-0.2191	-0.0503	0.0
8701	-73.958	35.625	0.3757	0.3654	-0.0796	-0.0254	1.0
8702	-73.875	35.625	0.3251	0.4305	0.0907	0.0001	0.0
8703	-73.792	35.625	0.3534	0.3387	0.1427	0.0045	0.0
8704	-73.708	35.625	0.2853	0.2735	0.1677	0.0082	1.0
8705	-73.625	35.625	0.2556	0.2618	0.1040	-0.0008	nan
8706	-73.542	35.625	0.0000	0.0000	0.0000	0.0000	nan
8707	-73.458	35.625	0.0000	0.0000	0.0000	0.0000	nan
8708	-73.375	35.625	0.0000	0.0000	0.0000	0.0000	nan
8709	-73.292	35.625	0.0000	0.0000	0.0000	0.0000	nan
8710	-73.208	35.625	0.0000	0.0000	0.0000	0.0000	nan
8711	-73.125	35.625	0.0000	0.0000	0.0000	0.0000	nan
8712	-73.042	35.625	0.0000	0.0000	0.0000	0.0000	nan
8713	-72.958	35.625	0.0000	0.0000	0.0000	0.0000	nan
8714	-72.875	35.625	0.0000	0.0000	0.0000	0.0000	nan
8715	-72.792	35.625	0.0000	0.0000	0.0000	0.0000	nan
8716	-72.708	35.625	0.0000	0.0000	0.0000	0.0000	nan
8717	-72.625	35.625	0.0000	0.0000	0.0000	0.0000	nan
8718	-72.542	35.625	0.0000	0.0000	0.0000	0.0000	nan
8719	-72.458	35.625	0.0000	0.0000	0.0000	0.0000	nan
8720	-72.375	35.625	0.0000	0.0000	0.0000	0.0000	nan
8721	-72.292	35.625	0.0000	0.0000	0.0000	0.0000	nan
8722	-72.208	35.625	0.0000	0.0000	0.0000	0.0000	nan
8723	-72.125	35.625	0.0000	0.0000	0.0000	0.0000	nan
8724	-72.042	35.625	0.0000	0.0000	0.0000	0.0000	nan
8725	-71.958	35.625	0.0000	0.0000	0.0000	0.0000	nan
8726	-71.875	35.625	0.0000	0.0000	0.0000	0.0000	nan
8727	-71.792	35.625	0.0000	0.0000	0.0000	0.0000	nan
8728	-71.708	35.625	0.0000	0.0000	0.0000	0.0000	nan
8729	-71.625	35.625	0.0000	0.0000	0.0000	0.0000	nan
8730	-71.542	35.625	0.0000	0.0000	0.0000	0.0000	nan
8731	-71.458	35.625	0.0000	0.0000	0.0000	0.0000	nan
8732	-71.375	35.625	0.0000	0.0000	0.0000	0.0000	nan
8733	-71.292	35.625	0.0000	0.0000	0.0000	0.0000	nan
8734	-71.208	35.625	0.0000	0.0000	0.0000	0.0000	nan
8735	-71.125	35.625	0.0000	0.0000	0.0000	0.0000	nan
8736	-71.042	35.625	0.0000	0.0000	0.0000	0.0000	nan
8737	-77.958	35.708	0.0000	0.0000	0.0000	0.0000	nan
8738	-77.875	35.708	0.0000	0.0000	0.0000	0.0000	nan
8739	-77.792	35.708	0.0000	0.0000	0.0000	0.0000	nan
8740	-77.708	35.708	0.0000	0.0000	0.0000	0.0000	nan
8741	-77.625	35.708	0.0000	0.0000	0.0000	0.0000	nan
8742	-77.542	35.708	0.0000	0.0000	0.0000	0.0000	nan
8743	-77.458	35.708	0.0000	0.0000	0.0000	0.0000	nan
8744	-77.375	35.708	0.0000	0.0000	0.0000	0.0000	nan
8745	-77.292	35.708	0.0000	0.0000	0.0000	0.0000	nan
8746	-77.208	35.708	0.0000	0.0000	0.0000	0.0000	nan
8747	-77.125	35.708	0.0000	0.0000	0.0000	0.0000	nan
8748	-77.042	35.708	0.0000	0.0000	0.0000	0.0000	nan
8749	-76.958	35.708	0.0000	0.0000	0.0000	0.0000	nan
8750	-76.875	35.708	0.0000	0.0000	0.0000	0.0000	nan
8751	-76.792	35.708	0.0000	0.0000	0.0000	0.0000	nan
8752	-76.708	35.708	0.0000	0.0000	0.0000	0.0000	nan
8753	-76.625	35.708	0.0000	0.0000	0.0000	0.0000	nan
8754	-76.542	35.708	0.0000	0.0000	0.0000	0.0000	nan
8755	-76.458	35.708	0.0000	0.0000	0.0000	0.0000	nan
8756	-76.375	35.708	0.0000	0.0000	0.0000	0.0000	nan
8757	-76.292	35.708	0.0000	0.0000	0.0000	0.0000	nan
8758	-76.208	35.708	0.0000	0.0000	0.0000	0.0000	nan
8759	-76.125	35.708	0.0000	0.0000	0.0000	0.0000	nan
8760	-76.042	35.708	0.0000	0.0000	0.0000	0.0000	nan
8761	-75.958	35.708	0.0000	0.0000	0.0000	0.0000	nan
8762	-75.875	35.708	0.0000	0.0000	0.0000	0.0000	nan
8763	-75.792	35.708	0.0000	0.0000	0.0000	0.0000	nan
8764	-75.708	35.708	0.0000	0.0000	0.0000	0.0000	nan
8765	-75.625	35.708	0.0000	0.0000	0.0000	0.0000	nan
8766	-75.542	35.708	0.0000	0.0000	0.0000	0.0000	nan
8767	-75.458	35.708	0.0000	0.0000	0.0000	0.0000	nan
8768	-75.375	35.708	0.0000	0.0000	0.0000	0.0000	nan
8769	-75.292	35.708	0.0000	0.0000	0.0000	0.0000	nan
8770	-75.208	35.708	0.0000	0.0000	0.0000	0.0000	nan
8771	-75.125	35.708	0.0000	0.0000	0.0000	0.0000	nan
8772	-75.042	35.708	0.0000	0.0000	0.0000	0.0000	nan
8773	-74.958	35.708	0.0000	0.0000	0.0000	0.0000	nan
8774	-74.875	35.708	0.0000	0.0000	0.0000	0.0000	nan
8775	-74.792	35.708	0.0000	0.0000	0.0000	0.0000	nan
8776	-74.708	35.708	0.0000	0.0000	0.0000	0.0000	nan
8777	-74.625	35.708	0.0000	0.0000	0.0000	0.0000	nan
8778	-74.542	35.708	0.0000	0.0000	0.0000	0.0000	nan
8779	-74.458	35.708	0.0000	0.0000	0.0000	0.0000	nan
8780	-74.375	35.708	0.0000	0.0000	0.0000	0.0000	nan
8781	-74.292	35.708	0.0000	0.0000	0.0000	0.0000	nan
8782	-74.208	35.708	0.0000	0.0000	0.0000	0.0000	nan
8783	-74.125	35.708	0.0000	0.0000	0.0000	0.0000	1.0
8784	-74.042	35.708	0.3740	0.4683	-0.1107	-0.0144	1.0
8785	-73.958	35.708	0.3599	0.4603	-0.1937	-0.0821	1.0
8786	-73.875	35.708	0.3323	0.4216	-0.1766	-0.0453	0.0
8787	-73.792	35.708	0.3978	0.2711	0.0223	-0.0060	0.0
8788	-73.708	35.708	0.3706	0.3681	0.1686	0.0154	1.0
8789	-73.625	35.708	0.2491	0.2735	0.1114	0.0027	0.0
8790	-73.542	35.708	0.3386	0.3086	0.1300	-0.0326	1.0
8791	-73.458	35.708	0.2145	0.2410	0.1191	-0.0348	nan
8792	-73.375	35.708	0.0000	0.0000	0.0000	0.0000	nan
8793	-73.292	35.708	0.0000	0.0000	0.0000	0.0000	nan
8794	-73.208	35.708	0.0000	0.0000	0.0000	0.0000	nan
8795	-73.125	35.708	0.0000	0.0000	0.0000	0.0000	nan
8796	-73.042	35.708	0.0000	0.0000	0.0000	0.0000	nan
8797	-72.958	35.708	0.0000	0.0000	0.0000	0.0000	nan
8798	-72.875	35.708	0.0000	0.0000	0.0000	0.0000	nan
8799	-72.792	35.708	0.0000	0.0000	0.0000	0.0000	nan
8800	-72.708	35.708	0.0000	0.0000	0.0000	0.0000	nan
8801	-72.625	35.708	0.0000	0.0000	0.0000	0.0000	nan
8802	-72.542	35.708	0.0000	0.0000	0.0000	0.0000	nan
8803	-72.458	35.708	0.0000	0.0000	0.0000	0.0000	nan
8804	-72.375	35.708	0.0000	0.0000	0.0000	0.0000	nan
8805	-72.292	35.708	0.0000	0.0000	0.0000	0.0000	nan
8806	-72.208	35.708	0.0000	0.0000	0.0000	0.0000	nan
8807	-72.125	35.708	0.0000	0.0000	0.0000	0.0000	nan
8808	-72.042	35.708	0.0000	0.0000	0.0000	0.0000	nan
8809	-71.958	35.708	0.0000	0.0000	0.0000	0.0000	nan
8810	-71.875	35.708	0.0000	0.0000	0.0000	0.0000	nan
8811	-71.792	35.708	0.0000	0.0000	0.0000	0.0000	nan
8812	-71.708	35.708	0.0000	0.0000	0.0000	0.0000	nan
8813	-71.625	35.708	0.0000	0.0000	0.0000	0.0000	nan
8814	-71.542	35.708	0.0000	0.0000	0.0000	0.0000	nan
8815	-71.458	35.708	0.0000	0.0000	0.0000	0.0000	nan
8816	-71.375	35.708	0.0000	0.0000	0.0000	0.0000	nan
8817	-71.292	35.708	0.0000	0.0000	0.0000	0.0000	nan
8818	-71.208	35.708	0.0000	0.0000	0.0000	0.0000	nan
8819	-71.125	35.708	0.0000	0.0000	0.0000	0.0000	nan
8820	-71.042	35.708	0.0000	0.0000	0.0000	0.0000	nan
8821	-77.958	35.792	0.0000	0.0000	0.0000	0.0000	nan
8822	-77.875	35.792	0.0000	0.0000	0.0000	0.0000	nan
8823	-77.792	35.792	0.0000	0.0000	0.0000	0.0000	nan
8824	-77.708	35.792	0.0000	0.0000	0.0000	0.0000	nan
8825	-77.625	35.792	0.0000	0.0000	0.0000	0.0000	nan
8826	-77.542	35.792	0.0000	0.0000	0.0000	0.0000	nan
8827	-77.458	35.792	0.0000	0.0000	0.0000	0.0000	nan
8828	-77.375	35.792	0.0000	0.0000	0.0000	0.0000	nan
8829	-77.292	35.792	0.0000	0.0000	0.0000	0.0000	nan
8830	-77.208	35.792	0.0000	0.0000	0.0000	0.0000	nan
8831	-77.125	35.792	0.0000	0.0000	0.0000	0.0000	nan
8832	-77.042	35.792	0.0000	0.0000	0.0000	0.0000	nan
8833	-76.958	35.792	0.0000	0.0000	0.0000	0.0000	nan
8834	-76.875	35.792	0.0000	0.0000	0.0000	0.0000	nan
8835	-76.792	35.792	0.0000	0.0000	0.0000	0.0000	nan
8836	-76.708	35.792	0.0000	0.0000	0.0000	0.0000	nan
8837	-76.625	35.792	0.0000	0.0000	0.0000	0.0000	nan
8838	-76.542	35.792	0.0000	0.0000	0.0000	0.0000	nan
8839	-76.458	35.792	0.0000	0.0000	0.0000	0.0000	nan
8840	-76.375	35.792	0.0000	0.0000	0.0000	0.0000	nan
8841	-76.292	35.792	0.0000	0.0000	0.0000	0.0000	nan
8842	-76.208	35.792	0.0000	0.0000	0.0000	0.0000	nan
8843	-76.125	35.792	0.0000	0.0000	0.0000	0.0000	nan
8844	-76.042	35.792	0.0000	0.0000	0.0000	0.0000	nan
8845	-75.958	35.792	0.0000	0.0000	0.0000	0.0000	nan
8846	-75.875	35.792	0.0000	0.0000	0.0000	0.0000	nan
8847	-75.792	35.792	0.0000	0.0000	0.0000	0.0000	nan
8848	-75.708	35.792	0.0000	0.0000	0.0000	0.0000	nan
8849	-75.625	35.792	0.0000	0.0000	0.0000	0.0000	nan
8850	-75.542	35.792	0.0000	0.0000	0.0000	0.0000	nan
8851	-75.458	35.792	0.0000	0.0000	0.0000	0.0000	nan
8852	-75.375	35.792	0.0000	0.0000	0.0000	0.0000	nan
8853	-75.292	35.792	0.0000	0.0000	0.0000	0.0000	nan
8854	-75.208	35.792	0.0000	0.0000	0.0000	0.0000	nan
8855	-75.125	35.792	0.0000	0.0000	0.0000	0.0000	nan
8856	-75.042	35.792	0.0000	0.0000	0.0000	0.0000	nan
8857	-74.958	35.792	0.0000	0.0000	0.0000	0.0000	nan
8858	-74.875	35.792	0.0000	0.0000	0.0000	0.0000	nan
8859	-74.792	35.792	0.0000	0.0000	0.0000	0.0000	nan
8860	-74.708	35.792	0.0000	0.0000	0.0000	0.0000	nan
8861	-74.625	35.792	0.0000	0.0000	0.0000	0.0000	nan
8862	-74.542	35.792	0.0000	0.0000	0.0000	0.0000	nan
8863	-74.458	35.792	0.0000	0.0000	0.0000	0.0000	nan
8864	-74.375	35.792	0.0000	0.0000	0.0000	0.0000	nan
8865	-74.292	35.792	0.0000	0.0000	0.0000	0.0000	nan
8866	-74.208	35.792	0.0000	0.0000	0.0000	0.0000	nan
8867	-74.125	35.792	0.0000	0.0000	0.0000	0.0000	nan
8868	-74.042	35.792	0.0000	0.0000	0.0000	0.0000	nan
8869	-73.958	35.792	0.0000	0.0000	0.0000	0.0000	1.0
8870	-73.875	35.792	0.3308	0.4609	-0.1514	-0.0533	nan
8871	-73.792	35.792	0.0000	0.0000	0.0000	0.0000	0.0
8872	-73.708	35.792	0.3665	0.3565	0.1388	0.0408	0.0
8873	-73.625	35.792	0.3616	0.3477	0.1471	0.0216	0.0
8874	-73.542	35.792	0.3582	0.3369	0.1434	0.0010	0.0
8875	-73.458	35.792	0.3671	0.3300	0.1473	-0.0058	0.0
8876	-73.375	35.792	0.2176	0.1673	0.0799	-0.0513	nan
8877	-73.292	35.792	0.0000	0.0000	0.0000	0.0000	nan
8878	-73.208	35.792	0.0000	0.0000	0.0000	0.0000	nan
8879	-73.125	35.792	0.0000	0.0000	0.0000	0.0000	nan
8880	-73.042	35.792	0.0000	0.0000	0.0000	0.0000	nan
8881	-72.958	35.792	0.0000	0.0000	0.0000	0.0000	nan
8882	-72.875	35.792	0.0000	0.0000	0.0000	0.0000	nan
8883	-72.792	35.792	0.0000	0.0000	0.0000	0.0000	nan
8884	-72.708	35.792	0.0000	0.0000	0.0000	0.0000	nan
8885	-72.625	35.792	0.0000	0.0000	0.0000	0.0000	nan
8886	-72.542	35.792	0.0000	0.0000	0.0000	0.0000	nan
8887	-72.458	35.792	0.0000	0.0000	0.0000	0.0000	nan
8888	-72.375	35.792	0.0000	0.0000	0.0000	0.0000	nan
8889	-72.292	35.792	0.0000	0.0000	0.0000	0.0000	nan
8890	-72.208	35.792	0.0000	0.0000	0.0000	0.0000	nan
8891	-72.125	35.792	0.0000	0.0000	0.0000	0.0000	nan
8892	-72.042	35.792	0.0000	0.0000	0.0000	0.0000	nan
8893	-71.958	35.792	0.0000	0.0000	0.0000	0.0000	nan
8894	-71.875	35.792	0.0000	0.0000	0.0000	0.0000	nan
8895	-71.792	35.792	0.0000	0.0000	0.0000	0.0000	nan
8896	-71.708	35.792	0.0000	0.0000	0.0000	0.0000	nan
8897	-71.625	35.792	0.0000	0.0000	0.0000	0.0000	nan
8898	-71.542	35.792	0.0000	0.0000	0.0000	0.0000	nan
8899	-71.458	35.792	0.0000	0.0000	0.0000	0.0000	nan
8900	-71.375	35.792	0.0000	0.0000	0.0000	0.0000	nan
8901	-71.292	35.792	0.0000	0.0000	0.0000	0.0000	nan
8902	-71.208	35.792	0.0000	0.0000	0.0000	0.0000	nan
8903	-71.125	35.792	0.0000	0.0000	0.0000	0.0000	nan
8904	-71.042	35.792	0.0000	0.0000	0.0000	0.0000	nan
8905	-77.958	35.875	0.0000	0.0000	0.0000	0.0000	nan
8906	-77.875	35.875	0.0000	0.0000	0.0000	0.0000	nan
8907	-77.792	35.875	0.0000	0.0000	0.0000	0.0000	nan
8908	-77.708	35.875	0.0000	0.0000	0.0000	0.0000	nan
8909	-77.625	35.875	0.0000	0.0000	0.0000	0.0000	nan
8910	-77.542	35.875	0.0000	0.0000	0.0000	0.0000	nan
8911	-77.458	35.875	0.0000	0.0000	0.0000	0.0000	nan
8912	-77.375	35.875	0.0000	0.0000	0.0000	0.0000	nan
8913	-77.292	35.875	0.0000	0.0000	0.0000	0.0000	nan
8914	-77.208	35.875	0.0000	0.0000	0.0000	0.0000	nan
8915	-77.125	35.875	0.0000	0.0000	0.0000	0.0000	nan
8916	-77.042	35.875	0.0000	0.0000	0.0000	0.0000	nan
8917	-76.958	35.875	0.0000	0.0000	0.0000	0.0000	nan
8918	-76.875	35.875	0.0000	0.0000	0.0000	0.0000	nan
8919	-76.792	35.875	0.0000	0.0000	0.0000	0.0000	nan
8920	-76.708	35.875	0.0000	0.0000	0.0000	0.0000	nan
8921	-76.625	35.875	0.0000	0.0000	0.0000	0.0000	nan
8922	-76.542	35.875	0.0000	0.0000	0.0000	0.0000	nan
8923	-76.458	35.875	0.0000	0.0000	0.0000	0.0000	nan
8924	-76.375	35.875	0.0000	0.0000	0.0000	0.0000	nan
8925	-76.292	35.875	0.0000	0.0000	0.0000	0.0000	nan
8926	-76.208	35.875	0.0000	0.0000	0.0000	0.0000	nan
8927	-76.125	35.875	0.0000	0.0000	0.0000	0.0000	nan
8928	-76.042	35.875	0.0000	0.0000	0.0000	0.0000	nan
8929	-75.958	35.875	0.0000	0.0000	0.0000	0.0000	nan
8930	-75.875	35.875	0.0000	0.0000	0.0000	0.0000	nan
8931	-75.792	35.875	0.0000	0.0000	0.0000	0.0000	nan
8932	-75.708	35.875	0.0000	0.0000	0.0000	0.0000	nan
8933	-75.625	35.875	0.0000	0.0000	0.0000	0.0000	nan
8934	-75.542	35.875	0.0000	0.0000	0.0000	0.0000	nan
8935	-75.458	35.875	0.0000	0.0000	0.0000	0.0000	nan
8936	-75.375	35.875	0.0000	0.0000	0.0000	0.0000	nan
8937	-75.292	35.875	0.0000	0.0000	0.0000	0.0000	nan
8938	-75.208	35.875	0.0000	0.0000	0.0000	0.0000	nan
8939	-75.125	35.875	0.0000	0.0000	0.0000	0.0000	nan
8940	-75.042	35.875	0.0000	0.0000	0.0000	0.0000	nan
8941	-74.958	35.875	0.0000	0.0000	0.0000	0.0000	nan
8942	-74.875	35.875	0.0000	0.0000	0.0000	0.0000	nan
8943	-74.792	35.875	0.0000	0.0000	0.0000	0.0000	nan
8944	-74.708	35.875	0.0000	0.0000	0.0000	0.0000	nan
8945	-74.625	35.875	0.0000	0.0000	0.0000	0.0000	nan
8946	-74.542	35.875	0.0000	0.0000	0.0000	0.0000	nan
8947	-74.458	35.875	0.0000	0.0000	0.0000	0.0000	nan
8948	-74.375	35.875	0.0000	0.0000	0.0000	0.0000	nan
8949	-74.292	35.875	0.0000	0.0000	0.0000	0.0000	nan
8950	-74.208	35.875	0.0000	0.0000	0.0000	0.0000	nan
8951	-74.125	35.875	0.0000	0.0000	0.0000	0.0000	nan
8952	-74.042	35.875	0.0000	0.0000	0.0000	0.0000	nan
8953	-73.958	35.875	0.0000	0.0000	0.0000	0.0000	nan
8954	-73.875	35.875	0.0000	0.0000	0.0000	0.0000	nan
8955	-73.792	35.875	0.0000	0.0000	0.0000	0.0000	1.0
8956	-73.708	35.875	0.3133	0.4365	-0.0641	-0.0453	1.0
8957	-73.625	35.875	0.3309	0.4317	-0.0233	-0.0354	0.0
8958	-73.542	35.875	0.3628	0.3477	0.1473	0.0206	0.0
8959	-73.458	35.875	0.3606	0.3358	0.1448	-0.0009	0.0
8960	-73.375	35.875	0.3670	0.3301	0.1473	-0.0058	0.0
8961	-73.292	35.875	0.2658	0.1764	0.0563	-0.0189	0.0
8962	-73.208	35.875	0.2176	0.1673	0.0799	-0.0513	nan
8963	-73.125	35.875	0.0000	0.0000	0.0000	0.0000	nan
8964	-73.042	35.875	0.0000	0.0000	0.0000	0.0000	nan
8965	-72.958	35.875	0.0000	0.0000	0.0000	0.0000	nan
8966	-72.875	35.875	0.0000	0.0000	0.0000	0.0000	nan
8967	-72.792	35.875	0.0000	0.0000	0.0000	0.0000	nan
8968	-72.708	35.875	0.0000	0.0000	0.0000	0.0000	nan
8969	-72.625	35.875	0.0000	0.0000	0.0000	0.0000	nan
8970	-72.542	35.875	0.0000	0.0000	0.0000	0.0000	nan
8971	-72.458	35.875	0.0000	0.0000	0.0000	0.0000	nan
8972	-72.375	35.875	0.0000	0.0000	0.0000	0.0000	nan
8973	-72.292	35.875	0.0000	0.0000	0.0000	0.0000	nan
8974	-72.208	35.875	0.0000	0.0000	0.0000	0.0000	nan
8975	-72.125	35.875	0.0000	0.0000	0.0000	0.0000	nan
8976	-72.042	35.875	0.0000	0.0000	0.0000	0.0000	nan
8977	-71.958	35.875	0.0000	0.0000	0.0000	0.0000	nan
8978	-71.875	35.875	0.0000	0.0000	0.0000	0.0000	nan
8979	-71.792	35.875	0.0000	0.0000	0.0000	0.0000	nan
8980	-71.708	35.875	0.0000	0.0000	0.0000	0.0000	nan
8981	-71.625	35.875	0.0000	0.0000	0.0000	0.0000	nan
8982	-71.542	35.875	0.0000	0.0000	0.0000	0.0000	nan
8983	-71.458	35.875	0.0000	0.0000	0.0000	0.0000	nan
8984	-71.375	35.875	0.0000	0.0000	0.0000	0.0000	nan
8985	-71.292	35.875	0.0000	0.0000	0.0000	0.0000	nan
8986	-71.208	35.875	0.0000	0.0000	0.0000	0.0000	nan
8987	-71.125	35.875	0.0000	0.0000	0.0000	0.0000	nan
8988	-71.042	35.875	0.0000	0.0000	0.0000	0.0000	nan
8989	-77.958	35.958	0.0000	0.0000	0.0000	0.0000	nan
8990	-77.875	35.958	0.0000	0.0000	0.0000	0.0000	nan
8991	-77.792	35.958	0.0000	0.0000	0.0000	0.0000	nan
8992	-77.708	35.958	0.0000	0.0000	0.0000	0.0000	nan
8993	-77.625	35.958	0.0000	0.0000	0.0000	0.0000	nan
8994	-77.542	35.958	0.0000	0.0000	0.0000	0.0000	nan
8995	-77.458	35.958	0.0000	0.0000	0.0000	0.0000	nan
8996	-77.375	35.958	0.0000	0.0000	0.0000	0.0000	nan
8997	-77.292	35.958	0.0000	0.0000	0.0000	0.0000	nan
8998	-77.208	35.958	0.0000	0.0000	0.0000	0.0000	nan
8999	-77.125	35.958	0.0000	0.0000	0.0000	0.0000	nan
9000	-77.042	35.958	0.0000	0.0000	0.0000	0.0000	nan
9001	-76.958	35.958	0.0000	0.0000	0.0000	0.0000	nan
9002	-76.875	35.958	0.0000	0.0000	0.0000	0.0000	nan
9003	-76.792	35.958	0.0000	0.0000	0.0000	0.0000	nan
9004	-76.708	35.958	0.0000	0.0000	0.0000	0.0000	nan
9005	-76.625	35.958	0.0000	0.0000	0.0000	0.0000	nan
9006	-76.542	35.958	0.0000	0.0000	0.0000	0.0000	nan
9007	-76.458	35.958	0.0000	0.0000	0.0000	0.0000	nan
9008	-76.375	35.958	0.0000	0.0000	0.0000	0.0000	nan
9009	-76.292	35.958	0.0000	0.0000	0.0000	0.0000	nan
9010	-76.208	35.958	0.0000	0.0000	0.0000	0.0000	nan
9011	-76.125	35.958	0.0000	0.0000	0.0000	0.0000	nan
9012	-76.042	35.958	0.0000	0.0000	0.0000	0.0000	nan
9013	-75.958	35.958	0.0000	0.0000	0.0000	0.0000	nan
9014	-75.875	35.958	0.0000	0.0000	0.0000	0.0000	nan
9015	-75.792	35.958	0.0000	0.0000	0.0000	0.0000	nan
9016	-75.708	35.958	0.0000	0.0000	0.0000	0.0000	nan
9017	-75.625	35.958	0.0000	0.0000	0.0000	0.0000	nan
9018	-75.542	35.958	0.0000	0.0000	0.0000	0.0000	nan
9019	-75.458	35.958	0.0000	0.0000	0.0000	0.0000	nan
9020	-75.375	35.958	0.0000	0.0000	0.0000	0.0000	nan
9021	-75.292	35.958	0.0000	0.0000	0.0000	0.0000	nan
9022	-75.208	35.958	0.0000	0.0000	0.0000	0.0000	nan
9023	-75.125	35.958	0.0000	0.0000	0.0000	0.0000	nan
9024	-75.042	35.958	0.0000	0.0000	0.0000	0.0000	nan
9025	-74.958	35.958	0.0000	0.0000	0.0000	0.0000	nan
9026	-74.875	35.958	0.0000	0.0000	0.0000	0.0000	nan
9027	-74.792	35.958	0.0000	0.0000	0.0000	0.0000	nan
9028	-74.708	35.958	0.0000	0.0000	0.0000	0.0000	nan
9029	-74.625	35.958	0.0000	0.0000	0.0000	0.0000	nan
9030	-74.542	35.958	0.0000	0.0000	0.0000	0.0000	nan
9031	-74.458	35.958	0.0000	0.0000	0.0000	0.0000	nan
9032	-74.375	35.958	0.0000	0.0000	0.0000	0.0000	nan
9033	-74.292	35.958	0.0000	0.0000	0.0000	0.0000	nan
9034	-74.208	35.958	0.0000	0.0000	0.0000	0.0000	nan
9035	-74.125	35.958	0.0000	0.0000	0.0000	0.0000	nan
9036	-74.042	35.958	0.0000	0.0000	0.0000	0.0000	nan
9037	-73.958	35.958	0.0000	0.0000	0.0000	0.0000	nan
9038	-73.875	35.958	0.0000	0.0000	0.0000	0.0000	nan
9039	-73.792	35.958	0.0000	0.0000	0.0000	0.0000	nan
9040	-73.708	35.958	0.0000	0.0000	0.0000	0.0000	1.0
9041	-73.625	35.958	0.2852	0.5197	-0.0391	-0.0440	0.0
9042	-73.542	35.958	0.3421	0.3354	0.0353	0.0092	0.0
9043	-73.458	35.958	0.3616	0.3484	0.1397	0.0333	0.0
9044	-73.375	35.958	0.3635	0.3491	0.1470	0.0242	0.0
9045	-73.292	35.958	0.3693	0.3277	0.1486	-0.0079	0.0
9046	-73.208	35.958	0.3691	0.3097	0.1753	-0.0265	0.0
9047	-73.125	35.958	0.2646	0.2314	0.0865	-0.0082	0.0
9048	-73.042	35.958	0.2176	0.1668	0.0799	-0.0513	nan
9049	-72.958	35.958	0.0000	0.0000	0.0000	0.0000	nan
9050	-72.875	35.958	0.0000	0.0000	0.0000	0.0000	nan
9051	-72.792	35.958	0.0000	0.0000	0.0000	0.0000	nan
9052	-72.708	35.958	0.0000	0.0000	0.0000	0.0000	nan
9053	-72.625	35.958	0.0000	0.0000	0.0000	0.0000	nan
9054	-72.542	35.958	0.0000	0.0000	0.0000	0.0000	nan
9055	-72.458	35.958	0.0000	0.0000	0.0000	0.0000	nan
9056	-72.375	35.958	0.0000	0.0000	0.0000	0.0000	nan
9057	-72.292	35.958	0.0000	0.0000	0.0000	0.0000	nan
9058	-72.208	35.958	0.0000	0.0000	0.0000	0.0000	nan
9059	-72.125	35.958	0.0000	0.0000	0.0000	0.0000	nan
9060	-72.042	35.958	0.0000	0.0000	0.0000	0.0000	nan
9061	-71.958	35.958	0.0000	0.0000	0.0000	0.0000	nan
9062	-71.875	35.958	0.0000	0.0000	0.0000	0.0000	nan
9063	-71.792	35.958	0.0000	0.0000	0.0000	0.0000	nan
9064	-71.708	35.958	0.0000	0.0000	0.0000	0.0000	nan
9065	-71.625	35.958	0.0000	0.0000	0.0000	0.0000	nan
9066	-71.542	35.958	0.0000	0.0000	0.0000	0.0000	nan
9067	-71.458	35.958	0.0000	0.0000	0.0000	0.0000	nan
9068	-71.375	35.958	0.0000	0.0000	0.0000	0.0000	nan
9069	-71.292	35.958	0.0000	0.0000	0.0000	0.0000	nan
9070	-71.208	35.958	0.0000	0.0000	0.0000	0.0000	nan
9071	-71.125	35.958	0.0000	0.0000	0.0000	0.0000	nan
9072	-71.042	35.958	0.0000	0.0000	0.0000	0.0000	nan
